iso_code,continent,location,date,total_cases,new_cases,new_cases_smoothed,total_deaths,new_deaths,new_deaths_smoothed,total_cases_per_million,new_cases_per_million,new_cases_smoothed_per_million,total_deaths_per_million,new_deaths_per_million,new_deaths_smoothed_per_million,reproduction_rate,icu_patients,icu_patients_per_million,hosp_patients,hosp_patients_per_million,weekly_icu_admissions,weekly_icu_admissions_per_million,weekly_hosp_admissions,weekly_hosp_admissions_per_million,new_tests,total_tests,total_tests_per_thousand,new_tests_per_thousand,new_tests_smoothed,new_tests_smoothed_per_thousand,positive_rate,tests_per_case,tests_units,total_vaccinations,people_vaccinated,people_fully_vaccinated,total_boosters,new_vaccinations,new_vaccinations_smoothed,total_vaccinations_per_hundred,people_vaccinated_per_hundred,people_fully_vaccinated_per_hundred,total_boosters_per_hundred,new_vaccinations_smoothed_per_million,new_people_vaccinated_smoothed,new_people_vaccinated_smoothed_per_hundred,stringency_index,population,population_density,median_age,aged_65_older,aged_70_older,gdp_per_capita,extreme_poverty,cardiovasc_death_rate,diabetes_prevalence,female_smokers,male_smokers,handwashing_facilities,hospital_beds_per_thousand,life_expectancy,human_development_index,excess_mortality_cumulative_absolute,excess_mortality_cumulative,excess_mortality,excess_mortality_cumulative_per_million
AFG,Asia,Afghanistan,2022-03-01,173879.0,220.0,166.143,7609.0,11.0,5.714,4364.934,5.523,4.171,191.011,0.276,0.143,0.84,,,,,,,,,,,,,,,,,,,,,,,,,,,,,,,,39835428.0,54.422,18.6,2.581,1.337,1803.987,,597.029,9.59,,,37.746,0.5,64.83,0.511,,,,
AFG,Asia,Afghanistan,2022-03-02,174073.0,194.0,167.429,7617.0,8.0,6.143,4369.804,4.87,4.203,191.212,0.201,0.154,0.84,,,,,,,,,,,,,,,,,,,,,,,,,,,,,,,,39835428.0,54.422,18.6,2.581,1.337,1803.987,,597.029,9.59,,,37.746,0.5,64.83,0.511,,,,
AFG,Asia,Afghanistan,2022-03-03,174214.0,141.0,166.714,7619.0,2.0,5.857,4373.343,3.54,4.185,191.262,0.05,0.147,,,,,,,,,,,,,,,,,,,,,,,,,,,,,,,,,39835428.0,54.422,18.6,2.581,1.337,1803.987,,597.029,9.59,,,37.746,0.5,64.83,0.511,,,,
AFG,Asia,Afghanistan,2022-03-04,174214.0,0.0,161.429,7619.0,0.0,5.714,4373.343,0.0,4.052,191.262,0.0,0.143,,,,,,,,,,,,,,,,,,,,,,,,,,,,,,,,,39835428.0,54.422,18.6,2.581,1.337,1803.987,,597.029,9.59,,,37.746,0.5,64.83,0.511,,,,
AFG,Asia,Afghanistan,2022-03-05,174331.0,117.0,169.286,7622.0,3.0,5.286,4376.28,2.937,4.25,191.337,0.075,0.133,,,,,,,,,,,,,,,,,,,,,,,,,,,,,,,,,39835428.0,54.422,18.6,2.581,1.337,1803.987,,597.029,9.59,,,37.746,0.5,64.83,0.511,,,,
OWID_AFR,,Africa,2022-03-01,11241607.0,5203.0,7731.714,248781.0,76.0,193.571,8184.723,3.788,5.629,181.131,0.055,0.141,,,,,,,,,,,,,,,,,,,409200735.0,254605391.0,168068070.0,12139981.0,2422584.0,1853757.0,29.79,18.54,12.24,0.88,1350.0,1039523.0,0.076,,1373486472.0,,,,,,,,,,,,,,,,,,
OWID_AFR,,Africa,2022-03-02,11248343.0,6736.0,7172.0,248905.0,124.0,173.429,8189.628,4.904,5.222,181.221,0.09,0.126,,,,,,,,,,,,,,,,,,,409271954.0,254631510.0,168105131.0,12148020.0,2396631.0,1851400.0,29.8,18.54,12.24,0.88,1348.0,1036719.0,0.075,,1373486472.0,,,,,,,,,,,,,,,,,,
OWID_AFR,,Africa,2022-03-03,11258441.0,10098.0,7260.714,249032.0,127.0,166.286,8196.98,7.352,5.286,181.314,0.092,0.121,,,,,,,,,,,,,,,,,,,409371219.0,254638149.0,168147693.0,12151238.0,2396166.0,1855141.0,29.81,18.54,12.24,0.88,1351.0,1036378.0,0.075,,1373486472.0,,,,,,,,,,,,,,,,,,
OWID_AFR,,Africa,2022-03-04,11261308.0,6851.0,6857.143,249106.0,74.0,145.571,8199.067,4.988,4.993,181.368,0.054,0.106,,,,,,,,,,,,,,,,,,,409380727.0,254640120.0,168149820.0,13023688.0,2395301.0,1857103.0,29.81,18.54,12.24,0.95,1352.0,1036146.0,0.075,,1373486472.0,,,,,,,,,,,,,,,,,,
OWID_AFR,,Africa,2022-03-05,11268386.0,7078.0,6926.286,249206.0,100.0,137.286,8204.221,5.153,5.043,181.44,0.073,0.1,,,,,,,,,,,,,,,,,,,409436445.0,254640120.0,168179398.0,13023688.0,2395301.0,1859365.0,29.81,18.54,12.24,0.95,1354.0,1036146.0,0.075,,1373486472.0,,,,,,,,,,,,,,,,,,
ALB,Europe,Albania,2022-03-01,271702.0,139.0,178.143,3472.0,3.0,3.0,94573.004,48.383,62.007,1208.521,1.044,1.044,0.54,,,,,,,,,,,,,265.0,0.092,0.6722,1.5,tests performed,2708574.0,1270745.0,1198759.0,239070.0,,2779.0,94.28,44.23,41.73,8.32,967.0,533.0,0.019,46.3,2872934.0,104.871,38.0,13.188,8.643,11803.431,1.1,304.195,10.08,7.1,51.2,,2.89,78.57,0.795,,,,
ALB,Europe,Albania,2022-03-02,271825.0,123.0,155.857,3474.0,2.0,3.0,94615.818,42.813,54.25,1209.217,0.696,1.044,0.53,,,,,,,,,,,,,277.0,0.096,0.5627,1.8,tests performed,,,,,,,,,,,,,,46.3,2872934.0,104.871,38.0,13.188,8.643,11803.431,1.1,304.195,10.08,7.1,51.2,,2.89,78.57,0.795,,,,
ALB,Europe,Albania,2022-03-03,271825.0,0.0,125.429,3474.0,0.0,2.429,94615.818,0.0,43.659,1209.217,0.0,0.845,,,,,,,,,,1289.0,1590013.0,553.446,0.449,288.0,0.1,,,tests performed,,,,,,,,,,,,,,35.19,2872934.0,104.871,38.0,13.188,8.643,11803.431,1.1,304.195,10.08,7.1,51.2,,2.89,78.57,0.795,,,,
ALB,Europe,Albania,2022-03-04,272030.0,205.0,127.0,3478.0,4.0,2.857,94687.173,71.356,44.206,1210.609,1.392,0.995,,,,,,,,,,,,,,,,,,,,,,,,,,,,,,,,35.19,2872934.0,104.871,38.0,13.188,8.643,11803.431,1.1,304.195,10.08,7.1,51.2,,2.89,78.57,0.795,,,,
ALB,Europe,Albania,2022-03-05,272030.0,,,3478.0,0.0,2.857,94687.173,,,1210.609,0.0,0.995,,,,,,,,,,,,,,,,,,,,,,,,,,,,,,,,35.19,2872934.0,104.871,38.0,13.188,8.643,11803.431,1.1,304.195,10.08,7.1,51.2,,2.89,78.57,0.795,,,,
DZA,Africa,Algeria,2022-03-01,265010.0,74.0,92.143,6840.0,5.0,4.0,5939.714,1.659,2.065,153.306,0.112,0.09,0.35,13.0,0.291,,,,,,,,,,,,,,,,,,,,,,,,,,,,,,44616626.0,17.348,29.1,6.211,3.857,13913.839,0.5,278.364,6.73,0.7,30.4,83.741,1.9,76.88,0.748,,,,
DZA,Africa,Algeria,2022-03-02,265079.0,69.0,84.429,6843.0,3.0,3.857,5941.261,1.547,1.892,153.373,0.067,0.086,0.34,13.0,0.291,,,,,,,,,,,,,,,,,,,,,,,,,,,,,,44616626.0,17.348,29.1,6.211,3.857,13913.839,0.5,278.364,6.73,0.7,30.4,83.741,1.9,76.88,0.748,,,,
DZA,Africa,Algeria,2022-03-03,265130.0,51.0,75.286,6848.0,5.0,4.0,5942.404,1.143,1.687,153.485,0.112,0.09,,15.0,0.336,,,,,,,,,,,,,,,,,,,,,,,,,,,,,,44616626.0,17.348,29.1,6.211,3.857,13913.839,0.5,278.364,6.73,0.7,30.4,83.741,1.9,76.88,0.748,,,,
DZA,Africa,Algeria,2022-03-04,265186.0,56.0,68.571,6852.0,4.0,4.143,5943.659,1.255,1.537,153.575,0.09,0.093,,11.0,0.247,,,,,,,,,,,,,,,,,,,436274.0,,,,,,0.98,,,,,44616626.0,17.348,29.1,6.211,3.857,13913.839,0.5,278.364,6.73,0.7,30.4,83.741,1.9,76.88,0.748,,,,
DZA,Africa,Algeria,2022-03-05,265227.0,41.0,64.143,6853.0,1.0,3.571,5944.578,0.919,1.438,153.597,0.022,0.08,,,,,,,,,,,,,,,,,,,,,,,,,,,,,,,,,44616626.0,17.348,29.1,6.211,3.857,13913.839,0.5,278.364,6.73,0.7,30.4,83.741,1.9,76.88,0.748,,,,
AND,Europe,Andorra,2022-03-01,38165.0,166.0,49.286,151.0,0.0,0.0,493381.079,2145.978,637.145,1952.065,0.0,0.0,0.81,,,,,,,,,,,,,,,,,,,,,,,,,,,,,,,,77354.0,163.755,,,,,,109.135,7.97,29.0,37.8,,,83.73,0.868,,,,
AND,Europe,Andorra,2022-03-02,38249.0,84.0,49.714,151.0,0.0,0.0,494466.996,1085.917,642.685,1952.065,0.0,0.0,0.81,,,,,,,,,,,,,,,,,,,,,,,,,,,,,,,,77354.0,163.755,,,,,,109.135,7.97,29.0,37.8,,,83.73,0.868,,,,
AND,Europe,Andorra,2022-03-03,38342.0,93.0,54.857,151.0,0.0,0.0,495669.261,1202.265,709.17,1952.065,0.0,0.0,,,,,,,,,,,,,,,,,,,,,,,,,,,,,,,,,77354.0,163.755,,,,,,109.135,7.97,29.0,37.8,,,83.73,0.868,,,,
AND,Europe,Andorra,2022-03-04,38434.0,92.0,62.143,151.0,0.0,0.0,496858.598,1189.337,803.357,1952.065,0.0,0.0,,,,,,,,,,,,,,,,,,,,,,,,,,,,,,,,,77354.0,163.755,,,,,,109.135,7.97,29.0,37.8,,,83.73,0.868,,,,
AND,Europe,Andorra,2022-03-05,38434.0,0.0,62.143,151.0,0.0,0.0,496858.598,0.0,803.357,1952.065,0.0,0.0,,,,,,,,,,,,,,,,,,,,,,,,,,,,,,,,,77354.0,163.755,,,,,,109.135,7.97,29.0,37.8,,,83.73,0.868,,,,
AGO,Africa,Angola,2022-03-01,98746.0,5.0,10.714,1900.0,0.0,0.143,2909.976,0.147,0.316,55.992,0.0,0.004,0.5,,,,,,,,,,,,,1858.0,0.055,0.0058,173.4,tests performed,,,,,,,,,,,,,,,33933611.0,23.89,16.8,2.405,1.362,5819.495,,276.045,3.94,,,26.664,,61.15,0.581,,,,
AGO,Africa,Angola,2022-03-02,98746.0,0.0,6.857,1900.0,0.0,0.143,2909.976,0.0,0.202,55.992,0.0,0.004,0.47,,,,,,,,,,1429452.0,42.125,,1810.0,0.053,0.0038,264.0,tests performed,,,,,,,,,,,,,,,33933611.0,23.89,16.8,2.405,1.362,5819.495,,276.045,3.94,,,26.664,,61.15,0.581,,,,
AGO,Africa,Angola,2022-03-03,98746.0,0.0,6.429,1900.0,0.0,0.143,2909.976,0.0,0.189,55.992,0.0,0.004,,,,,,,,,,,,,,1610.0,0.047,0.004,250.4,tests performed,,,,,,,,,,,,,,,33933611.0,23.89,16.8,2.405,1.362,5819.495,,276.045,3.94,,,26.664,,61.15,0.581,,,,
AGO,Africa,Angola,2022-03-04,98796.0,50.0,13.571,1900.0,0.0,0.143,2911.45,1.473,0.4,55.992,0.0,0.004,,,,,,,,,,,1431471.0,42.184,,1410.0,0.042,,,tests performed,,,,227810.0,,,,,,0.67,,,,,33933611.0,23.89,16.8,2.405,1.362,5819.495,,276.045,3.94,,,26.664,,61.15,0.581,,,,
AGO,Africa,Angola,2022-03-05,98796.0,0.0,13.571,1900.0,0.0,0.143,2911.45,0.0,0.4,55.992,0.0,0.004,,,,,,,,,,,,,,,,,,,,,,,,,,,,,,,,,33933611.0,23.89,16.8,2.405,1.362,5819.495,,276.045,3.94,,,26.664,,61.15,0.581,,,,
AIA,North America,Anguilla,2022-03-01,2555.0,0.0,7.0,9.0,0.0,0.0,168925.62,0.0,462.81,595.041,0.0,0.0,,,,,,,,,,,,,,,,,,,,,,,,35.0,,,,,2314.0,16.0,0.106,,15125.0,,,,,,,,,,,,,81.88,,,,,
AIA,North America,Anguilla,2022-03-02,2555.0,0.0,3.857,9.0,0.0,0.0,168925.62,0.0,255.018,595.041,0.0,0.0,,,,,,,,,,,,,,,,,,,22377.0,10439.0,9549.0,2389.0,,37.0,147.95,69.02,63.13,15.8,2446.0,16.0,0.106,,15125.0,,,,,,,,,,,,,81.88,,,,,
AIA,North America,Anguilla,2022-03-03,2555.0,0.0,3.857,9.0,0.0,0.0,168925.62,0.0,255.018,595.041,0.0,0.0,,,,,,,,,,,,,,,,,,,,,,,,,,,,,,,,,15125.0,,,,,,,,,,,,,81.88,,,,,
AIA,North America,Anguilla,2022-03-04,2555.0,0.0,3.857,9.0,0.0,0.0,168925.62,0.0,255.018,595.041,0.0,0.0,,,,,,,,,,,,,,,,,,,,,,,,,,,,,,,,,15125.0,,,,,,,,,,,,,81.88,,,,,
AIA,North America,Anguilla,2022-03-05,2555.0,0.0,3.857,9.0,0.0,0.0,168925.62,0.0,255.018,595.041,0.0,0.0,,,,,,,,,,,,,,,,,,,,,,,,,,,,,,,,,15125.0,,,,,,,,,,,,,81.88,,,,,
ATG,North America,Antigua and Barbuda,2022-03-01,7447.0,10.0,5.571,135.0,0.0,0.0,75429.463,101.288,56.432,1367.393,0.0,0.0,0.4,,,,,,,,,,,,,,,,,,125031.0,63704.0,61327.0,,305.0,65.0,126.64,64.52,62.12,,658.0,24.0,0.024,,98728.0,231.845,32.1,6.933,4.631,21490.943,,191.511,13.17,,,,3.8,77.02,0.778,,,,
ATG,North America,Antigua and Barbuda,2022-03-02,7449.0,2.0,2.857,135.0,0.0,0.0,75449.72,20.258,28.94,1367.393,0.0,0.0,0.4,,,,,,,,,,,,,,,,,,,,,,,,,,,,,,,,98728.0,231.845,32.1,6.933,4.631,21490.943,,191.511,13.17,,,,3.8,77.02,0.778,,,,
ATG,North America,Antigua and Barbuda,2022-03-03,7449.0,0.0,2.0,135.0,0.0,0.0,75449.72,0.0,20.258,1367.393,0.0,0.0,,,,,,,,,,,,,,,,,,,,,,,,,,,,,,,,,98728.0,231.845,32.1,6.933,4.631,21490.943,,191.511,13.17,,,,3.8,77.02,0.778,,,,
ATG,North America,Antigua and Barbuda,2022-03-04,7449.0,0.0,1.714,135.0,0.0,0.0,75449.72,0.0,17.364,1367.393,0.0,0.0,,,,,,,,,,,,,,,,,,,,,,,,,,,,,,,,,98728.0,231.845,32.1,6.933,4.631,21490.943,,191.511,13.17,,,,3.8,77.02,0.778,,,,
ATG,North America,Antigua and Barbuda,2022-03-05,7455.0,6.0,2.571,135.0,0.0,0.0,75510.493,60.773,26.046,1367.393,0.0,0.0,,,,,,,,,,,,,,,,,,,,,,,,,,,,,,,,,98728.0,231.845,32.1,6.933,4.631,21490.943,,191.511,13.17,,,,3.8,77.02,0.778,,,,
ARG,South America,Argentina,2022-03-01,8904176.0,3520.0,6936.0,126257.0,105.0,91.286,195242.086,77.183,152.086,2768.44,2.302,2.002,0.48,1136.0,24.909,,,,,,,18375.0,34283256.0,751.73,0.403,27305.0,0.599,0.088,11.4,tests performed,93602093.0,40351377.0,36093384.0,16866131.0,53186.0,150101.0,205.24,88.48,79.14,36.98,3291.0,17549.0,0.038,,45605823.0,16.177,31.9,11.198,7.441,18933.907,0.6,191.032,5.5,16.2,27.7,,5.0,76.67,0.845,,,,
ARG,South America,Argentina,2022-03-02,8912317.0,8141.0,6304.143,126390.0,133.0,87.857,195420.594,178.508,138.231,2771.357,2.916,1.926,0.48,1101.0,24.142,,,,,,,33614.0,34316870.0,752.467,0.737,26267.0,0.576,0.083,12.0,tests performed,93795139.0,40373323.0,36139229.0,16990124.0,193046.0,143820.0,205.66,88.53,79.24,37.25,3154.0,16500.0,0.036,,45605823.0,16.177,31.9,11.198,7.441,18933.907,0.6,191.032,5.5,16.2,27.7,,5.0,76.67,0.845,,,,
ARG,South America,Argentina,2022-03-03,8921536.0,9219.0,6150.0,126531.0,141.0,94.143,195622.739,202.145,134.851,2774.448,3.092,2.064,,1076.0,23.593,,,,,,,,,,,,,,,,93937499.0,40388341.0,36172802.0,17083046.0,142360.0,132774.0,205.98,88.56,79.32,37.46,2911.0,14923.0,0.033,,45605823.0,16.177,31.9,11.198,7.441,18933.907,0.6,191.032,5.5,16.2,27.7,,5.0,76.67,0.845,,,,
ARG,South America,Argentina,2022-03-04,8929898.0,8362.0,5989.286,126624.0,93.0,95.143,195806.093,183.354,131.327,2776.488,2.039,2.086,,,,,,,,,,,,,,,,,,,94081179.0,40403441.0,36206509.0,17176920.0,143680.0,127913.0,206.29,88.59,79.39,37.66,2805.0,13890.0,0.03,,45605823.0,16.177,31.9,11.198,7.441,18933.907,0.6,191.032,5.5,16.2,27.7,,5.0,76.67,0.845,,,,
ARG,South America,Argentina,2022-03-05,8934328.0,4430.0,5822.857,126708.0,84.0,94.286,195903.229,97.137,127.678,2778.329,1.842,2.067,,,,,,,,,,,,,,,,,,,,,,,,,,,,,,,,,45605823.0,16.177,31.9,11.198,7.441,18933.907,0.6,191.032,5.5,16.2,27.7,,5.0,76.67,0.845,,,,
ARM,Asia,Armenia,2022-03-01,420156.0,324.0,520.857,8478.0,17.0,17.714,141555.89,109.16,175.483,2856.346,5.728,5.968,0.42,,,,,,,,,4020.0,2903775.0,978.319,1.354,3924.0,1.322,0.111,9.0,tests performed,,,,,,,,,,,,,,,2968128.0,102.931,35.7,11.232,7.571,8787.58,1.8,341.01,7.11,1.5,52.1,94.043,4.2,75.09,0.776,,,,
ARM,Asia,Armenia,2022-03-02,420498.0,342.0,434.571,8493.0,15.0,16.429,141671.114,115.224,146.413,2861.4,5.054,5.535,0.39,,,,,,,,,3382.0,2907157.0,979.458,1.139,3769.0,1.27,0.096,10.4,tests performed,,,,,,,,,,,,,,,2968128.0,102.931,35.7,11.232,7.571,8787.58,1.8,341.01,7.11,1.5,52.1,94.043,4.2,75.09,0.776,,,,
ARM,Asia,Armenia,2022-03-03,420757.0,259.0,362.429,8505.0,12.0,16.143,141758.374,87.26,122.107,2865.442,4.043,5.439,,,,,,,,,,3847.0,2911004.0,980.754,1.296,3655.0,1.231,0.087,11.5,tests performed,,,,,,,,,,,,,,,2968128.0,102.931,35.7,11.232,7.571,8787.58,1.8,341.01,7.11,1.5,52.1,94.043,4.2,75.09,0.776,,,,
ARM,Asia,Armenia,2022-03-04,421008.0,251.0,316.571,8516.0,11.0,14.714,141842.939,84.565,106.657,2869.149,3.706,4.957,,,,,,,,,,,,,,,,,,,,,,,,,,,,,,,,,2968128.0,102.931,35.7,11.232,7.571,8787.58,1.8,341.01,7.11,1.5,52.1,94.043,4.2,75.09,0.776,,,,
ARM,Asia,Armenia,2022-03-05,421226.0,218.0,257.571,8528.0,12.0,13.571,141916.386,73.447,86.779,2873.191,4.043,4.572,,,,,,,,,,,,,,,,,,,,,,,,,,,,,,,,,2968128.0,102.931,35.7,11.232,7.571,8787.58,1.8,341.01,7.11,1.5,52.1,94.043,4.2,75.09,0.776,,,,
ABW,North America,Aruba,2022-03-01,33684.0,0.0,7.571,211.0,0.0,0.0,314231.074,0.0,70.632,1968.375,0.0,0.0,,,,,,,,,,,,,,,,,,,167903.0,87419.0,80484.0,,,32.0,156.63,81.55,75.08,,299.0,15.0,0.014,,107195.0,584.8,41.2,13.085,7.452,35973.781,,,11.62,,,,,76.29,,,,,
ABW,North America,Aruba,2022-03-02,33684.0,0.0,5.857,211.0,0.0,0.0,314231.074,0.0,54.64,1968.375,0.0,0.0,,,,,,,,,,,,,,,,,,,167957.0,87447.0,80510.0,,54.0,34.0,156.68,81.58,75.11,,317.0,17.0,0.016,,107195.0,584.8,41.2,13.085,7.452,35973.781,,,11.62,,,,,76.29,,,,,
ABW,North America,Aruba,2022-03-03,33684.0,0.0,4.143,211.0,0.0,0.0,314231.074,0.0,38.648,1968.375,0.0,0.0,,,,,,,,,,,,,,,,,,,167993.0,87465.0,80528.0,,36.0,33.0,156.72,81.59,75.12,,308.0,16.0,0.015,,107195.0,584.8,41.2,13.085,7.452,35973.781,,,11.62,,,,,76.29,,,,,
ABW,North America,Aruba,2022-03-04,33732.0,48.0,8.857,212.0,1.0,0.143,314678.856,447.782,82.626,1977.704,9.329,1.333,,,,,,,,,,,,,,,,,,,168036.0,87485.0,80551.0,,43.0,31.0,156.76,81.61,75.14,,289.0,15.0,0.014,,107195.0,584.8,41.2,13.085,7.452,35973.781,,,11.62,,,,,76.29,,,,,
ABW,North America,Aruba,2022-03-05,33732.0,0.0,8.0,212.0,0.0,0.143,314678.856,0.0,74.63,1977.704,0.0,1.333,,,,,,,,,,,,,,,,,,,,,,,,,,,,,,,,,107195.0,584.8,41.2,13.085,7.452,35973.781,,,11.62,,,,,76.29,,,,,
OWID_ASI,,Asia,2022-03-01,117879815.0,669619.0,603139.286,1355633.0,1971.0,1954.143,25196.367,143.129,128.919,289.761,0.421,0.418,,,,,,,,,,,,,,,,,,,7296499236.0,3402437891.0,3033359835.0,843995448.0,17134644.0,18379873.0,155.96,72.73,64.84,18.04,3929.0,5040648.0,0.108,,4678444992.0,,,,,,,,,,,,,,,,,,
OWID_ASI,,Asia,2022-03-02,118574394.0,694579.0,607969.0,1357639.0,2006.0,1939.714,25344.83,148.464,129.951,290.19,0.429,0.415,,,,,,,,,,,,,,,,,,,7308088115.0,3403099566.0,3035121822.0,847301285.0,17202969.0,18139426.0,156.21,72.74,64.87,18.11,3877.0,4926128.0,0.105,,4678444992.0,,,,,,,,,,,,,,,,,,
OWID_ASI,,Asia,2022-03-03,119346378.0,771984.0,631943.143,1359536.0,1897.0,1904.0,25509.839,165.009,135.075,290.596,0.405,0.407,,,,,,,,,,,,,,,,,,,7318633467.0,3403792405.0,3039604092.0,848962821.0,18148185.0,17883004.0,156.43,72.75,64.97,18.15,3822.0,4865673.0,0.104,,4678444992.0,,,,,,,,,,,,,,,,,,
OWID_ASI,,Asia,2022-03-04,120070767.0,724389.0,651311.571,1361776.0,2240.0,1950.714,25664.674,154.835,139.215,291.074,0.479,0.417,,,,,,,,,,,,,,,,,,,7327393563.0,3404686559.0,3042355978.0,849555603.0,17397522.0,17451944.0,156.62,72.77,65.03,18.16,3730.0,4829792.0,0.103,,4678444992.0,,,,,,,,,,,,,,,,,,
OWID_ASI,,Asia,2022-03-05,120758420.0,687653.0,662127.429,1363608.0,1832.0,1948.429,25811.658,146.983,141.527,291.466,0.392,0.416,,,,,,,,,,,,,,,,,,,7414446403.0,3405805080.0,3046535886.0,862685960.0,16722090.0,17204634.0,158.48,72.8,65.12,18.44,3677.0,4783804.0,0.102,,4678444992.0,,,,,,,,,,,,,,,,,,
AUS,Oceania,Australia,2022-03-01,3256772.0,21755.0,22503.286,5269.0,59.0,34.857,126289.15,843.602,872.619,204.318,2.288,1.352,1.12,121.0,4.692,1904.0,73.832,,,,,69785.0,63593367.0,2465.985,2.706,81203.0,3.149,0.2771,3.6,tests performed,54155508.0,22063566.0,20490408.0,11601534.0,90001.0,94007.0,210.0,85.56,79.46,44.99,3645.0,8487.0,0.033,43.98,25788217.0,3.202,37.9,15.504,10.129,44648.71,0.5,107.791,5.07,13.0,16.5,,3.84,83.44,0.944,,,,
AUS,Oceania,Australia,2022-03-02,3296784.0,40012.0,24669.0,5316.0,47.0,36.286,127840.711,1551.561,956.6,206.141,1.823,1.407,1.16,118.0,4.576,1837.0,71.234,,,,,98154.0,63691521.0,2469.792,3.806,80839.0,3.135,0.3052,3.3,tests performed,54241892.0,22070693.0,20497591.0,11673608.0,86384.0,88635.0,210.34,85.58,79.48,45.27,3437.0,7887.0,0.031,43.98,25788217.0,3.202,37.9,15.504,10.129,44648.71,0.5,107.791,5.07,13.0,16.5,,3.84,83.44,0.944,,,,
AUS,Oceania,Australia,2022-03-03,3321943.0,25159.0,24453.143,5354.0,38.0,37.0,128816.312,975.601,948.229,207.614,1.474,1.435,,110.0,4.266,1752.0,67.938,,,,,94936.0,63786457.0,2473.473,3.681,81611.0,3.165,0.2996,3.3,tests performed,54327853.0,22078148.0,20505135.0,11744570.0,85961.0,83324.0,210.67,85.61,79.51,45.54,3231.0,7408.0,0.029,43.98,25788217.0,3.202,37.9,15.504,10.129,44648.71,0.5,107.791,5.07,13.0,16.5,,3.84,83.44,0.944,,,,
AUS,Oceania,Australia,2022-03-04,3344659.0,22716.0,24869.286,5402.0,48.0,38.714,129697.179,880.867,964.366,209.476,1.861,1.501,,112.0,4.343,1752.0,67.938,,,,,92085.0,63878542.0,2477.044,3.571,80402.0,3.118,,,tests performed,54418534.0,22085942.0,20513850.0,11818742.0,90681.0,78905.0,211.02,85.64,79.55,45.83,3060.0,7005.0,0.027,43.98,25788217.0,3.202,37.9,15.504,10.129,44648.71,0.5,107.791,5.07,13.0,16.5,,3.84,83.44,0.944,,,,
AUS,Oceania,Australia,2022-03-05,3362035.0,17376.0,24845.429,5416.0,14.0,37.0,130370.975,673.796,963.441,210.018,0.543,1.435,,113.0,4.382,1737.0,67.356,,,,,,,,,,,,,,54469705.0,22091094.0,20520964.0,11857647.0,51171.0,76700.0,211.22,85.66,79.57,45.98,2974.0,6712.0,0.026,,25788217.0,3.202,37.9,15.504,10.129,44648.71,0.5,107.791,5.07,13.0,16.5,,3.84,83.44,0.944,,,,
AUT,Europe,Austria,2022-03-01,2704530.0,24788.0,26938.286,14841.0,32.0,30.0,299072.041,2741.104,2978.887,1641.146,3.539,3.317,1.02,190.0,21.011,2561.0,283.2,,,,,553850.0,159656629.0,17655.132,61.246,536111.0,59.284,0.0502,19.9,tests performed,18039421.0,6800252.0,6566726.0,5022257.0,,4763.0,199.48,75.2,72.62,55.54,527.0,460.0,0.005,57.41,9043072.0,106.749,44.4,19.202,13.748,45436.686,0.7,145.183,6.35,28.4,30.9,,7.37,81.54,0.922,,,,
AUT,Europe,Austria,2022-03-02,2744023.0,39493.0,27664.571,14888.0,47.0,32.429,303439.252,4367.211,3059.201,1646.343,5.197,3.586,1.03,188.0,20.789,2594.0,286.849,,,,,847200.0,160503829.0,17748.817,93.685,576433.0,63.743,0.048,20.8,tests performed,,,,,,,,,,,,,,57.41,9043072.0,106.749,44.4,19.202,13.748,45436.686,0.7,145.183,6.35,28.4,30.9,,7.37,81.54,0.922,,,,
AUT,Europe,Austria,2022-03-03,2775589.0,31566.0,28089.571,14924.0,36.0,32.0,306929.88,3490.628,3106.198,1650.324,3.981,3.539,,192.0,21.232,2566.0,283.753,,,,,801296.0,161305125.0,17837.426,88.609,564318.0,62.403,0.0498,20.1,tests performed,,,,,,,,,,,,,,57.41,9043072.0,106.749,44.4,19.202,13.748,45436.686,0.7,145.183,6.35,28.4,30.9,,7.37,81.54,0.922,,,,
AUT,Europe,Austria,2022-03-04,2808008.0,32419.0,28246.0,14960.0,36.0,33.571,310514.834,3584.954,3123.496,1654.305,3.981,3.712,,195.0,21.563,2524.0,279.109,,,,,,,,,,,,,,,,,,,,,,,,,,,57.41,9043072.0,106.749,44.4,19.202,13.748,45436.686,0.7,145.183,6.35,28.4,30.9,,7.37,81.54,0.922,,,,
AUT,Europe,Austria,2022-03-05,2839297.0,31289.0,29005.571,14986.0,26.0,32.0,313974.831,3459.997,3207.491,1657.18,2.875,3.539,,198.0,21.895,2525.0,279.219,,,,,,,,,,,,,,,,,,,,,,,,,,,,9043072.0,106.749,44.4,19.202,13.748,45436.686,0.7,145.183,6.35,28.4,30.9,,7.37,81.54,0.922,,,,
AZE,Asia,Azerbaijan,2022-03-01,786502.0,832.0,1242.571,9438.0,21.0,22.571,76931.971,81.382,121.543,923.181,2.054,2.208,0.41,,,,,,,,,8865.0,6563829.0,642.043,0.867,8924.0,0.873,0.1392,7.2,tests performed,,,,,,,,,,,,,,,10223344.0,119.309,32.4,6.018,3.871,15847.419,,559.812,7.11,0.3,42.5,83.241,4.7,73.0,0.756,,,,
AZE,Asia,Azerbaijan,2022-03-02,787367.0,865.0,1083.429,9454.0,16.0,21.0,77016.581,84.61,105.976,924.746,1.565,2.054,0.4,,,,,,,,,8487.0,6572316.0,642.873,0.83,8636.0,0.845,0.1255,8.0,tests performed,,,,,,,,,,,,,,,10223344.0,119.309,32.4,6.018,3.871,15847.419,,559.812,7.11,0.3,42.5,83.241,4.7,73.0,0.756,,,,
AZE,Asia,Azerbaijan,2022-03-03,787937.0,570.0,914.143,9473.0,19.0,20.429,77072.336,55.755,89.417,926.605,1.858,1.998,,,,,,,,,,,,,,,,,,,,,,,,,,,,,,,,,10223344.0,119.309,32.4,6.018,3.871,15847.419,,559.812,7.11,0.3,42.5,83.241,4.7,73.0,0.756,,,,
AZE,Asia,Azerbaijan,2022-03-04,788525.0,588.0,825.286,9488.0,15.0,18.571,77129.851,57.515,80.726,928.072,1.467,1.817,,,,,,,,,,,,,,,,,,,,,,,,,,,,,,,,,10223344.0,119.309,32.4,6.018,3.871,15847.419,,559.812,7.11,0.3,42.5,83.241,4.7,73.0,0.756,,,,
AZE,Asia,Azerbaijan,2022-03-05,788958.0,433.0,887.143,9500.0,12.0,20.286,77172.205,42.354,86.776,929.246,1.174,1.984,,,,,,,,,,,,,,,,,,,,,,,,,,,,,,,,,10223344.0,119.309,32.4,6.018,3.871,15847.419,,559.812,7.11,0.3,42.5,83.241,4.7,73.0,0.756,,,,
BHS,North America,Bahamas,2022-03-01,33146.0,11.0,9.286,771.0,0.0,0.143,83509.274,27.714,23.395,1942.486,0.0,0.36,0.58,,,,,,,,,209.0,220891.0,556.521,0.527,330.0,0.831,0.0281,35.5,tests performed,,,,,,,,,,,,,,,396914.0,39.497,34.3,8.996,5.2,27717.847,,235.954,13.17,3.1,20.4,,2.9,73.92,0.814,,,,
BHS,North America,Bahamas,2022-03-02,33150.0,4.0,9.857,771.0,0.0,0.143,83519.352,10.078,24.834,1942.486,0.0,0.36,0.58,,,,,,,,,184.0,221075.0,556.985,0.464,306.0,0.771,0.0322,31.0,tests performed,,,,,,,,,,,,,,,396914.0,39.497,34.3,8.996,5.2,27717.847,,235.954,13.17,3.1,20.4,,2.9,73.92,0.814,,,,
BHS,North America,Bahamas,2022-03-03,33152.0,2.0,6.714,771.0,0.0,0.0,83524.391,5.039,16.916,1942.486,0.0,0.0,,,,,,,,,,,,,,,,,,,,,,,,,,,,,,,,,396914.0,39.497,34.3,8.996,5.2,27717.847,,235.954,13.17,3.1,20.4,,2.9,73.92,0.814,,,,
BHS,North America,Bahamas,2022-03-04,33169.0,17.0,8.714,771.0,0.0,0.0,83567.221,42.83,21.955,1942.486,0.0,0.0,,,,,,,,,,,,,,,,,,,,,,,,,,,,,,,,,396914.0,39.497,34.3,8.996,5.2,27717.847,,235.954,13.17,3.1,20.4,,2.9,73.92,0.814,,,,
BHS,North America,Bahamas,2022-03-05,33169.0,0.0,8.714,771.0,0.0,0.0,83567.221,0.0,21.955,1942.486,0.0,0.0,,,,,,,,,,,,,,,,,,,,,,,,,,,,,,,,,396914.0,39.497,34.3,8.996,5.2,27717.847,,235.954,13.17,3.1,20.4,,2.9,73.92,0.814,,,,
BHR,Asia,Bahrain,2022-03-01,517635.0,2752.0,2714.0,1455.0,1.0,1.857,296079.895,1574.105,1552.37,832.239,0.572,1.062,0.72,,,,,,,,,,9397068.0,5374.99,,11912.0,6.813,0.2278,4.4,units unclear,,,,,,,,,,,,,,,1748295.0,1935.907,32.4,2.372,1.387,43290.705,,151.689,16.52,5.8,37.6,,2.0,77.29,0.852,,,,
BHR,Asia,Bahrain,2022-03-02,519584.0,1949.0,2563.0,1455.0,0.0,1.571,297194.695,1114.8,1466.0,832.239,0.0,0.899,0.72,,,,,,,,,11416.0,9408484.0,5381.52,6.53,11724.0,6.706,0.2186,4.6,units unclear,,,,,,,,,,,,,,,1748295.0,1935.907,32.4,2.372,1.387,43290.705,,151.689,16.52,5.8,37.6,,2.0,77.29,0.852,,,,
BHR,Asia,Bahrain,2022-03-03,521613.0,2029.0,2462.571,1456.0,1.0,1.286,298355.255,1160.559,1408.556,832.811,0.572,0.735,,,,,,,,,,9981.0,9418465.0,5387.229,5.709,11379.0,6.509,0.2164,4.6,units unclear,,,,,,,,,,,,,,,1748295.0,1935.907,32.4,2.372,1.387,43290.705,,151.689,16.52,5.8,37.6,,2.0,77.29,0.852,,,,
BHR,Asia,Bahrain,2022-03-04,523654.0,2041.0,2382.857,1458.0,2.0,1.429,299522.678,1167.423,1362.961,833.955,1.144,0.817,,,,,,,,,,10869.0,9429334.0,5393.446,6.217,11054.0,6.323,,,units unclear,,,,,,,,,,,,,,,1748295.0,1935.907,32.4,2.372,1.387,43290.705,,151.689,16.52,5.8,37.6,,2.0,77.29,0.852,,,,
BHR,Asia,Bahrain,2022-03-05,525171.0,1517.0,2254.429,1458.0,0.0,1.143,300390.38,867.703,1289.501,833.955,0.0,0.654,,,,,,,,,,,,,,,,,,,,,,,,,,,,,,,,,1748295.0,1935.907,32.4,2.372,1.387,43290.705,,151.689,16.52,5.8,37.6,,2.0,77.29,0.852,,,,
BGD,Asia,Bangladesh,2022-03-01,1944376.0,799.0,1077.0,29045.0,8.0,7.857,11691.733,4.804,6.476,174.651,0.048,0.047,0.33,,,,,,,,,23817.0,13405706.0,80.61,0.143,23521.0,0.141,0.0458,21.8,tests performed,,,,,,,,,,,,,,,166303494.0,1265.036,27.5,5.098,3.262,3523.984,14.8,298.003,8.38,1.0,44.7,34.808,0.8,72.59,0.632,,,,
BGD,Asia,Bangladesh,2022-03-02,1945108.0,732.0,996.143,29053.0,8.0,8.286,11696.134,4.402,5.99,174.699,0.048,0.05,0.33,,,,,,,,,22716.0,13428422.0,80.746,0.137,23441.0,0.141,0.0425,23.5,tests performed,,,,,,,,,,,,,,,166303494.0,1265.036,27.5,5.098,3.262,3523.984,14.8,298.003,8.38,1.0,44.7,34.808,0.8,72.59,0.632,,,,
BGD,Asia,Bangladesh,2022-03-03,1945765.0,657.0,873.429,29058.0,5.0,7.571,11700.085,3.951,5.252,174.729,0.03,0.046,,,,,,,,,,22584.0,13451006.0,80.882,0.136,22748.0,0.137,0.0384,26.0,tests performed,,,,,,,,,,,,,,,166303494.0,1265.036,27.5,5.098,3.262,3523.984,14.8,298.003,8.38,1.0,44.7,34.808,0.8,72.59,0.632,,,,
BGD,Asia,Bangladesh,2022-03-04,1946369.0,604.0,758.857,29064.0,6.0,6.857,11703.717,3.632,4.563,174.765,0.036,0.041,,,,,,,,,,,,,,,,,,,,,,,,,,,,,,,,,166303494.0,1265.036,27.5,5.098,3.262,3523.984,14.8,298.003,8.38,1.0,44.7,34.808,0.8,72.59,0.632,,,,
BGD,Asia,Bangladesh,2022-03-05,1946737.0,368.0,703.0,29077.0,13.0,7.571,11705.93,2.213,4.227,174.843,0.078,0.046,,,,,,,,,,,,,,,,,,,,,,,,,,,,,,,,,166303494.0,1265.036,27.5,5.098,3.262,3523.984,14.8,298.003,8.38,1.0,44.7,34.808,0.8,72.59,0.632,,,,
BRB,North America,Barbados,2022-03-01,55385.0,220.0,182.714,316.0,0.0,0.714,192504.206,764.664,635.068,1098.336,0.0,2.483,0.77,,,,,,,,,,587777.0,2042.964,,,,,,tests performed,309727.0,160188.0,149539.0,,165.0,105.0,107.65,55.68,51.98,,365.0,38.0,0.013,42.59,287708.0,664.463,39.8,14.952,9.473,16978.068,,170.05,13.57,1.9,14.5,88.469,5.8,79.19,0.814,,,,
BRB,North America,Barbados,2022-03-02,55543.0,158.0,171.286,316.0,0.0,0.714,193053.374,549.168,595.346,1098.336,0.0,2.483,0.77,,,,,,,,,1005.0,588782.0,2046.457,3.493,,,,,tests performed,309980.0,160288.0,149692.0,,253.0,122.0,107.74,55.71,52.03,,424.0,47.0,0.016,42.59,287708.0,664.463,39.8,14.952,9.473,16978.068,,170.05,13.57,1.9,14.5,88.469,5.8,79.19,0.814,,,,
BRB,North America,Barbados,2022-03-03,55705.0,162.0,167.0,316.0,0.0,0.571,193616.444,563.071,580.45,1098.336,0.0,1.986,,,,,,,,,,,,,,,,,,,310136.0,160340.0,149796.0,,156.0,130.0,107.8,55.73,52.07,,452.0,50.0,0.017,42.59,287708.0,664.463,39.8,14.952,9.473,16978.068,,170.05,13.57,1.9,14.5,88.469,5.8,79.19,0.814,,,,
BRB,North America,Barbados,2022-03-04,55863.0,158.0,161.714,316.0,0.0,0.571,194165.612,549.168,562.078,1098.336,0.0,1.986,,,,,,,,,,,,,,,,,,,310363.0,160450.0,149913.0,,227.0,151.0,107.87,55.77,52.11,,525.0,61.0,0.021,42.59,287708.0,664.463,39.8,14.952,9.473,16978.068,,170.05,13.57,1.9,14.5,88.469,5.8,79.19,0.814,,,,
BRB,North America,Barbados,2022-03-05,56013.0,150.0,158.714,319.0,3.0,0.857,194686.974,521.362,551.651,1108.763,10.427,2.979,,,,,,,,,,,,,,,,,,,,,,,,,,,,,,,,,287708.0,664.463,39.8,14.952,9.473,16978.068,,170.05,13.57,1.9,14.5,88.469,5.8,79.19,0.814,,,,
BLR,Europe,Belarus,2022-03-01,921263.0,1527.0,4453.429,6493.0,13.0,14.429,97561.789,161.709,471.618,687.609,1.377,1.528,0.67,,,,,,,,,5257.0,12444066.0,1317.827,0.557,18089.0,1.916,0.2462,4.1,tests performed,,,,,,,,,,,,,,,9442867.0,46.858,40.3,14.799,9.788,17167.967,,443.129,5.18,10.5,46.1,,11.0,74.79,0.823,,,,
BLR,Europe,Belarus,2022-03-02,923432.0,2169.0,3873.286,6506.0,13.0,14.143,97791.486,229.697,410.181,688.986,1.377,1.498,0.65,,,,,,,,,23051.0,12467117.0,1320.268,2.441,17726.0,1.877,0.2185,4.6,tests performed,,,,,,,,,,,,,,,9442867.0,46.858,40.3,14.799,9.788,17167.967,,443.129,5.18,10.5,46.1,,11.0,74.79,0.823,,,,
BLR,Europe,Belarus,2022-03-03,925515.0,2083.0,3314.286,6521.0,15.0,14.286,98012.076,220.59,350.983,690.574,1.589,1.513,,,,,,,,,,,,,,17377.0,1.84,0.1907,5.2,tests performed,,,,,,,,,,,,,,,9442867.0,46.858,40.3,14.799,9.788,17167.967,,443.129,5.18,10.5,46.1,,11.0,74.79,0.823,,,,
BLR,Europe,Belarus,2022-03-04,927464.0,1949.0,2783.714,6535.0,14.0,13.857,98218.475,206.399,294.795,692.057,1.483,1.467,,,,,,,,,,,12510624.0,1324.876,,17329.0,1.835,,,tests performed,,,,,,,,,,,,,,,9442867.0,46.858,40.3,14.799,9.788,17167.967,,443.129,5.18,10.5,46.1,,11.0,74.79,0.823,,,,
BLR,Europe,Belarus,2022-03-05,929340.0,1876.0,2286.714,6550.0,15.0,13.714,98417.144,198.668,242.163,693.645,1.589,1.452,,,,,,,,,,,,,,,,,,,,,,,,,,,,,,,,,9442867.0,46.858,40.3,14.799,9.788,17167.967,,443.129,5.18,10.5,46.1,,11.0,74.79,0.823,,,,
BEL,Europe,Belgium,2022-03-01,3563841.0,6527.0,6181.857,30199.0,20.0,22.714,306373.682,561.108,531.437,2596.126,1.719,1.953,0.55,224.0,19.257,2184.0,187.753,,,962.0,82.701,38884.0,31793811.0,2733.227,3.343,35503.0,3.052,0.189,5.3,tests performed,25042931.0,9217998.0,9081378.0,7171251.0,7998.0,23293.0,215.29,79.24,78.07,61.65,2002.0,966.0,0.008,,11632334.0,375.564,41.8,18.571,12.849,42658.576,0.2,114.898,4.29,25.1,31.4,,5.64,81.63,0.931,,,,
BEL,Europe,Belgium,2022-03-02,3563841.0,0.0,4971.429,30199.0,0.0,17.571,306373.682,0.0,427.38,2596.126,0.0,1.511,0.54,213.0,18.311,2133.0,183.368,,,944.0,81.153,36405.0,31830216.0,2736.357,3.13,34551.0,2.97,0.191,5.2,tests performed,25063243.0,9219491.0,9086025.0,7185423.0,20312.0,17990.0,215.46,79.26,78.11,61.77,1547.0,793.0,0.007,,11632334.0,375.564,41.8,18.571,12.849,42658.576,0.2,114.898,4.29,25.1,31.4,,5.64,81.63,0.931,,,,
BEL,Europe,Belgium,2022-03-03,3571579.0,7738.0,4843.429,30217.0,18.0,16.571,307038.897,665.215,416.376,2597.673,1.547,1.425,,227.0,19.515,2108.0,181.219,,,922.0,79.262,,,,,,,,,,,,,,,,,,,,,,,,11632334.0,375.564,41.8,18.571,12.849,42658.576,0.2,114.898,4.29,25.1,31.4,,5.64,81.63,0.931,,,,
BEL,Europe,Belgium,2022-03-04,3586292.0,14713.0,6036.857,30259.0,42.0,19.714,308303.733,1264.836,518.972,2601.284,3.611,1.695,,217.0,18.655,2056.0,176.749,,,915.0,78.66,,,,,,,,,,,,,,,,,,,,,,,,11632334.0,375.564,41.8,18.571,12.849,42658.576,0.2,114.898,4.29,25.1,31.4,,5.64,81.63,0.931,,,,
BEL,Europe,Belgium,2022-03-05,3586292.0,,,30259.0,,,308303.733,,,2601.284,,,,,,,,,,,,,,,,,,,,,,,,,,,,,,,,,,,11632334.0,375.564,41.8,18.571,12.849,42658.576,0.2,114.898,4.29,25.1,31.4,,5.64,81.63,0.931,,,,
BLZ,North America,Belize,2022-03-01,56773.0,79.0,57.0,650.0,0.0,0.429,140209.674,195.103,140.77,1605.275,0.0,1.058,0.55,,,,,,,,,,,,,,,,,,,,,,,380.0,,,,,938.0,61.0,0.015,,404915.0,16.426,25.0,3.853,2.279,7824.362,,176.957,17.11,,,90.083,1.3,74.62,0.716,,,,
BLZ,North America,Belize,2022-03-02,56816.0,43.0,52.286,650.0,0.0,0.286,140315.869,106.195,129.128,1605.275,0.0,0.706,0.55,,,,,,,,,,,,,,,,,,,,,,,372.0,,,,,919.0,62.0,0.015,,404915.0,16.426,25.0,3.853,2.279,7824.362,,176.957,17.11,,,90.083,1.3,74.62,0.716,,,,
BLZ,North America,Belize,2022-03-03,56842.0,26.0,45.286,651.0,1.0,0.429,140380.08,64.211,111.84,1607.745,2.47,1.058,,,,,,,,,,,,,,,,,,,,,,,,365.0,,,,,901.0,62.0,0.015,,404915.0,16.426,25.0,3.853,2.279,7824.362,,176.957,17.11,,,90.083,1.3,74.62,0.716,,,,
BLZ,North America,Belize,2022-03-04,56876.0,34.0,39.857,651.0,0.0,0.143,140464.048,83.968,98.433,1607.745,0.0,0.353,,,,,,,,,,,,,,,,,,,460853.0,234810.0,207253.0,39225.0,,357.0,113.81,57.99,51.18,9.69,882.0,63.0,0.016,,404915.0,16.426,25.0,3.853,2.279,7824.362,,176.957,17.11,,,90.083,1.3,74.62,0.716,,,,
BLZ,North America,Belize,2022-03-05,56876.0,0.0,39.857,651.0,0.0,0.143,140464.048,0.0,98.433,1607.745,0.0,0.353,,,,,,,,,,,,,,,,,,,,,,,,,,,,,,,,,404915.0,16.426,25.0,3.853,2.279,7824.362,,176.957,17.11,,,90.083,1.3,74.62,0.716,,,,
BEN,Africa,Benin,2022-03-01,26567.0,0.0,0.0,163.0,0.0,0.0,2133.719,0.0,0.0,13.091,0.0,0.0,0.4,,,,,,,,,,,,,,,,,,,,,,,,,,,,,,,,12451031.0,99.11,18.8,3.244,1.942,2064.236,49.6,235.848,0.99,0.6,12.3,11.035,0.5,61.77,0.545,,,,
BEN,Africa,Benin,2022-03-02,26567.0,0.0,0.0,163.0,0.0,0.0,2133.719,0.0,0.0,13.091,0.0,0.0,0.4,,,,,,,,,,,,,,,,,,,,,,,,,,,,,,,,12451031.0,99.11,18.8,3.244,1.942,2064.236,49.6,235.848,0.99,0.6,12.3,11.035,0.5,61.77,0.545,,,,
BEN,Africa,Benin,2022-03-03,26575.0,8.0,1.143,163.0,0.0,0.0,2134.361,0.643,0.092,13.091,0.0,0.0,,,,,,,,,,,,,,,,,,,,,,,,,,,,,,,,,12451031.0,99.11,18.8,3.244,1.942,2064.236,49.6,235.848,0.99,0.6,12.3,11.035,0.5,61.77,0.545,,,,
BEN,Africa,Benin,2022-03-04,26575.0,0.0,1.143,163.0,0.0,0.0,2134.361,0.0,0.092,13.091,0.0,0.0,,,,,,,,,,,,,,,,,,,,,,,,,,,,,,,,,12451031.0,99.11,18.8,3.244,1.942,2064.236,49.6,235.848,0.99,0.6,12.3,11.035,0.5,61.77,0.545,,,,
BEN,Africa,Benin,2022-03-05,26575.0,0.0,1.143,163.0,0.0,0.0,2134.361,0.0,0.092,13.091,0.0,0.0,,,,,,,,,,,,,,,,,,,,,,,,,,,,,,,,,12451031.0,99.11,18.8,3.244,1.942,2064.236,49.6,235.848,0.99,0.6,12.3,11.035,0.5,61.77,0.545,,,,
BMU,North America,Bermuda,2022-03-01,11561.0,0.0,19.714,123.0,0.0,0.0,186191.458,0.0,317.501,1980.932,0.0,0.0,,,,,,,,,,,,,,,,,,,,,,,,98.0,,,,,1578.0,31.0,0.05,,62092.0,1308.82,,,,50669.315,,139.547,13.0,,,,,82.59,,,,,
BMU,North America,Bermuda,2022-03-02,11561.0,0.0,19.714,123.0,0.0,0.0,186191.458,0.0,317.501,1980.932,0.0,0.0,,,,,,,,,,,,,,,,,,,,,,,,101.0,,,,,1627.0,38.0,0.061,,62092.0,1308.82,,,,50669.315,,139.547,13.0,,,,,82.59,,,,,
BMU,North America,Bermuda,2022-03-03,11634.0,73.0,20.571,123.0,0.0,0.0,187367.133,1175.675,331.306,1980.932,0.0,0.0,,,,,,,,,,,,,,,,,,,,,,,,104.0,,,,,1675.0,46.0,0.074,,62092.0,1308.82,,,,50669.315,,139.547,13.0,,,,,82.59,,,,,
BMU,North America,Bermuda,2022-03-04,11634.0,0.0,20.571,123.0,0.0,0.0,187367.133,0.0,331.306,1980.932,0.0,0.0,,,,,,,,,,,,,,,,,,,125085.0,47336.0,46247.0,31502.0,,106.0,201.45,76.24,74.48,50.73,1707.0,54.0,0.087,,62092.0,1308.82,,,,50669.315,,139.547,13.0,,,,,82.59,,,,,
BMU,North America,Bermuda,2022-03-05,11634.0,0.0,20.571,123.0,0.0,0.0,187367.133,0.0,331.306,1980.932,0.0,0.0,,,,,,,,,,,,,,,,,,,,,,,,,,,,,,,,,62092.0,1308.82,,,,50669.315,,139.547,13.0,,,,,82.59,,,,,
BTN,Asia,Bhutan,2022-03-01,13137.0,435.0,420.143,6.0,0.0,0.0,16844.467,557.764,538.714,7.693,0.0,0.0,1.29,,,,,,,,,,,,,,,,,,,,,,,,,,,,,,,73.61,779900.0,21.188,28.6,4.885,2.977,8708.597,1.5,217.066,9.75,,,79.807,1.7,71.78,0.654,,,,
BTN,Asia,Bhutan,2022-03-02,13535.0,398.0,431.571,6.0,0.0,0.0,17354.789,510.322,553.368,7.693,0.0,0.0,1.29,,,,,,,,,,,,,,,,,,,,,,,,,,,,,,,73.61,779900.0,21.188,28.6,4.885,2.977,8708.597,1.5,217.066,9.75,,,79.807,1.7,71.78,0.654,,,,
BTN,Asia,Bhutan,2022-03-03,13846.0,311.0,405.143,6.0,0.0,0.0,17753.558,398.769,519.481,7.693,0.0,0.0,,,,,,,,,,,,,,,,,,,,,,,,,,,,,,,,73.61,779900.0,21.188,28.6,4.885,2.977,8708.597,1.5,217.066,9.75,,,79.807,1.7,71.78,0.654,,,,
BTN,Asia,Bhutan,2022-03-04,14120.0,274.0,393.0,6.0,0.0,0.0,18104.885,351.327,503.911,7.693,0.0,0.0,,,,,,,,,,,,,,,,,,,,,,,,,,,,,,,,73.61,779900.0,21.188,28.6,4.885,2.977,8708.597,1.5,217.066,9.75,,,79.807,1.7,71.78,0.654,,,,
BTN,Asia,Bhutan,2022-03-05,14451.0,331.0,375.857,7.0,1.0,0.143,18529.299,424.413,481.93,8.976,1.282,0.183,,,,,,,,,,,,,,,,,,,,,,,,,,,,,,,,73.61,779900.0,21.188,28.6,4.885,2.977,8708.597,1.5,217.066,9.75,,,79.807,1.7,71.78,0.654,,,,
BOL,South America,Bolivia,2022-03-01,893512.0,117.0,342.857,21441.0,3.0,5.857,75510.592,9.888,28.975,1811.976,0.254,0.495,0.46,,,,,,,,,1874.0,3884359.0,328.267,0.158,4244.0,0.359,0.0808,12.4,tests performed,12588867.0,6930515.0,5604495.0,1048818.0,,14044.0,106.39,58.57,47.36,8.86,1187.0,4815.0,0.041,,11832936.0,10.202,25.4,6.704,4.393,6885.829,7.1,204.299,6.89,,,25.383,1.1,71.51,0.718,,,,
BOL,South America,Bolivia,2022-03-02,893775.0,263.0,274.857,21443.0,2.0,5.286,75532.818,22.226,23.228,1812.145,0.169,0.447,0.46,,,,,,,,,,,,,,,,,,,,,,,,,,,,,,,,11832936.0,10.202,25.4,6.704,4.393,6885.829,7.1,204.299,6.89,,,25.383,1.1,71.51,0.718,,,,
BOL,South America,Bolivia,2022-03-03,894200.0,425.0,335.571,21453.0,10.0,6.714,75568.735,35.917,28.359,1812.99,0.845,0.567,,,,,,,,,,,,,,,,,,,,,,,,,,,,,,,,,11832936.0,10.202,25.4,6.704,4.393,6885.829,7.1,204.299,6.89,,,25.383,1.1,71.51,0.718,,,,
BOL,South America,Bolivia,2022-03-04,894200.0,0.0,237.571,21453.0,0.0,5.571,75568.735,0.0,20.077,1812.99,0.0,0.471,,,,,,,,,,,,,,,,,,,,,,,,,,,,,,,,,11832936.0,10.202,25.4,6.704,4.393,6885.829,7.1,204.299,6.89,,,25.383,1.1,71.51,0.718,,,,
BOL,South America,Bolivia,2022-03-05,894551.0,351.0,214.714,21455.0,2.0,5.143,75598.398,29.663,18.145,1813.159,0.169,0.435,,,,,,,,,,,,,,,,,,,,,,,,,,,,,,,,,11832936.0,10.202,25.4,6.704,4.393,6885.829,7.1,204.299,6.89,,,25.383,1.1,71.51,0.718,,,,
BES,North America,Bonaire Sint Eustatius and Saba,2022-03-01,7593.0,11.0,7.286,31.0,0.0,0.0,287124.22,415.958,275.504,1172.244,0.0,0.0,,,,,,,,,,,,,,,,,,,,,,,,,,,,,,,,,26445.0,,,,,,,,,,,,,77.79,,,,,
BES,North America,Bonaire Sint Eustatius and Saba,2022-03-02,7599.0,6.0,6.714,31.0,0.0,0.0,287351.106,226.886,253.896,1172.244,0.0,0.0,,,,,,,,,,,,,,,,,,,,,,,,,,,,,,,,,26445.0,,,,,,,,,,,,,77.79,,,,,
BES,North America,Bonaire Sint Eustatius and Saba,2022-03-03,7610.0,11.0,6.286,31.0,0.0,0.0,287767.064,415.958,237.69,1172.244,0.0,0.0,,,,,,,,,,,,,,,,,,,,,,,,,,,,,,,,,26445.0,,,,,,,,,,,,,77.79,,,,,
BES,North America,Bonaire Sint Eustatius and Saba,2022-03-04,7616.0,6.0,6.286,31.0,0.0,0.0,287993.95,226.886,237.69,1172.244,0.0,0.0,,,,,,,,,,,,,,,,,,,,,,,,,,,,,,,,,26445.0,,,,,,,,,,,,,77.79,,,,,
BES,North America,Bonaire Sint Eustatius and Saba,2022-03-05,7616.0,0.0,6.286,31.0,0.0,0.0,287993.95,0.0,237.69,1172.244,0.0,0.0,,,,,,,,,,,,,,,,,,,,,,,,,,,,,,,,,26445.0,,,,,,,,,,,,,77.79,,,,,
BIH,Europe,Bosnia and Herzegovina,2022-03-01,371381.0,179.0,307.286,15470.0,11.0,15.429,113799.806,54.85,94.16,4740.369,3.371,4.728,0.52,,,,,,,,,,,,,,,,,,,,,,,,,,,,,,,,3263459.0,68.496,42.5,16.569,10.711,11713.895,0.2,329.635,10.08,30.2,47.7,97.164,3.5,77.4,0.78,,,,
BIH,Europe,Bosnia and Herzegovina,2022-03-02,371553.0,172.0,240.429,15484.0,14.0,14.857,113852.51,52.705,73.673,4744.659,4.29,4.553,0.51,,,,,,,,,,,,,,,,,,,,,,,,,,,,,,,,3263459.0,68.496,42.5,16.569,10.711,11713.895,0.2,329.635,10.08,30.2,47.7,97.164,3.5,77.4,0.78,,,,
BIH,Europe,Bosnia and Herzegovina,2022-03-03,371846.0,293.0,221.571,15505.0,21.0,16.143,113942.293,89.782,67.895,4751.094,6.435,4.947,,,,,,,,,,,,,,,,,,,,,,,,,,,,,,,,,3263459.0,68.496,42.5,16.569,10.711,11713.895,0.2,329.635,10.08,30.2,47.7,97.164,3.5,77.4,0.78,,,,
BIH,Europe,Bosnia and Herzegovina,2022-03-04,372139.0,293.0,212.429,15519.0,14.0,15.429,114032.075,89.782,65.093,4755.384,4.29,4.728,,,,,,,,,,,,,,,,,,,,,,,,,,,,,,,,,3263459.0,68.496,42.5,16.569,10.711,11713.895,0.2,329.635,10.08,30.2,47.7,97.164,3.5,77.4,0.78,,,,
BIH,Europe,Bosnia and Herzegovina,2022-03-05,372139.0,,,15519.0,,,114032.075,,,4755.384,,,,,,,,,,,,,,,,,,,,,,,,,,,,,,,,,,,3263459.0,68.496,42.5,16.569,10.711,11713.895,0.2,329.635,10.08,30.2,47.7,97.164,3.5,77.4,0.78,,,,
BWA,Africa,Botswana,2022-03-01,263950.0,0.0,185.429,2619.0,0.0,0.714,110105.788,0.0,77.351,1092.506,0.0,0.298,0.91,,,,,,,,,,,,,,,,,,,,,,,,,,,,,,,,2397240.0,4.044,25.8,3.941,2.242,15807.374,,237.372,4.81,5.7,34.4,,1.8,69.59,0.735,,,,
BWA,Africa,Botswana,2022-03-02,263950.0,0.0,185.429,2619.0,0.0,0.714,110105.788,0.0,77.351,1092.506,0.0,0.298,0.91,,,,,,,,,,,,,,,,,,,,,,,,,,,,,,,,2397240.0,4.044,25.8,3.941,2.242,15807.374,,237.372,4.81,5.7,34.4,,1.8,69.59,0.735,,,,
BWA,Africa,Botswana,2022-03-03,263950.0,0.0,185.429,2619.0,0.0,0.714,110105.788,0.0,77.351,1092.506,0.0,0.298,,,,,,,,,,,,,,,,,,,,,,,,,,,,,,,,,2397240.0,4.044,25.8,3.941,2.242,15807.374,,237.372,4.81,5.7,34.4,,1.8,69.59,0.735,,,,
BWA,Africa,Botswana,2022-03-04,263950.0,0.0,0.0,2619.0,0.0,0.0,110105.788,0.0,0.0,1092.506,0.0,0.0,,,,,,,,,,,,,,,,,,,,,,158470.0,,,,,,6.61,,,,,2397240.0,4.044,25.8,3.941,2.242,15807.374,,237.372,4.81,5.7,34.4,,1.8,69.59,0.735,,,,
BWA,Africa,Botswana,2022-03-05,263950.0,0.0,0.0,2619.0,0.0,0.0,110105.788,0.0,0.0,1092.506,0.0,0.0,,,,,,,,,,,,,,,,,,,,,,,,,,,,,,,,,2397240.0,4.044,25.8,3.941,2.242,15807.374,,237.372,4.81,5.7,34.4,,1.8,69.59,0.735,,,,
BRA,South America,Brazil,2022-03-01,28818850.0,22279.0,65271.286,649922.0,246.0,598.143,134671.651,104.111,305.015,3037.112,1.15,2.795,0.48,,,,,,,,,,,,,19430.0,0.091,,,tests performed,392925626.0,177836868.0,155071690.0,65073212.0,161992.0,814209.0,183.62,83.1,72.47,30.41,3805.0,173043.0,0.081,,213993441.0,25.04,33.5,8.552,5.06,14103.452,3.4,177.961,8.11,10.1,17.9,,2.2,75.88,0.765,,,,
BRA,South America,Brazil,2022-03-02,28846495.0,27645.0,50451.286,650254.0,332.0,505.714,134800.837,129.186,235.761,3038.663,1.551,2.363,0.45,,,,,,,,,,,,,19430.0,0.091,,,tests performed,,,,,,744548.0,,,,,3479.0,141712.0,0.066,,213993441.0,25.04,33.5,8.552,5.06,14103.452,3.4,177.961,8.11,10.1,17.9,,2.2,75.88,0.765,,,,
BRA,South America,Brazil,2022-03-03,28906672.0,60177.0,45348.143,650824.0,570.0,445.857,135082.047,281.21,211.914,3041.327,2.664,2.084,,,,,,,,,,,69951873.0,326.888,,19430.0,0.091,,,tests performed,394111796.0,177987744.0,155380086.0,65802661.0,,623346.0,184.17,83.17,72.61,30.75,2913.0,116179.0,0.054,,213993441.0,25.04,33.5,8.552,5.06,14103.452,3.4,177.961,8.11,10.1,17.9,,2.2,75.88,0.765,,,,
BRA,South America,Brazil,2022-03-04,28978052.0,71380.0,42625.857,651522.0,698.0,432.286,135415.608,333.562,199.192,3044.589,3.262,2.02,,,,,,,,,,,,,,,,,,,394812859.0,178113009.0,155569412.0,66190014.0,701063.0,508531.0,184.5,83.23,72.7,30.93,2376.0,94869.0,0.044,,213993441.0,25.04,33.5,8.552,5.06,14103.452,3.4,177.961,8.11,10.1,17.9,,2.2,75.88,0.765,,,,
BRA,South America,Brazil,2022-03-05,29040800.0,62748.0,41606.857,652216.0,694.0,433.143,135708.832,293.224,194.431,3047.832,3.243,2.024,,,,,,,,,,,,,,,,,,,395464826.0,178203894.0,155711613.0,66609966.0,651967.0,525686.0,184.8,83.28,72.76,31.13,2457.0,94157.0,0.044,,213993441.0,25.04,33.5,8.552,5.06,14103.452,3.4,177.961,8.11,10.1,17.9,,2.2,75.88,0.765,,,,
VGB,North America,British Virgin Islands,2022-03-01,6085.0,0.0,5.0,62.0,0.0,0.0,200013.148,0.0,164.349,2037.932,0.0,0.0,,,,,,,,,,,,,,,,,,,,,,,,,,,,,,,,,30423.0,207.973,,,,,,,13.67,,,,,79.07,,,,,
VGB,North America,British Virgin Islands,2022-03-02,6085.0,0.0,1.571,62.0,0.0,0.0,200013.148,0.0,51.653,2037.932,0.0,0.0,,,,,,,,,,,,,,,,,,,,,,,,,,,,,,,,,30423.0,207.973,,,,,,,13.67,,,,,79.07,,,,,
VGB,North America,British Virgin Islands,2022-03-03,6091.0,6.0,2.429,62.0,0.0,0.0,200210.367,197.219,79.827,2037.932,0.0,0.0,,,,,,,,,,,,,,,,,,,,,,,,,,,,,,,,,30423.0,207.973,,,,,,,13.67,,,,,79.07,,,,,
VGB,North America,British Virgin Islands,2022-03-04,6091.0,0.0,2.429,62.0,0.0,0.0,200210.367,0.0,79.827,2037.932,0.0,0.0,,,,,,,,,,,,,,,,,,,,,,,,,,,,,,,,,30423.0,207.973,,,,,,,13.67,,,,,79.07,,,,,
VGB,North America,British Virgin Islands,2022-03-05,6091.0,0.0,2.429,62.0,0.0,0.0,200210.367,0.0,79.827,2037.932,0.0,0.0,,,,,,,,,,,,,,,,,,,,,,,,,,,,,,,,,30423.0,207.973,,,,,,,13.67,,,,,79.07,,,,,
BRN,Asia,Brunei,2022-03-01,67762.0,4220.0,3816.143,127.0,2.0,2.143,153470.19,9557.631,8642.959,287.635,4.53,4.853,1.62,,,,,,,,,,,,,,,,,,,,,,,,,,,,,,,,441532.0,81.347,32.4,4.591,2.382,71809.251,,201.285,12.79,2.0,30.9,,2.7,75.86,0.838,,,,
BRN,Asia,Brunei,2022-03-02,71649.0,3887.0,3902.143,129.0,2.0,2.429,162273.629,8803.439,8837.735,292.165,4.53,5.5,1.61,,,,,,,,,,,,,,,,,,,,,,,,,,,,,,,,441532.0,81.347,32.4,4.591,2.382,71809.251,,201.285,12.79,2.0,30.9,,2.7,75.86,0.838,,,,
BRN,Asia,Brunei,2022-03-03,76534.0,4885.0,4068.429,135.0,6.0,3.143,173337.38,11063.751,9214.346,305.754,13.589,7.118,,,,,,,,,,,,,,,,,,,,,,,,,,,,,,,,,441532.0,81.347,32.4,4.591,2.382,71809.251,,201.285,12.79,2.0,30.9,,2.7,75.86,0.838,,,,
BRN,Asia,Brunei,2022-03-04,80749.0,4215.0,4176.143,135.0,0.0,2.857,182883.687,9546.307,9458.302,305.754,0.0,6.471,,,,,,,,,,,,,,,,,,,,,,,,,,,,,,,,,441532.0,81.347,32.4,4.591,2.382,71809.251,,201.285,12.79,2.0,30.9,,2.7,75.86,0.838,,,,
BRN,Asia,Brunei,2022-03-05,84844.0,4095.0,4194.143,140.0,5.0,3.571,192158.213,9274.526,9499.069,317.078,11.324,8.089,,,,,,,,,,,,,,,,,,,,,,,,,,,,,,,,,441532.0,81.347,32.4,4.591,2.382,71809.251,,201.285,12.79,2.0,30.9,,2.7,75.86,0.838,,,,
BGR,Europe,Bulgaria,2022-03-01,1093920.0,2641.0,2394.286,35637.0,56.0,56.0,158616.025,382.939,347.166,5167.288,8.12,8.12,0.61,,,,,,,,,18293.0,9206636.0,1334.942,2.652,17471.0,2.533,0.137,7.3,tests performed,4302819.0,,2046215.0,689934.0,2316.0,2883.0,62.39,,29.67,10.0,418.0,,,,6896655.0,65.18,44.7,20.801,13.272,18563.307,1.5,424.688,5.81,30.1,44.4,,7.454,75.05,0.816,,,,
BGR,Europe,Bulgaria,2022-03-02,1096194.0,2274.0,2231.857,35696.0,59.0,56.857,158945.75,329.725,323.614,5175.842,8.555,8.244,0.61,,,,,,,,,18769.0,9225405.0,1337.664,2.721,16911.0,2.452,0.132,7.6,tests performed,4305612.0,,2047186.0,691720.0,2793.0,2653.0,62.43,,29.68,10.03,385.0,,,,6896655.0,65.18,44.7,20.801,13.272,18563.307,1.5,424.688,5.81,30.1,44.4,,7.454,75.05,0.816,,,,
BGR,Europe,Bulgaria,2022-03-03,1097298.0,1104.0,1981.857,35716.0,20.0,51.286,159105.827,160.078,287.365,5178.742,2.9,7.436,,,,,,,,,,,,,,,,,,,4305855.0,,2047267.0,691874.0,243.0,2026.0,62.43,,29.68,10.03,294.0,,,,6896655.0,65.18,44.7,20.801,13.272,18563.307,1.5,424.688,5.81,30.1,44.4,,7.454,75.05,0.816,,,,
BGR,Europe,Bulgaria,2022-03-04,1099423.0,2125.0,1870.714,35790.0,74.0,51.0,159413.948,308.12,271.25,5189.472,10.73,7.395,,,,,,,,,,,,,,,,,,,4309300.0,,2048538.0,693913.0,3445.0,1918.0,62.48,,29.7,10.06,278.0,,,,6896655.0,65.18,44.7,20.801,13.272,18563.307,1.5,424.688,5.81,30.1,44.4,,7.454,75.05,0.816,,,,
BGR,Europe,Bulgaria,2022-03-05,1100811.0,1388.0,1859.286,35811.0,21.0,50.429,159615.205,201.257,269.592,5192.517,3.045,7.312,,,,,,,,,,,,,,,,,,,4310149.0,,2048860.0,694408.0,849.0,1871.0,62.5,,29.71,10.07,271.0,,,,6896655.0,65.18,44.7,20.801,13.272,18563.307,1.5,424.688,5.81,30.1,44.4,,7.454,75.05,0.816,,,,
BFA,Africa,Burkina Faso,2022-03-01,20751.0,0.0,0.0,375.0,0.0,0.0,965.293,0.0,0.0,17.444,0.0,0.0,0.25,,,,,,,,,,,,,,,,,,,,,,,,,,,,,,,,21497097.0,70.151,17.6,2.409,1.358,1703.102,43.7,269.048,2.42,1.6,23.9,11.877,0.4,61.58,0.452,,,,
BFA,Africa,Burkina Faso,2022-03-02,20751.0,0.0,0.0,375.0,0.0,0.0,965.293,0.0,0.0,17.444,0.0,0.0,0.25,,,,,,,,,,,,,,,,,,,,,,,,,,,,,,,,21497097.0,70.151,17.6,2.409,1.358,1703.102,43.7,269.048,2.42,1.6,23.9,11.877,0.4,61.58,0.452,,,,
BFA,Africa,Burkina Faso,2022-03-03,20751.0,0.0,0.0,375.0,0.0,0.0,965.293,0.0,0.0,17.444,0.0,0.0,,,,,,,,,,,,,,,,,,,,,,,,,,,,,,,,,21497097.0,70.151,17.6,2.409,1.358,1703.102,43.7,269.048,2.42,1.6,23.9,11.877,0.4,61.58,0.452,,,,
BFA,Africa,Burkina Faso,2022-03-04,20751.0,0.0,0.0,375.0,0.0,0.0,965.293,0.0,0.0,17.444,0.0,0.0,,,,,,,,,,,,,,,,,,,,,,,,,,,,,,,,,21497097.0,70.151,17.6,2.409,1.358,1703.102,43.7,269.048,2.42,1.6,23.9,11.877,0.4,61.58,0.452,,,,
BFA,Africa,Burkina Faso,2022-03-05,20751.0,0.0,0.0,375.0,0.0,0.0,965.293,0.0,0.0,17.444,0.0,0.0,,,,,,,,,,,,,,,,,,,,,,,,,,,,,,,,,21497097.0,70.151,17.6,2.409,1.358,1703.102,43.7,269.048,2.42,1.6,23.9,11.877,0.4,61.58,0.452,,,,
BDI,Africa,Burundi,2022-03-01,38127.0,0.0,15.571,38.0,0.0,0.0,3111.029,0.0,1.271,3.101,0.0,0.0,0.71,,,,,,,,,,,,,1779.0,0.145,0.0088,114.3,tests performed,,,,,,,,,,,,,,,12255429.0,423.062,17.5,2.562,1.504,702.225,71.7,293.068,6.05,,,6.144,0.8,61.58,0.433,,,,
BDI,Africa,Burundi,2022-03-02,38127.0,0.0,14.286,38.0,0.0,0.0,3111.029,0.0,1.166,3.101,0.0,0.0,0.71,,,,,,,,,,1411113.0,115.142,,1944.0,0.159,0.0073,136.1,tests performed,,,,,,,,,,,,,,,12255429.0,423.062,17.5,2.562,1.504,702.225,71.7,293.068,6.05,,,6.144,0.8,61.58,0.433,,,,
BDI,Africa,Burundi,2022-03-03,38134.0,7.0,12.429,38.0,0.0,0.0,3111.601,0.571,1.014,3.101,0.0,0.0,,,,,,,,,,,,,,,,,,,,,,,,,,,,,,,,,12255429.0,423.062,17.5,2.562,1.504,702.225,71.7,293.068,6.05,,,6.144,0.8,61.58,0.433,,,,
BDI,Africa,Burundi,2022-03-04,38150.0,16.0,12.429,38.0,0.0,0.0,3112.906,1.306,1.014,3.101,0.0,0.0,,,,,,,,,,,,,,,,,,,,,,,,,,,,,,,,,12255429.0,423.062,17.5,2.562,1.504,702.225,71.7,293.068,6.05,,,6.144,0.8,61.58,0.433,,,,
BDI,Africa,Burundi,2022-03-05,38150.0,0.0,12.429,38.0,0.0,0.0,3112.906,0.0,1.014,3.101,0.0,0.0,,,,,,,,,,,,,,,,,,,,,,,,,,,,,,,,,12255429.0,423.062,17.5,2.562,1.504,702.225,71.7,293.068,6.05,,,6.144,0.8,61.58,0.433,,,,
KHM,Asia,Cambodia,2022-03-01,130589.0,313.0,430.571,3032.0,0.0,1.429,7705.982,18.47,25.408,178.917,0.0,0.084,1.3,,,,,,,,,,,,,2239.0,0.132,0.1923,5.2,tests performed,35561224.0,14623044.0,13854023.0,8137308.0,139574.0,150205.0,209.84,86.29,81.75,48.02,8864.0,31601.0,0.186,,16946446.0,90.672,25.6,4.412,2.385,3645.07,,270.892,4.0,2.0,33.7,66.229,0.8,69.82,0.594,,,,
KHM,Asia,Cambodia,2022-03-02,131004.0,415.0,410.143,3032.0,0.0,1.286,7730.47,24.489,24.202,178.917,0.0,0.076,1.3,,,,,,,,,,2863426.0,168.969,,1963.0,0.116,0.2089,4.8,tests performed,35670692.0,14643848.0,13857235.0,8222760.0,109468.0,141317.0,210.49,86.41,81.77,48.52,8339.0,29271.0,0.173,,16946446.0,90.672,25.6,4.412,2.385,3645.07,,270.892,4.0,2.0,33.7,66.229,0.8,69.82,0.594,,,,
KHM,Asia,Cambodia,2022-03-03,131372.0,368.0,396.143,3033.0,1.0,1.0,7752.186,21.715,23.376,178.976,0.059,0.059,,,,,,,,,,3064.0,2866490.0,169.15,0.181,2020.0,0.119,0.1961,5.1,tests performed,,,,,,,,,,,,,,,16946446.0,90.672,25.6,4.412,2.385,3645.07,,270.892,4.0,2.0,33.7,66.229,0.8,69.82,0.594,,,,
KHM,Asia,Cambodia,2022-03-04,131738.0,366.0,380.0,3038.0,5.0,1.571,7773.783,21.597,22.424,179.271,0.295,0.093,,,,,,,,,,5268.0,2871758.0,169.461,0.311,2402.0,0.142,,,tests performed,,,,,,,,,,,,,,,16946446.0,90.672,25.6,4.412,2.385,3645.07,,270.892,4.0,2.0,33.7,66.229,0.8,69.82,0.594,,,,
KHM,Asia,Cambodia,2022-03-05,132072.0,334.0,360.571,3040.0,2.0,1.143,7793.493,19.709,21.277,179.389,0.118,0.067,,,,,,,,,,,,,,,,,,,,,,,,,,,,,,,,,16946446.0,90.672,25.6,4.412,2.385,3645.07,,270.892,4.0,2.0,33.7,66.229,0.8,69.82,0.594,,,,
CMR,Africa,Cameroon,2022-03-01,119240.0,0.0,19.0,1923.0,0.0,0.429,4379.917,0.0,0.698,70.636,0.0,0.016,0.48,,,,,,,,,,,,,,,,,,,,,,,,,,,,,,,,27224262.0,50.885,18.8,3.165,1.919,3364.926,23.8,244.661,7.2,,,2.735,1.3,59.29,0.563,,,,
CMR,Africa,Cameroon,2022-03-02,119240.0,0.0,19.0,1923.0,0.0,0.429,4379.917,0.0,0.698,70.636,0.0,0.016,0.47,,,,,,,,,,,,,,,,,,,,,,,,,,,,,,,,27224262.0,50.885,18.8,3.165,1.919,3364.926,23.8,244.661,7.2,,,2.735,1.3,59.29,0.563,,,,
CMR,Africa,Cameroon,2022-03-03,119322.0,82.0,11.714,1926.0,3.0,0.429,4382.929,3.012,0.43,70.746,0.11,0.016,,,,,,,,,,,,,,,,,,,,,,,,,,,,,,,,,27224262.0,50.885,18.8,3.165,1.919,3364.926,23.8,244.661,7.2,,,2.735,1.3,59.29,0.563,,,,
CMR,Africa,Cameroon,2022-03-04,119322.0,0.0,11.714,1926.0,0.0,0.429,4382.929,0.0,0.43,70.746,0.0,0.016,,,,,,,,,,,,,,,,,,,,,,,,,,,,,,,,,27224262.0,50.885,18.8,3.165,1.919,3364.926,23.8,244.661,7.2,,,2.735,1.3,59.29,0.563,,,,
CMR,Africa,Cameroon,2022-03-05,119322.0,0.0,11.714,1926.0,0.0,0.429,4382.929,0.0,0.43,70.746,0.0,0.016,,,,,,,,,,,,,,,,,,,,,,,,,,,,,,,,,27224262.0,50.885,18.8,3.165,1.919,3364.926,23.8,244.661,7.2,,,2.735,1.3,59.29,0.563,,,,
CAN,North America,Canada,2022-03-01,3307144.0,4744.0,6072.857,36706.0,18.0,45.857,86874.844,124.619,159.527,964.224,0.473,1.205,0.84,607.0,15.945,5095.0,133.84,,,,,37824.0,58276405.0,1530.854,0.994,50801.0,1.334,0.1195,8.4,tests performed,,,,,,94865.0,,,,,2492.0,5268.0,0.014,,38067913.0,4.037,41.4,16.984,10.797,44017.591,0.5,105.599,7.37,12.0,16.6,,2.5,82.43,0.929,,,,
CAN,North America,Canada,2022-03-02,3313423.0,6279.0,5533.0,36776.0,70.0,44.0,87039.786,164.942,145.346,966.063,1.839,1.156,0.84,604.0,15.866,4973.0,130.635,,,,,43128.0,58319533.0,1531.987,1.133,48271.0,1.268,0.1146,8.7,tests performed,81297184.0,32582087.0,30927939.0,17787158.0,,90773.0,213.56,85.59,81.24,46.72,2385.0,5737.0,0.015,,38067913.0,4.037,41.4,16.984,10.797,44017.591,0.5,105.599,7.37,12.0,16.6,,2.5,82.43,0.929,,,,
CAN,North America,Canada,2022-03-03,3321281.0,7858.0,5873.571,36845.0,69.0,48.429,87246.207,206.421,154.292,967.875,1.813,1.272,,584.0,15.341,4880.0,128.192,,,,,35777.0,58355310.0,1532.926,0.94,46162.0,1.213,0.1272,7.9,tests performed,,,,,,86201.0,,,,,2264.0,4290.0,0.011,,38067913.0,4.037,41.4,16.984,10.797,44017.591,0.5,105.599,7.37,12.0,16.6,,2.5,82.43,0.929,,,,
CAN,North America,Canada,2022-03-04,3331281.0,10000.0,6028.0,36957.0,112.0,49.714,87508.895,262.688,158.349,970.818,2.942,1.306,,580.0,15.236,4776.0,125.46,,,,,,,,,,,,,,81358416.0,32591539.0,30944626.0,17822251.0,,81273.0,213.72,85.61,81.29,46.82,2135.0,4790.0,0.013,,38067913.0,4.037,41.4,16.984,10.797,44017.591,0.5,105.599,7.37,12.0,16.6,,2.5,82.43,0.929,,,,
CAN,North America,Canada,2022-03-05,3334009.0,2728.0,6201.143,36998.0,41.0,55.0,87580.556,71.661,162.897,971.895,1.077,1.445,,571.0,15.0,4750.0,124.777,,,,,,,,,,,,,,81378228.0,32594730.0,30950154.0,17833344.0,19812.0,77622.0,213.77,85.62,81.3,46.85,2039.0,4470.0,0.012,,38067913.0,4.037,41.4,16.984,10.797,44017.591,0.5,105.599,7.37,12.0,16.6,,2.5,82.43,0.929,,,,
CPV,Africa,Cape Verde,2022-03-01,55887.0,1.0,3.286,401.0,0.0,0.0,99460.581,1.78,5.847,713.649,0.0,0.0,0.41,,,,,,,,,338.0,,,0.602,,,,,tests performed,,,,,,,,,,,,,,,561901.0,135.58,25.7,4.46,3.437,6222.554,,182.219,2.42,2.1,16.5,,2.1,72.98,0.665,,,,
CPV,Africa,Cape Verde,2022-03-02,55889.0,2.0,2.714,401.0,0.0,0.0,99464.14,3.559,4.831,713.649,0.0,0.0,0.39,,,,,,,,,,,,,,,,,,,,,,,,,,,,,,,,561901.0,135.58,25.7,4.46,3.437,6222.554,,182.219,2.42,2.1,16.5,,2.1,72.98,0.665,,,,
CPV,Africa,Cape Verde,2022-03-03,55889.0,0.0,1.857,401.0,0.0,0.0,99464.14,0.0,3.305,713.649,0.0,0.0,,,,,,,,,,,,,,,,,,,,,,,,,,,,,,,,,561901.0,135.58,25.7,4.46,3.437,6222.554,,182.219,2.42,2.1,16.5,,2.1,72.98,0.665,,,,
CPV,Africa,Cape Verde,2022-03-04,55890.0,1.0,1.429,401.0,0.0,0.0,99465.92,1.78,2.542,713.649,0.0,0.0,,,,,,,,,,,,,,,,,,,,,,,,,,,,,,,,,561901.0,135.58,25.7,4.46,3.437,6222.554,,182.219,2.42,2.1,16.5,,2.1,72.98,0.665,,,,
CPV,Africa,Cape Verde,2022-03-05,55892.0,2.0,1.571,401.0,0.0,0.0,99469.479,3.559,2.797,713.649,0.0,0.0,,,,,,,,,,,,,,,,,,,,,,,,,,,,,,,,,561901.0,135.58,25.7,4.46,3.437,6222.554,,182.219,2.42,2.1,16.5,,2.1,72.98,0.665,,,,
CYM,North America,Cayman Islands,2022-03-01,19373.0,0.0,92.143,17.0,0.0,0.0,291332.07,0.0,1385.649,255.647,0.0,0.0,,,,,,,,,,,,,,,,,,,,,,,,,,,,,,,,,66498.0,256.496,,,,49903.029,,,13.22,,,,,83.92,,,,,
CYM,North America,Cayman Islands,2022-03-02,19373.0,0.0,0.0,17.0,0.0,0.0,291332.07,0.0,0.0,255.647,0.0,0.0,,,,,,,,,,,,,,,,,,,,,,,,,,,,,,,,,66498.0,256.496,,,,49903.029,,,13.22,,,,,83.92,,,,,
CYM,North America,Cayman Islands,2022-03-03,19373.0,0.0,0.0,17.0,0.0,0.0,291332.07,0.0,0.0,255.647,0.0,0.0,,,,,,,,,,,,,,,,,,,,,,,,,,,,,,,,,66498.0,256.496,,,,49903.029,,,13.22,,,,,83.92,,,,,
CYM,North America,Cayman Islands,2022-03-04,19373.0,0.0,0.0,17.0,0.0,0.0,291332.07,0.0,0.0,255.647,0.0,0.0,,,,,,,,,,,,,,,,,,,,,,,,,,,,,,,,,66498.0,256.496,,,,49903.029,,,13.22,,,,,83.92,,,,,
CYM,North America,Cayman Islands,2022-03-05,19373.0,0.0,0.0,17.0,0.0,0.0,291332.07,0.0,0.0,255.647,0.0,0.0,,,,,,,,,,,,,,,,,,,,,,,,,,,,,,,,,66498.0,256.496,,,,49903.029,,,13.22,,,,,83.92,,,,,
CAF,Africa,Central African Republic,2022-03-01,14225.0,0.0,5.429,113.0,0.0,0.0,2891.268,0.0,1.103,22.968,0.0,0.0,0.3,,,,,,,,,,,,,127.0,0.026,0.0427,23.4,tests performed,,,,,,,,,,,,,,,4919987.0,7.479,18.3,3.655,2.251,661.24,,435.727,6.1,,,16.603,1.0,53.28,0.397,,,,
CAF,Africa,Central African Republic,2022-03-02,14225.0,0.0,5.429,113.0,0.0,0.0,2891.268,0.0,1.103,22.968,0.0,0.0,0.29,,,,,,,,,,85587.0,17.396,,127.0,0.026,0.0427,23.4,tests performed,,,,,,,,,,,,,,,4919987.0,7.479,18.3,3.655,2.251,661.24,,435.727,6.1,,,16.603,1.0,53.28,0.397,,,,
CAF,Africa,Central African Republic,2022-03-03,14225.0,0.0,5.429,113.0,0.0,0.0,2891.268,0.0,1.103,22.968,0.0,0.0,,,,,,,,,,,,,,,,,,,,,,,,,,,,,,,,,4919987.0,7.479,18.3,3.655,2.251,661.24,,435.727,6.1,,,16.603,1.0,53.28,0.397,,,,
CAF,Africa,Central African Republic,2022-03-04,14320.0,95.0,19.0,113.0,0.0,0.0,2910.577,19.309,3.862,22.968,0.0,0.0,,,,,,,,,,,,,,,,,,,,,,,,,,,,,,,,,4919987.0,7.479,18.3,3.655,2.251,661.24,,435.727,6.1,,,16.603,1.0,53.28,0.397,,,,
CAF,Africa,Central African Republic,2022-03-05,14320.0,0.0,19.0,113.0,0.0,0.0,2910.577,0.0,3.862,22.968,0.0,0.0,,,,,,,,,,,,,,,,,,,,,,,,,,,,,,,,,4919987.0,7.479,18.3,3.655,2.251,661.24,,435.727,6.1,,,16.603,1.0,53.28,0.397,,,,
TCD,Africa,Chad,2022-03-01,7257.0,2.0,1.286,190.0,0.0,0.0,429.028,0.118,0.076,11.233,0.0,0.0,0.42,,,,,,,,,,,,,,,,,,,,,,,,,,,,,,,,16914985.0,11.833,16.7,2.486,1.446,1768.153,38.4,280.995,6.1,,,5.818,,54.24,0.398,,,,
TCD,Africa,Chad,2022-03-02,7257.0,0.0,1.286,190.0,0.0,0.0,429.028,0.0,0.076,11.233,0.0,0.0,0.41,,,,,,,,,,,,,,,,,,,,,,,,,,,,,,,,16914985.0,11.833,16.7,2.486,1.446,1768.153,38.4,280.995,6.1,,,5.818,,54.24,0.398,,,,
TCD,Africa,Chad,2022-03-03,7257.0,0.0,1.286,190.0,0.0,0.0,429.028,0.0,0.076,11.233,0.0,0.0,,,,,,,,,,,,,,,,,,,,,,,,,,,,,,,,,16914985.0,11.833,16.7,2.486,1.446,1768.153,38.4,280.995,6.1,,,5.818,,54.24,0.398,,,,
TCD,Africa,Chad,2022-03-04,7257.0,0.0,1.286,190.0,0.0,0.0,429.028,0.0,0.076,11.233,0.0,0.0,,,,,,,,,,,,,,,,,,,,,,,,,,,,,,,,,16914985.0,11.833,16.7,2.486,1.446,1768.153,38.4,280.995,6.1,,,5.818,,54.24,0.398,,,,
TCD,Africa,Chad,2022-03-05,7257.0,0.0,1.286,190.0,0.0,0.0,429.028,0.0,0.076,11.233,0.0,0.0,,,,,,,,,,,,,,,,,,,,,,,,,,,,,,,,,16914985.0,11.833,16.7,2.486,1.446,1768.153,38.4,280.995,6.1,,,5.818,,54.24,0.398,,,,
CHL,South America,Chile,2022-03-01,3061019.0,0.0,23584.0,42353.0,0.0,118.143,159325.491,0.0,1227.543,2204.466,0.0,6.149,0.86,1107.0,57.619,,,493.0,25.661,,,51271.0,32822346.0,1708.397,2.669,91331.0,4.754,0.2582,3.9,tests performed,48884587.0,17802921.0,17244532.0,14411404.0,137510.0,86106.0,254.44,92.66,89.76,75.01,4482.0,6936.0,0.036,30.09,19212362.0,24.282,35.4,11.087,6.938,22767.037,1.3,127.993,8.46,34.2,41.5,,2.11,80.18,0.851,,,,
CHL,South America,Chile,2022-03-02,3098110.0,37091.0,25282.714,42411.0,58.0,120.0,161256.07,1930.58,1315.961,2207.485,3.019,6.246,0.88,1100.0,57.255,,,462.0,24.047,,,80811.0,32903157.0,1712.603,4.206,90206.0,4.695,0.2803,3.6,tests performed,48994210.0,17809222.0,17253135.0,14506160.0,109623.0,85729.0,255.01,92.7,89.8,75.5,4462.0,6562.0,0.034,,19212362.0,24.282,35.4,11.087,6.938,22767.037,1.3,127.993,8.46,34.2,41.5,,2.11,80.18,0.851,,,,
CHL,South America,Chile,2022-03-03,3122802.0,24692.0,24129.571,42683.0,272.0,126.857,162541.285,1285.214,1255.94,2221.643,14.158,6.603,,1105.0,57.515,,,,,,,96681.0,32999838.0,1717.636,5.032,88293.0,4.596,0.2733,3.7,tests performed,49060956.0,17812534.0,17257682.0,14565048.0,66746.0,80913.0,255.36,92.71,89.83,75.81,4212.0,5747.0,0.03,,19212362.0,24.282,35.4,11.087,6.938,22767.037,1.3,127.993,8.46,34.2,41.5,,2.11,80.18,0.851,,,,
CHL,South America,Chile,2022-03-04,3147434.0,24632.0,23080.143,42809.0,126.0,127.143,163823.376,1282.091,1201.317,2228.201,6.558,6.618,,1096.0,57.047,,,,,,,95416.0,33095254.0,1722.602,4.966,86409.0,4.498,,,tests performed,,,,,,,,,,,,,,,19212362.0,24.282,35.4,11.087,6.938,22767.037,1.3,127.993,8.46,34.2,41.5,,2.11,80.18,0.851,,,,
CHL,South America,Chile,2022-03-05,3168335.0,20901.0,21815.0,42955.0,146.0,126.429,164911.269,1087.893,1135.467,2235.8,7.599,6.581,,1061.0,55.225,,,,,,,,,,,,,,,,,,,,,,,,,,,,,,19212362.0,24.282,35.4,11.087,6.938,22767.037,1.3,127.993,8.46,34.2,41.5,,2.11,80.18,0.851,,,,
CHN,Asia,China,2022-03-01,109750.0,224.0,222.286,4636.0,0.0,0.0,75.993,0.155,0.154,3.21,0.0,0.0,2.71,,,,,,,,,,,,,,,,,,3135598000.0,,,,5753000.0,5690143.0,217.11,,,,3940.0,,,64.35,1444216102.0,147.674,38.7,10.641,5.929,15308.712,0.7,261.899,9.74,1.9,48.4,,4.34,76.91,0.761,,,,
CHN,Asia,China,2022-03-02,109964.0,214.0,226.286,4636.0,0.0,0.0,76.141,0.148,0.157,3.21,0.0,0.0,2.7,,,,,,,,,,,,,,,,,,3141473000.0,,,,5875000.0,5673286.0,217.52,,,,3928.0,,,,1444216102.0,147.674,38.7,10.641,5.929,15308.712,0.7,261.899,9.74,1.9,48.4,,4.34,76.91,0.761,,,,
CHN,Asia,China,2022-03-03,110258.0,294.0,236.286,4636.0,0.0,0.0,76.345,0.204,0.164,3.21,0.0,0.0,,,,,,,,,,,,,,,,,,,3147007000.0,,,,5534000.0,5531571.0,217.9,,,,3830.0,,,,1444216102.0,147.674,38.7,10.641,5.929,15308.712,0.7,261.899,9.74,1.9,48.4,,4.34,76.91,0.761,,,,
CHN,Asia,China,2022-03-04,110539.0,281.0,240.857,4636.0,0.0,0.0,76.539,0.195,0.167,3.21,0.0,0.0,,,,,,,,,,,,,,,,,,,3152419000.0,,,,5412000.0,5399571.0,218.28,,,,3739.0,,,,1444216102.0,147.674,38.7,10.641,5.929,15308.712,0.7,261.899,9.74,1.9,48.4,,4.34,76.91,0.761,,,,
CHN,Asia,China,2022-03-05,110868.0,329.0,253.714,4636.0,0.0,0.0,76.767,0.228,0.176,3.21,0.0,0.0,,,,,,,,,,,,,,,,,,,3156899000.0,,,,4480000.0,5319286.0,218.59,,,,3683.0,,,,1444216102.0,147.674,38.7,10.641,5.929,15308.712,0.7,261.899,9.74,1.9,48.4,,4.34,76.91,0.761,,,,
COL,South America,Colombia,2022-03-01,6065801.0,1218.0,1953.571,138854.0,87.0,81.286,118320.521,23.759,38.107,2708.509,1.697,1.586,0.49,,,,,,,,,30211.0,33162747.0,646.878,0.589,29703.0,0.579,0.088,11.4,tests performed,,,,,,,,,,,,,,,51265841.0,44.223,32.2,7.646,4.312,13254.949,4.5,124.24,7.44,4.7,13.5,65.386,1.71,77.29,0.767,,,,
COL,South America,Colombia,2022-03-02,6067023.0,1222.0,1816.571,138899.0,45.0,76.429,118344.357,23.837,35.434,2709.387,0.878,1.491,0.48,,,,,,,,,26191.0,33188938.0,647.389,0.511,28565.0,0.557,0.078,12.8,tests performed,,,,,,,,,,,,,,,51265841.0,44.223,32.2,7.646,4.312,13254.949,4.5,124.24,7.44,4.7,13.5,65.386,1.71,77.29,0.767,,,,
COL,South America,Colombia,2022-03-03,6068074.0,1051.0,1645.429,138939.0,40.0,74.0,118364.858,20.501,32.096,2710.167,0.78,1.443,,,,,,,,,,31114.0,33220052.0,647.996,0.607,28002.0,0.546,0.073,13.7,tests performed,,,,,,,,,,,,,,,51265841.0,44.223,32.2,7.646,4.312,13254.949,4.5,124.24,7.44,4.7,13.5,65.386,1.71,77.29,0.767,,,,
COL,South America,Colombia,2022-03-04,6069425.0,1351.0,1530.0,138984.0,45.0,69.0,118391.211,26.353,29.844,2711.045,0.878,1.346,,,,,,,,,,,,,,,,,,,,,,,,,,,,,,,,,51265841.0,44.223,32.2,7.646,4.312,13254.949,4.5,124.24,7.44,4.7,13.5,65.386,1.71,77.29,0.767,,,,
COL,South America,Colombia,2022-03-05,6070616.0,1191.0,1403.286,139037.0,53.0,62.714,118414.443,23.232,27.373,2712.079,1.034,1.223,,,,,,,,,,,,,,,,,,,,,,,,,,,,,,,,,51265841.0,44.223,32.2,7.646,4.312,13254.949,4.5,124.24,7.44,4.7,13.5,65.386,1.71,77.29,0.767,,,,
COM,Africa,Comoros,2022-03-01,8033.0,0.0,1.286,160.0,0.0,0.0,9041.528,0.0,1.447,180.088,0.0,0.0,0.7,,,,,,,,,,,,,,,,,,,,,,,,,,,,,,,,888456.0,437.352,20.4,2.963,1.726,1413.89,18.1,261.516,11.88,4.4,23.6,15.574,2.2,64.32,0.554,,,,
COM,Africa,Comoros,2022-03-02,8033.0,0.0,1.286,160.0,0.0,0.0,9041.528,0.0,1.447,180.088,0.0,0.0,0.7,,,,,,,,,,,,,,,,,,,,,,,,,,,,,,,,888456.0,437.352,20.4,2.963,1.726,1413.89,18.1,261.516,11.88,4.4,23.6,15.574,2.2,64.32,0.554,,,,
COM,Africa,Comoros,2022-03-03,8033.0,0.0,1.0,160.0,0.0,0.0,9041.528,0.0,1.126,180.088,0.0,0.0,,,,,,,,,,,,,,,,,,,,,,,,,,,,,,,,,888456.0,437.352,20.4,2.963,1.726,1413.89,18.1,261.516,11.88,4.4,23.6,15.574,2.2,64.32,0.554,,,,
COM,Africa,Comoros,2022-03-04,8047.0,14.0,3.0,160.0,0.0,0.0,9057.286,15.758,3.377,180.088,0.0,0.0,,,,,,,,,,,,,,,,,,,,,,,,,,,,,,,,,888456.0,437.352,20.4,2.963,1.726,1413.89,18.1,261.516,11.88,4.4,23.6,15.574,2.2,64.32,0.554,,,,
COM,Africa,Comoros,2022-03-05,8047.0,0.0,2.143,160.0,0.0,0.0,9057.286,0.0,2.412,180.088,0.0,0.0,,,,,,,,,,,,,,,,,,,,,,,,,,,,,,,,,888456.0,437.352,20.4,2.963,1.726,1413.89,18.1,261.516,11.88,4.4,23.6,15.574,2.2,64.32,0.554,,,,
COG,Africa,Congo,2022-03-01,24020.0,0.0,13.571,378.0,0.0,0.143,4246.054,0.0,2.399,66.82,0.0,0.025,0.82,,,,,,,,,,,,,,,,,,,,,,,,,,,,,,,,5657017.0,15.405,19.0,3.402,2.063,4881.406,37.0,344.094,7.2,1.7,52.3,47.964,,64.57,0.574,,,,
COG,Africa,Congo,2022-03-02,24020.0,0.0,13.571,378.0,0.0,0.143,4246.054,0.0,2.399,66.82,0.0,0.025,0.82,,,,,,,,,,,,,,,,,,,,,,,,,,,,,,,,5657017.0,15.405,19.0,3.402,2.063,4881.406,37.0,344.094,7.2,1.7,52.3,47.964,,64.57,0.574,,,,
COG,Africa,Congo,2022-03-03,24020.0,0.0,7.571,378.0,0.0,0.0,4246.054,0.0,1.338,66.82,0.0,0.0,,,,,,,,,,,,,,,,,,,,,,,,,,,,,,,,,5657017.0,15.405,19.0,3.402,2.063,4881.406,37.0,344.094,7.2,1.7,52.3,47.964,,64.57,0.574,,,,
COG,Africa,Congo,2022-03-04,24020.0,0.0,7.571,378.0,0.0,0.0,4246.054,0.0,1.338,66.82,0.0,0.0,,,,,,,,,,,,,,,,,,,,,,,,,,,,,,,,,5657017.0,15.405,19.0,3.402,2.063,4881.406,37.0,344.094,7.2,1.7,52.3,47.964,,64.57,0.574,,,,
COG,Africa,Congo,2022-03-05,24020.0,0.0,7.571,378.0,0.0,0.0,4246.054,0.0,1.338,66.82,0.0,0.0,,,,,,,,,,,,,,,,,,,,,,,,,,,,,,,,,5657017.0,15.405,19.0,3.402,2.063,4881.406,37.0,344.094,7.2,1.7,52.3,47.964,,64.57,0.574,,,,
COK,Oceania,Cook Islands,2022-03-01,2.0,0.0,0.0,,,,113.817,0.0,0.0,,,,,,,,,,,,,,,,,,,,,,,,,,,,,,,,,,,,17572.0,,,,,,,,,,,,,76.25,,,,,
COK,Oceania,Cook Islands,2022-03-02,2.0,0.0,0.0,,,,113.817,0.0,0.0,,,,,,,,,,,,,,,,,,,,,,,,,,,,,,,,,,,,17572.0,,,,,,,,,,,,,76.25,,,,,
COK,Oceania,Cook Islands,2022-03-03,2.0,0.0,0.0,,,,113.817,0.0,0.0,,,,,,,,,,,,,,,,,,,,,,,,,,,,,,,,,,,,17572.0,,,,,,,,,,,,,76.25,,,,,
COK,Oceania,Cook Islands,2022-03-04,2.0,0.0,0.0,,,,113.817,0.0,0.0,,,,,,,,,,,,,,,,,,,,,,,,,,,,,,,,,,,,17572.0,,,,,,,,,,,,,76.25,,,,,
COK,Oceania,Cook Islands,2022-03-05,2.0,0.0,0.0,,,,113.817,0.0,0.0,,,,,,,,,,,,,,,,,,,,,,,,,,,,,,,,,,,,17572.0,,,,,,,,,,,,,76.25,,,,,
CRI,North America,Costa Rica,2022-03-01,809131.0,2203.0,2185.143,8047.0,10.0,13.286,157447.491,428.678,425.203,1565.853,1.946,2.585,0.8,,,,,,,,,,,,,,,,,,,,,,,,,,,,,,,,5139053.0,96.079,33.6,9.468,5.694,15524.995,1.3,137.973,8.78,6.4,17.4,83.841,1.13,80.28,0.81,,,,
CRI,North America,Costa Rica,2022-03-02,811040.0,1909.0,2001.429,8057.0,10.0,12.571,157818.96,371.469,389.455,1567.799,1.946,2.446,0.8,,,,,,,,,,,,,,,,,,,,,,,,,,,,,,,,5139053.0,96.079,33.6,9.468,5.694,15524.995,1.3,137.973,8.78,6.4,17.4,83.841,1.13,80.28,0.81,,,,
CRI,North America,Costa Rica,2022-03-03,812812.0,1772.0,1855.143,8073.0,16.0,12.714,158163.771,344.811,360.989,1570.912,3.113,2.474,,,,,,,,,,,,,,,,,,,,,,,,,,,,,,,,,5139053.0,96.079,33.6,9.468,5.694,15524.995,1.3,137.973,8.78,6.4,17.4,83.841,1.13,80.28,0.81,,,,
CRI,North America,Costa Rica,2022-03-04,814583.0,1771.0,1730.143,8082.0,9.0,11.857,158508.387,344.616,336.666,1572.663,1.751,2.307,,,,,,,,,,,,,,,,,,,,,,,,,,,,,,,,,5139053.0,96.079,33.6,9.468,5.694,15524.995,1.3,137.973,8.78,6.4,17.4,83.841,1.13,80.28,0.81,,,,
CRI,North America,Costa Rica,2022-03-05,814583.0,,,8082.0,0.0,11.857,158508.387,,,1572.663,0.0,2.307,,,,,,,,,,,,,,,,,,,,,,,,,,,,,,,,,5139053.0,96.079,33.6,9.468,5.694,15524.995,1.3,137.973,8.78,6.4,17.4,83.841,1.13,80.28,0.81,,,,
CIV,Africa,Cote d'Ivoire,2022-03-01,81483.0,0.0,12.286,793.0,0.0,0.286,3011.906,0.0,0.454,29.312,0.0,0.011,0.71,,,,,,,,,,,,,2120.0,0.078,0.0058,172.6,tests performed,,,,,,,,,,,,,,,27053629.0,76.399,18.7,2.933,1.582,3601.006,28.2,303.74,2.42,,,19.351,,57.78,0.538,,,,
CIV,Africa,Cote d'Ivoire,2022-03-02,81518.0,35.0,15.429,794.0,1.0,0.429,3013.2,1.294,0.57,29.349,0.037,0.016,0.73,,,,,,,,,,1417847.0,52.409,,2028.0,0.075,0.0076,131.4,tests performed,,,,,,,,,,,,,,,27053629.0,76.399,18.7,2.933,1.582,3601.006,28.2,303.74,2.42,,,19.351,,57.78,0.538,,,,
CIV,Africa,Cote d'Ivoire,2022-03-03,85518.0,4000.0,586.857,794.0,0.0,0.429,3161.055,147.854,21.692,29.349,0.0,0.016,,,,,,,,,,,,,,1931.0,0.071,0.3039,3.3,tests performed,,,,,,,,,,,,,,,27053629.0,76.399,18.7,2.933,1.582,3601.006,28.2,303.74,2.42,,,19.351,,57.78,0.538,,,,
CIV,Africa,Cote d'Ivoire,2022-03-04,81534.0,,,795.0,1.0,0.429,3013.792,,,29.386,0.037,0.016,,,,,,,,,,,1421267.0,52.535,,1778.0,0.066,,,tests performed,,,,,,,,,,,,,,,27053629.0,76.399,18.7,2.933,1.582,3601.006,28.2,303.74,2.42,,,19.351,,57.78,0.538,,,,
CIV,Africa,Cote d'Ivoire,2022-03-05,81546.0,12.0,,795.0,0.0,0.429,3014.235,0.444,,29.386,0.0,0.016,,,,,,,,,,,,,,,,,,,,,,,,,,,,,,,,,27053629.0,76.399,18.7,2.933,1.582,3601.006,28.2,303.74,2.42,,,19.351,,57.78,0.538,,,,
HRV,Europe,Croatia,2022-03-01,1055943.0,1149.0,1801.286,15101.0,32.0,28.0,258704.492,281.503,441.312,3699.723,7.84,6.86,0.6,,,,,,,,,5675.0,4519621.0,1107.301,1.39,5934.0,1.454,0.3036,3.3,people tested,5196904.0,2307028.0,2230485.0,,1178.0,1657.0,127.32,56.52,54.65,,406.0,250.0,0.006,,4081657.0,73.726,44.0,19.724,13.053,22669.797,0.7,253.782,5.59,34.3,39.9,,5.54,78.49,0.851,,,,
HRV,Europe,Croatia,2022-03-02,1058453.0,2510.0,1620.714,15122.0,21.0,25.714,259319.438,614.946,397.073,3704.868,5.145,6.3,0.6,,,,,,,,,7618.0,4527239.0,1109.167,1.866,5567.0,1.364,0.2911,3.4,people tested,5198729.0,2307230.0,2231068.0,,1825.0,1385.0,127.37,56.53,54.66,,339.0,196.0,0.005,,4081657.0,73.726,44.0,19.724,13.053,22669.797,0.7,253.782,5.59,34.3,39.9,,5.54,78.49,0.851,,,,
HRV,Europe,Croatia,2022-03-03,1060078.0,1625.0,1487.286,15145.0,23.0,25.857,259717.561,398.123,364.383,3710.503,5.635,6.335,,,,,,,,,,,,,,5244.0,1.285,0.2836,3.5,people tested,5199981.0,2307396.0,2231430.0,,1252.0,1327.0,127.4,56.53,54.67,,325.0,192.0,0.005,,4081657.0,73.726,44.0,19.724,13.053,22669.797,0.7,253.782,5.59,34.3,39.9,,5.54,78.49,0.851,,,,
HRV,Europe,Croatia,2022-03-04,1061429.0,1351.0,1390.286,15172.0,27.0,26.0,260048.554,330.993,340.618,3717.118,6.615,6.37,,,,,,,,,,,4538432.0,1111.909,,5137.0,1.259,,,people tested,5201481.0,2307581.0,,,1500.0,1185.0,127.44,56.54,,,290.0,158.0,0.004,,4081657.0,73.726,44.0,19.724,13.053,22669.797,0.7,253.782,5.59,34.3,39.9,,5.54,78.49,0.851,,,,
HRV,Europe,Croatia,2022-03-05,1062953.0,1524.0,1340.714,15194.0,22.0,26.0,260421.932,373.378,328.473,3722.508,5.39,6.37,,,,,,,,,,,,,,,,,,,,,,,,,,,,,,,,,4081657.0,73.726,44.0,19.724,13.053,22669.797,0.7,253.782,5.59,34.3,39.9,,5.54,78.49,0.851,,,,
CUB,North America,Cuba,2022-03-01,1070258.0,396.0,549.143,8495.0,1.0,0.571,94566.661,34.99,48.522,750.608,0.088,0.05,0.77,,,,,,,,,,,,,,,,,,35016078.0,10610252.0,9883693.0,5974852.0,14417.0,15517.0,309.4,93.75,87.33,52.79,1371.0,1056.0,0.009,,11317498.0,110.408,43.1,14.738,9.719,,,190.968,8.27,17.1,53.3,85.198,5.2,78.8,0.783,,,,
CUB,North America,Cuba,2022-03-02,1070730.0,472.0,543.286,8496.0,1.0,0.286,94608.367,41.705,48.004,750.696,0.088,0.025,0.78,,,,,,,,,,,,,,,,,,35031576.0,10611211.0,9884967.0,5988011.0,15498.0,14952.0,309.53,93.76,87.34,52.91,1321.0,975.0,0.009,,11317498.0,110.408,43.1,14.738,9.719,,,190.968,8.27,17.1,53.3,85.198,5.2,78.8,0.783,,,,
CUB,North America,Cuba,2022-03-03,1071326.0,596.0,543.429,8498.0,2.0,0.571,94661.028,52.662,48.017,750.873,0.177,0.05,,,,,,,,,,,,,,,,,,,,,,,,,,,,,,,,,11317498.0,110.408,43.1,14.738,9.719,,,190.968,8.27,17.1,53.3,85.198,5.2,78.8,0.783,,,,
CUB,North America,Cuba,2022-03-04,1071964.0,638.0,545.143,8498.0,0.0,0.571,94717.401,56.373,48.168,750.873,0.0,0.05,,,,,,,,,,,,,,,,,,,,,,,,,,,,,,,,,11317498.0,110.408,43.1,14.738,9.719,,,190.968,8.27,17.1,53.3,85.198,5.2,78.8,0.783,,,,
CUB,North America,Cuba,2022-03-05,1072474.0,510.0,531.0,8499.0,1.0,0.714,94762.464,45.063,46.918,750.961,0.088,0.063,,,,,,,,,,,,,,,,,,,,,,,,,,,,,,,,,11317498.0,110.408,43.1,14.738,9.719,,,190.968,8.27,17.1,53.3,85.198,5.2,78.8,0.783,,,,
CUW,North America,Curacao,2022-03-01,38960.0,16.0,26.0,261.0,0.0,0.0,236413.505,97.09,157.771,1583.776,0.0,0.0,,,,,,,,,,,,,,,,,,,,,,,,102.0,,,,,619.0,48.0,0.029,,164796.0,362.644,41.7,16.367,10.068,,,,11.62,,,,,78.88,,,,,
CUW,North America,Curacao,2022-03-02,39016.0,56.0,26.857,261.0,0.0,0.0,236753.319,339.814,162.972,1583.776,0.0,0.0,,,,,,,,,,,,,,,,,,,,,,,,100.0,,,,,607.0,49.0,0.03,,164796.0,362.644,41.7,16.367,10.068,,,,11.62,,,,,78.88,,,,,
CUW,North America,Curacao,2022-03-03,39082.0,66.0,30.714,262.0,1.0,0.143,237153.814,400.495,186.378,1589.844,6.068,0.867,,,,,,,,,,,,,,,,,,,244748.0,107016.0,98219.0,39513.0,,95.0,148.52,64.94,59.6,23.98,576.0,49.0,0.03,,164796.0,362.644,41.7,16.367,10.068,,,,11.62,,,,,78.88,,,,,
CUW,North America,Curacao,2022-03-04,39133.0,51.0,33.857,264.0,2.0,0.429,237463.288,309.474,205.449,1601.981,12.136,2.601,,,,,,,,,,,,,,,,,,,244862.0,107045.0,98232.0,39585.0,114.0,102.0,148.58,64.96,59.61,24.02,619.0,51.0,0.031,,164796.0,362.644,41.7,16.367,10.068,,,,11.62,,,,,78.88,,,,,
CUW,North America,Curacao,2022-03-05,39133.0,0.0,31.143,264.0,0.0,0.429,237463.288,0.0,188.978,1601.981,0.0,2.601,,,,,,,,,,,,,,,,,,,244951.0,107054.0,98254.0,39643.0,89.0,63.0,148.64,64.96,59.62,24.06,382.0,12.0,0.007,,164796.0,362.644,41.7,16.367,10.068,,,,11.62,,,,,78.88,,,,,
CYP,Europe,Cyprus,2022-03-01,324502.0,1986.0,1894.714,857.0,1.0,3.857,362165.39,2216.505,2114.625,956.468,1.116,4.305,0.93,,,,,,,,,102159.0,25800062.0,28794.551,114.016,106111.0,118.427,0.0179,56.0,tests performed,,,,,,,,,,,,,,,896005.0,127.657,37.3,13.416,8.563,32415.132,,141.171,9.24,19.6,52.7,,3.4,80.98,0.887,,,,
CYP,Europe,Cyprus,2022-03-02,326611.0,2109.0,1886.429,859.0,2.0,3.714,364519.171,2353.782,2105.377,958.7,2.232,4.145,0.92,,,,,,,,,86525.0,25886587.0,28891.119,96.568,104631.0,116.775,0.018,55.5,tests performed,,,,,,,,,,,,,,,896005.0,127.657,37.3,13.416,8.563,32415.132,,141.171,9.24,19.6,52.7,,3.4,80.98,0.887,,,,
CYP,Europe,Cyprus,2022-03-03,328657.0,2046.0,2178.714,861.0,2.0,4.0,366802.641,2283.469,2431.587,960.932,2.232,4.464,,,,,,,,,,98468.0,25985055.0,29001.016,109.897,102951.0,114.9,0.0212,47.3,tests performed,,,,,,,,,,,,,,,896005.0,127.657,37.3,13.416,8.563,32415.132,,141.171,9.24,19.6,52.7,,3.4,80.98,0.887,,,,
CYP,Europe,Cyprus,2022-03-04,329674.0,1017.0,2047.571,873.0,12.0,3.571,367937.679,1135.038,2285.223,974.325,13.393,3.986,,,,,,,,,,,,,,,,,,,,,,,,,,,,,,,,,896005.0,127.657,37.3,13.416,8.563,32415.132,,141.171,9.24,19.6,52.7,,3.4,80.98,0.887,,,,
CYP,Europe,Cyprus,2022-03-05,331508.0,1834.0,1819.286,875.0,2.0,3.286,369984.542,2046.864,2030.441,976.557,2.232,3.667,,,,,,,,,,,,,,,,,,,,,,,,,,,,,,,,,896005.0,127.657,37.3,13.416,8.563,32415.132,,141.171,9.24,19.6,52.7,,3.4,80.98,0.887,,,,
CZE,Europe,Czechia,2022-03-01,3587871.0,13543.0,9143.143,38685.0,93.0,50.0,334547.37,1262.803,852.543,3607.143,8.672,4.662,0.7,305.0,28.439,2968.0,276.748,209.0,19.488,2632.0,245.418,45149.0,51793356.0,4829.419,4.21,41844.0,3.902,0.208,4.8,tests performed,17395082.0,6943080.0,6845382.0,4016468.0,3898.0,5982.0,162.2,64.74,63.83,37.45,558.0,288.0,0.003,,10724553.0,137.176,43.3,19.027,11.58,32605.906,,227.485,6.82,30.5,38.3,,6.63,79.38,0.9,,,,
CZE,Europe,Czechia,2022-03-02,3599534.0,11663.0,8758.857,38741.0,56.0,48.286,335634.874,1087.505,816.711,3612.365,5.222,4.502,0.7,280.0,26.108,2725.0,254.09,176.0,16.411,2444.0,227.888,36806.0,51830162.0,4832.851,3.432,40126.0,3.742,0.209,4.8,tests performed,17399984.0,6943419.0,6846280.0,4020150.0,4902.0,5569.0,162.24,64.74,63.84,37.49,519.0,273.0,0.003,,10724553.0,137.176,43.3,19.027,11.58,32605.906,,227.485,6.82,30.5,38.3,,6.63,79.38,0.9,,,,
CZE,Europe,Czechia,2022-03-03,3608535.0,9001.0,8436.571,38787.0,46.0,50.571,336474.164,839.289,786.659,3616.654,4.289,4.715,,253.0,23.591,2552.0,237.959,155.0,14.453,2284.0,212.969,34870.0,51865032.0,4836.102,3.251,37919.0,3.536,0.214,4.7,tests performed,17404790.0,6943713.0,6847171.0,4023782.0,4806.0,5099.0,162.29,64.75,63.85,37.52,475.0,256.0,0.002,,10724553.0,137.176,43.3,19.027,11.58,32605.906,,227.485,6.82,30.5,38.3,,6.63,79.38,0.9,,,,
CZE,Europe,Czechia,2022-03-04,3616640.0,8105.0,8154.286,38837.0,50.0,49.429,337229.906,755.742,760.338,3621.316,4.662,4.609,,235.0,21.912,2420.0,225.65,144.0,13.427,2153.0,200.754,,,,,,,,,,17413512.0,6944302.0,6848320.0,4030798.0,8722.0,4391.0,162.37,64.75,63.86,37.58,409.0,256.0,0.002,,10724553.0,137.176,43.3,19.027,11.58,32605.906,,227.485,6.82,30.5,38.3,,6.63,79.38,0.9,,,,
CZE,Europe,Czechia,2022-03-05,3624937.0,8297.0,8031.429,38892.0,55.0,47.714,338003.551,773.645,748.882,3626.445,5.128,4.449,,224.0,20.887,2116.0,197.304,126.0,11.749,1926.0,179.588,,,,,,,,,,17414223.0,6944375.0,6848399.0,4031359.0,711.0,4230.0,162.38,64.75,63.86,37.59,394.0,258.0,0.002,,10724553.0,137.176,43.3,19.027,11.58,32605.906,,227.485,6.82,30.5,38.3,,6.63,79.38,0.9,,,,
COD,Africa,Democratic Republic of Congo,2022-03-01,86039.0,21.0,23.286,1335.0,0.0,0.0,931.38,0.227,0.252,14.451,0.0,0.0,0.72,,,,,,,,,,,,,,,,,,,,,,,,,,,,,,,,92377986.0,35.879,17.0,3.02,1.745,808.133,77.1,318.949,6.1,,,4.472,,60.68,0.48,,,,
COD,Africa,Democratic Republic of Congo,2022-03-02,86039.0,0.0,23.286,1335.0,0.0,0.0,931.38,0.0,0.252,14.451,0.0,0.0,0.72,,,,,,,,,,,,,,,,,,,,,,,,,,,,,,,,92377986.0,35.879,17.0,3.02,1.745,808.133,77.1,318.949,6.1,,,4.472,,60.68,0.48,,,,
COD,Africa,Democratic Republic of Congo,2022-03-03,86138.0,99.0,28.571,1335.0,0.0,0.0,932.452,1.072,0.309,14.451,0.0,0.0,,,,,,,,,,,,,,,,,,,,,,,,,,,,,,,,,92377986.0,35.879,17.0,3.02,1.745,808.133,77.1,318.949,6.1,,,4.472,,60.68,0.48,,,,
COD,Africa,Democratic Republic of Congo,2022-03-04,86154.0,16.0,22.143,1335.0,0.0,0.0,932.625,0.173,0.24,14.451,0.0,0.0,,,,,,,,,,,,,,,,,,,,,,,,,,,,,,,,,92377986.0,35.879,17.0,3.02,1.745,808.133,77.1,318.949,6.1,,,4.472,,60.68,0.48,,,,
COD,Africa,Democratic Republic of Congo,2022-03-05,86154.0,0.0,22.143,1335.0,0.0,0.0,932.625,0.0,0.24,14.451,0.0,0.0,,,,,,,,,,,,,,,,,,,,,,,,,,,,,,,,,92377986.0,35.879,17.0,3.02,1.745,808.133,77.1,318.949,6.1,,,4.472,,60.68,0.48,,,,
DNK,Europe,Denmark,2022-03-01,2783399.0,18561.0,20855.0,4649.0,37.0,39.143,478798.28,3192.85,3587.462,799.718,6.365,6.733,0.69,48.0,8.257,1734.0,298.281,,,2397.0,412.33,66704.0,62834323.0,10808.715,11.474,69714.0,11.992,0.2992,3.3,tests performed,,,,,,,,,,,,,,,5813302.0,136.52,42.3,19.677,12.325,46682.515,0.2,114.767,6.41,19.3,18.8,,2.5,80.9,0.94,,,,
DNK,Europe,Denmark,2022-03-02,2803857.0,20458.0,19629.0,4687.0,38.0,37.857,482317.451,3519.17,3376.566,806.254,6.537,6.512,0.69,42.0,7.225,1666.0,286.584,,,2280.0,392.204,64039.0,62898362.0,10819.731,11.016,66821.0,11.495,0.2938,3.4,tests performed,,,,,,,,,,,,,,,5813302.0,136.52,42.3,19.677,12.325,46682.515,0.2,114.767,6.41,19.3,18.8,,2.5,80.9,0.94,,,,
DNK,Europe,Denmark,2022-03-03,2803857.0,0.0,16027.714,4687.0,0.0,32.286,482317.451,0.0,2757.076,806.254,0.0,5.554,,42.0,7.225,1623.0,279.187,,,2136.0,367.433,46068.0,62944430.0,10827.655,7.925,60972.0,10.488,,,tests performed,,,,,,,,,,,,,,,5813302.0,136.52,42.3,19.677,12.325,46682.515,0.2,114.767,6.41,19.3,18.8,,2.5,80.9,0.94,,,,
DNK,Europe,Denmark,2022-03-04,2837501.0,33644.0,17579.143,4772.0,85.0,38.714,488104.867,5787.417,3023.951,820.876,14.622,6.66,,34.0,5.849,1602.0,275.575,,,,,,,,,,,,,,,,,,,,,,,,,,,,5813302.0,136.52,42.3,19.677,12.325,46682.515,0.2,114.767,6.41,19.3,18.8,,2.5,80.9,0.94,,,,
DNK,Europe,Denmark,2022-03-05,2853236.0,15735.0,17347.143,4830.0,58.0,41.714,490811.59,2706.723,2984.043,830.853,9.977,7.176,,35.0,6.021,,,,,,,,,,,,,,,,,,,,,,,,,,,,,,5813302.0,136.52,42.3,19.677,12.325,46682.515,0.2,114.767,6.41,19.3,18.8,,2.5,80.9,0.94,,,,
DJI,Africa,Djibouti,2022-03-01,15547.0,0.0,0.714,189.0,0.0,0.0,15512.918,0.0,0.713,188.586,0.0,0.0,0.21,,,,,,,,,,,,,366.0,0.365,0.002,512.6,tests performed,,,,,,,,,,,,,,,1002197.0,41.285,25.4,4.213,2.38,2705.406,22.5,258.037,6.05,1.7,24.5,,1.4,67.11,0.524,,,,
DJI,Africa,Djibouti,2022-03-02,15547.0,0.0,0.571,189.0,0.0,0.0,15512.918,0.0,0.57,188.586,0.0,0.0,0.21,,,,,,,,,,285412.0,284.786,,336.0,0.335,0.0017,588.4,tests performed,,,,,,,,,,,,,,,1002197.0,41.285,25.4,4.213,2.38,2705.406,22.5,258.037,6.05,1.7,24.5,,1.4,67.11,0.524,,,,
DJI,Africa,Djibouti,2022-03-03,15549.0,2.0,0.571,189.0,0.0,0.0,15514.914,1.996,0.57,188.586,0.0,0.0,,,,,,,,,,,,,,312.0,0.311,0.0018,546.4,tests performed,,,,,,,,,,,,,,,1002197.0,41.285,25.4,4.213,2.38,2705.406,22.5,258.037,6.05,1.7,24.5,,1.4,67.11,0.524,,,,
DJI,Africa,Djibouti,2022-03-04,15550.0,1.0,0.571,189.0,0.0,0.0,15515.912,0.998,0.57,188.586,0.0,0.0,,,,,,,,,,,285800.0,285.173,,288.0,0.287,,,tests performed,,,,,,,,,,,,,,,1002197.0,41.285,25.4,4.213,2.38,2705.406,22.5,258.037,6.05,1.7,24.5,,1.4,67.11,0.524,,,,
DJI,Africa,Djibouti,2022-03-05,15550.0,0.0,0.429,189.0,0.0,0.0,15515.912,0.0,0.428,188.586,0.0,0.0,,,,,,,,,,,,,,,,,,,,,,,,,,,,,,,,,1002197.0,41.285,25.4,4.213,2.38,2705.406,22.5,258.037,6.05,1.7,24.5,,1.4,67.11,0.524,,,,
DMA,North America,Dominica,2022-03-01,11108.0,0.0,22.143,57.0,0.0,0.0,153910.104,0.0,306.807,789.78,0.0,0.0,0.87,,,,,,,,,,,,,,,,,,,,,,,26.0,,,,,360.0,10.0,0.014,,72172.0,98.567,,,,9673.367,,227.376,11.62,,,,3.8,75.0,0.742,,,,
DMA,North America,Dominica,2022-03-02,11108.0,0.0,16.714,57.0,0.0,0.0,153910.104,0.0,231.59,789.78,0.0,0.0,0.87,,,,,,,,,,,,,,,,,,61713.0,32133.0,29580.0,,,25.0,85.51,44.52,40.99,,346.0,9.0,0.012,,72172.0,98.567,,,,9673.367,,227.376,11.62,,,,3.8,75.0,0.742,,,,
DMA,North America,Dominica,2022-03-03,11148.0,40.0,18.857,61.0,4.0,0.571,154464.335,554.232,261.281,845.203,55.423,7.918,,,,,,,,,,,,,,,,,,,,,,,,20.0,,,,,277.0,8.0,0.011,,72172.0,98.567,,,,9673.367,,227.376,11.62,,,,3.8,75.0,0.742,,,,
DMA,North America,Dominica,2022-03-04,11248.0,100.0,33.143,61.0,0.0,0.571,155849.914,1385.579,459.22,845.203,0.0,7.918,,,,,,,,,,,,,,,,,,,61758.0,32153.0,29605.0,,,16.0,85.57,44.55,41.02,,222.0,6.0,0.008,,72172.0,98.567,,,,9673.367,,227.376,11.62,,,,3.8,75.0,0.742,,,,
DMA,North America,Dominica,2022-03-05,11248.0,,,61.0,0.0,0.571,155849.914,,,845.203,0.0,7.918,,,,,,,,,,,,,,,,,,,,,,,,,,,,,,,,,72172.0,98.567,,,,9673.367,,227.376,11.62,,,,3.8,75.0,0.742,,,,
DOM,North America,Dominican Republic,2022-03-01,574912.0,356.0,330.857,4369.0,1.0,1.286,52485.577,32.5,30.205,398.86,0.091,0.117,0.73,,,,,,,,,4746.0,3124587.0,285.254,0.433,5080.0,0.464,0.0651,15.4,samples tested,,,,,,8737.0,,,,,798.0,4294.0,0.039,,10953714.0,222.873,27.6,6.981,4.419,14600.861,1.6,266.653,8.2,8.5,19.1,55.182,1.6,74.08,0.756,,,,
DOM,North America,Dominican Republic,2022-03-02,575157.0,245.0,365.857,4370.0,1.0,1.429,52507.944,22.367,33.4,398.951,0.091,0.13,0.73,,,,,,,,,5103.0,3129690.0,285.72,0.466,5128.0,0.468,0.0713,14.0,samples tested,,,,,,8287.0,,,,,757.0,3820.0,0.035,,10953714.0,222.873,27.6,6.981,4.419,14600.861,1.6,266.653,8.2,8.5,19.1,55.182,1.6,74.08,0.756,,,,
DOM,North America,Dominican Republic,2022-03-03,575437.0,280.0,282.714,4370.0,0.0,1.0,52533.506,25.562,25.81,398.951,0.0,0.091,,,,,,,,,,5084.0,3134774.0,286.184,0.464,5214.0,0.476,0.0542,18.4,samples tested,15285668.0,7135113.0,5862255.0,2227157.0,,8067.0,139.55,65.14,53.52,20.33,736.0,3529.0,0.032,,10953714.0,222.873,27.6,6.981,4.419,14600.861,1.6,266.653,8.2,8.5,19.1,55.182,1.6,74.08,0.756,,,,
DOM,North America,Dominican Republic,2022-03-04,575592.0,155.0,259.429,4370.0,0.0,0.714,52547.656,14.15,23.684,398.951,0.0,0.065,,,,,,,,,,,,,,,,,,,,,,,,,,,,,,,,,10953714.0,222.873,27.6,6.981,4.419,14600.861,1.6,266.653,8.2,8.5,19.1,55.182,1.6,74.08,0.756,,,,
DOM,North America,Dominican Republic,2022-03-05,575883.0,291.0,258.857,4371.0,1.0,0.429,52574.223,26.566,23.632,399.043,0.091,0.039,,,,,,,,,,,,,,,,,,,,,,,,,,,,,,,,,10953714.0,222.873,27.6,6.981,4.419,14600.861,1.6,266.653,8.2,8.5,19.1,55.182,1.6,74.08,0.756,,,,
ECU,South America,Ecuador,2022-03-01,827760.0,0.0,1031.286,35223.0,0.0,7.286,46273.371,0.0,57.651,1969.033,0.0,0.407,0.91,,,,,,,,,,2525717.0,141.192,,4025.0,0.225,0.2562,3.9,people tested,31996832.0,14774852.0,13565454.0,4206584.0,7716.0,46622.0,178.87,82.59,75.83,23.52,2606.0,3047.0,0.017,,17888474.0,66.939,28.1,7.104,4.458,10581.936,3.6,140.448,5.55,2.0,12.3,80.635,1.5,77.01,0.759,,,,
ECU,South America,Ecuador,2022-03-02,833291.0,5531.0,1821.429,35249.0,26.0,11.0,46582.565,309.194,101.821,1970.487,1.453,0.615,0.92,,,,,,,,,1570.0,2527287.0,141.28,0.088,3475.0,0.194,0.5242,1.9,people tested,,,,,,,,,,,,,,,17888474.0,66.939,28.1,7.104,4.458,10581.936,3.6,140.448,5.55,2.0,12.3,80.635,1.5,77.01,0.759,,,,
ECU,South America,Ecuador,2022-03-03,836216.0,2925.0,1208.0,35264.0,15.0,5.857,46746.078,163.513,67.53,1971.325,0.839,0.327,,,,,,,,,,7212.0,2534499.0,141.683,0.403,3612.0,0.202,0.3344,3.0,people tested,,,,,,,,,,,,,,,17888474.0,66.939,28.1,7.104,4.458,10581.936,3.6,140.448,5.55,2.0,12.3,80.635,1.5,77.01,0.759,,,,
ECU,South America,Ecuador,2022-03-04,836216.0,,,35264.0,,,46746.078,,,1971.325,,,,,,,,,,,,,,,,,,,,,,,,,,,,,,,,,,,17888474.0,66.939,28.1,7.104,4.458,10581.936,3.6,140.448,5.55,2.0,12.3,80.635,1.5,77.01,0.759,,,,
ECU,South America,Ecuador,2022-03-05,836216.0,,,35264.0,,,46746.078,,,1971.325,,,,,,,,,,,,,,,,,,,,,,,,,,,,,,,,,,,17888474.0,66.939,28.1,7.104,4.458,10581.936,3.6,140.448,5.55,2.0,12.3,80.635,1.5,77.01,0.759,,,,
EGY,Africa,Egypt,2022-03-01,485093.0,1322.0,1663.429,24110.0,36.0,36.143,4652.799,12.68,15.955,231.253,0.345,0.347,0.8,,,,,,,,,,,,,,,,,,,,,,,,,,,,,,,,104258327.0,97.999,25.3,5.159,2.891,10550.206,1.3,525.432,17.31,0.2,50.1,89.827,1.6,71.99,0.707,,,,
EGY,Africa,Egypt,2022-03-02,486381.0,1288.0,1577.143,24132.0,22.0,34.714,4665.153,12.354,15.127,231.464,0.211,0.333,0.8,,,,,,,,,,,,,,,,,,,,,,,,,,,,,,,,104258327.0,97.999,25.3,5.159,2.891,10550.206,1.3,525.432,17.31,0.2,50.1,89.827,1.6,71.99,0.707,,,,
EGY,Africa,Egypt,2022-03-03,487642.0,1261.0,1495.571,24149.0,17.0,31.714,4677.248,12.095,14.345,231.627,0.163,0.304,,,,,,,,,,,,,,,,,,,,,,,,,,,,,,,,,104258327.0,97.999,25.3,5.159,2.891,10550.206,1.3,525.432,17.31,0.2,50.1,89.827,1.6,71.99,0.707,,,,
EGY,Africa,Egypt,2022-03-04,488763.0,1121.0,1397.0,24162.0,13.0,29.286,4688.0,10.752,13.399,231.751,0.125,0.281,,,,,,,,,,,,,,,,,,,,,,1104196.0,,,,,,1.06,,,,,104258327.0,97.999,25.3,5.159,2.891,10550.206,1.3,525.432,17.31,0.2,50.1,89.827,1.6,71.99,0.707,,,,
EGY,Africa,Egypt,2022-03-05,489876.0,1113.0,1307.0,24172.0,10.0,25.714,4698.675,10.675,12.536,231.847,0.096,0.247,,,,,,,,,,,,,,,,,,,,,,,,,,,,,,,,,104258327.0,97.999,25.3,5.159,2.891,10550.206,1.3,525.432,17.31,0.2,50.1,89.827,1.6,71.99,0.707,,,,
SLV,North America,El Salvador,2022-03-01,156364.0,,,4074.0,3.0,3.714,23987.727,,,624.99,0.46,0.57,0.22,,,,,,,,,,,,,,,,,,,,,,,,,,,,,,,,6518500.0,307.811,27.6,8.273,5.417,7292.458,2.2,167.295,8.87,2.5,18.8,90.65,1.3,73.32,0.673,,,,
SLV,North America,El Salvador,2022-03-02,156364.0,,,4077.0,3.0,3.286,23987.727,,,625.451,0.46,0.504,0.22,,,,,,,,,,,,,,,,,,,,,,,,,,,,,,,,6518500.0,307.811,27.6,8.273,5.417,7292.458,2.2,167.295,8.87,2.5,18.8,90.65,1.3,73.32,0.673,,,,
SLV,North America,El Salvador,2022-03-03,156364.0,,,4081.0,4.0,3.286,23987.727,,,626.064,0.614,0.504,,,,,,,,,,,,,,,,,,,,,,,,,,,,,,,,,6518500.0,307.811,27.6,8.273,5.417,7292.458,2.2,167.295,8.87,2.5,18.8,90.65,1.3,73.32,0.673,,,,
SLV,North America,El Salvador,2022-03-04,156364.0,,,4083.0,2.0,3.0,23987.727,,,626.371,0.307,0.46,,,,,,,,,,,,,,,,,,,,,,,,,,,,,,,,,6518500.0,307.811,27.6,8.273,5.417,7292.458,2.2,167.295,8.87,2.5,18.8,90.65,1.3,73.32,0.673,,,,
SLV,North America,El Salvador,2022-03-05,156364.0,,,4086.0,3.0,3.429,23987.727,,,626.831,0.46,0.526,,,,,,,,,,,,,,,,,,,,,,,,,,,,,,,,,6518500.0,307.811,27.6,8.273,5.417,7292.458,2.2,167.295,8.87,2.5,18.8,90.65,1.3,73.32,0.673,,,,
GNQ,Africa,Equatorial Guinea,2022-03-01,15884.0,0.0,1.429,182.0,0.0,0.0,10955.306,0.0,0.985,125.527,0.0,0.0,0.56,,,,,,,,,,,,,,,,,,,,,,,,,,,,,,,,1449891.0,45.194,22.4,2.846,1.752,22604.873,,202.812,7.78,,,24.64,2.1,58.74,0.592,,,,
GNQ,Africa,Equatorial Guinea,2022-03-02,15885.0,1.0,1.571,183.0,1.0,0.143,10955.996,0.69,1.084,126.216,0.69,0.099,0.56,,,,,,,,,,,,,,,,,,,,,,,,,,,,,,,,1449891.0,45.194,22.4,2.846,1.752,22604.873,,202.812,7.78,,,24.64,2.1,58.74,0.592,,,,
GNQ,Africa,Equatorial Guinea,2022-03-03,15885.0,0.0,1.143,183.0,0.0,0.143,10955.996,0.0,0.788,126.216,0.0,0.099,,,,,,,,,,,,,,,,,,,,,,,,,,,,,,,,,1449891.0,45.194,22.4,2.846,1.752,22604.873,,202.812,7.78,,,24.64,2.1,58.74,0.592,,,,
GNQ,Africa,Equatorial Guinea,2022-03-04,15885.0,0.0,1.143,183.0,0.0,0.143,10955.996,0.0,0.788,126.216,0.0,0.099,,,,,,,,,,,,,,,,,,,,,,,,,,,,,,,,,1449891.0,45.194,22.4,2.846,1.752,22604.873,,202.812,7.78,,,24.64,2.1,58.74,0.592,,,,
GNQ,Africa,Equatorial Guinea,2022-03-05,15889.0,4.0,1.714,183.0,0.0,0.143,10958.755,2.759,1.182,126.216,0.0,0.099,,,,,,,,,,,,,,,,,,,,,,,,,,,,,,,,,1449891.0,45.194,22.4,2.846,1.752,22604.873,,202.812,7.78,,,24.64,2.1,58.74,0.592,,,,
ERI,Africa,Eritrea,2022-03-01,9704.0,3.0,2.143,103.0,0.0,0.0,2694.461,0.833,0.595,28.599,0.0,0.0,0.59,,,,,,,,,,,,,,,,,,,,,,,,,,,,,,,,3601462.0,44.304,19.3,3.607,2.171,1510.459,,311.11,6.05,0.2,11.4,,0.7,66.32,0.459,,,,
ERI,Africa,Eritrea,2022-03-02,9705.0,1.0,1.571,103.0,0.0,0.0,2694.739,0.278,0.436,28.599,0.0,0.0,0.58,,,,,,,,,,,,,,,,,,,,,,,,,,,,,,,,3601462.0,44.304,19.3,3.607,2.171,1510.459,,311.11,6.05,0.2,11.4,,0.7,66.32,0.459,,,,
ERI,Africa,Eritrea,2022-03-03,9707.0,2.0,1.571,103.0,0.0,0.0,2695.294,0.555,0.436,28.599,0.0,0.0,,,,,,,,,,,,,,,,,,,,,,,,,,,,,,,,,3601462.0,44.304,19.3,3.607,2.171,1510.459,,311.11,6.05,0.2,11.4,,0.7,66.32,0.459,,,,
ERI,Africa,Eritrea,2022-03-04,9708.0,1.0,1.429,103.0,0.0,0.0,2695.572,0.278,0.397,28.599,0.0,0.0,,,,,,,,,,,,,,,,,,,,,,,,,,,,,,,,,3601462.0,44.304,19.3,3.607,2.171,1510.459,,311.11,6.05,0.2,11.4,,0.7,66.32,0.459,,,,
ERI,Africa,Eritrea,2022-03-05,9715.0,7.0,2.143,103.0,0.0,0.0,2697.516,1.944,0.595,28.599,0.0,0.0,,,,,,,,,,,,,,,,,,,,,,,,,,,,,,,,,3601462.0,44.304,19.3,3.607,2.171,1510.459,,311.11,6.05,0.2,11.4,,0.7,66.32,0.459,,,,
EST,Europe,Estonia,2022-03-01,499083.0,4653.0,4442.0,2250.0,14.0,9.857,376612.979,3511.2,3351.977,1697.872,10.565,7.438,0.88,,,,,,,,,8600.0,3132237.0,2363.617,6.49,7480.0,5.644,0.5939,1.7,tests performed,1955246.0,857468.0,839404.0,443815.0,1045.0,803.0,147.54,64.71,63.34,33.49,606.0,78.0,0.006,,1325188.0,31.033,42.7,19.452,13.491,29481.252,0.5,255.569,4.02,24.5,39.3,,4.69,78.74,0.892,,,,
EST,Europe,Estonia,2022-03-02,504148.0,5065.0,4228.286,2259.0,9.0,10.143,380435.078,3822.099,3190.706,1704.664,6.791,7.654,0.88,,,,,,,,,6669.0,3138906.0,2368.65,5.032,7265.0,5.482,0.582,1.7,tests performed,1956132.0,857535.0,839587.0,444513.0,886.0,793.0,147.61,64.71,63.36,33.54,598.0,72.0,0.005,,1325188.0,31.033,42.7,19.452,13.491,29481.252,0.5,255.569,4.02,24.5,39.3,,4.69,78.74,0.892,,,,
EST,Europe,Estonia,2022-03-03,507711.0,3563.0,4110.0,2267.0,8.0,10.286,383123.753,2688.675,3101.447,1710.701,6.037,7.762,,,,,,,,,,6548.0,3145454.0,2373.591,4.941,7025.0,5.301,0.5851,1.7,tests performed,1957135.0,857632.0,839797.0,445313.0,1003.0,915.0,147.69,64.72,63.37,33.6,690.0,84.0,0.006,,1325188.0,31.033,42.7,19.452,13.491,29481.252,0.5,255.569,4.02,24.5,39.3,,4.69,78.74,0.892,,,,
EST,Europe,Estonia,2022-03-04,511022.0,3311.0,3866.714,2275.0,8.0,10.143,385622.266,2498.513,2917.861,1716.738,6.037,7.654,,,,,,,,,,,,,,,,,,,1958337.0,857745.0,840056.0,446264.0,1202.0,860.0,147.78,64.73,63.39,33.68,649.0,81.0,0.006,,1325188.0,31.033,42.7,19.452,13.491,29481.252,0.5,255.569,4.02,24.5,39.3,,4.69,78.74,0.892,,,,
EST,Europe,Estonia,2022-03-05,514067.0,3045.0,3730.286,2290.0,15.0,11.0,387920.054,2297.787,2814.911,1728.057,11.319,8.301,,,,,,,,,,,,,,,,,,,1958749.0,857787.0,840122.0,446614.0,412.0,837.0,147.81,64.73,63.4,33.7,632.0,81.0,0.006,,1325188.0,31.033,42.7,19.452,13.491,29481.252,0.5,255.569,4.02,24.5,39.3,,4.69,78.74,0.892,,,,
SWZ,Africa,Eswatini,2022-03-01,69191.0,31.0,24.286,1390.0,0.0,0.0,59018.108,26.442,20.715,1185.634,0.0,0.0,0.87,,,,,,,,,,,,,,,,,,,,,,,,,,,,,,,,1172369.0,79.492,21.5,3.163,1.845,7738.975,,333.436,3.94,1.7,16.5,24.097,2.1,60.19,0.611,,,,
SWZ,Africa,Eswatini,2022-03-02,69211.0,20.0,23.0,1390.0,0.0,0.0,59035.167,17.059,19.618,1185.634,0.0,0.0,0.84,,,,,,,,,,,,,,,,,,,,,,,,,,,,,,,,1172369.0,79.492,21.5,3.163,1.845,7738.975,,333.436,3.94,1.7,16.5,24.097,2.1,60.19,0.611,,,,
SWZ,Africa,Eswatini,2022-03-03,69258.0,47.0,23.286,1391.0,1.0,0.143,59075.257,40.09,19.862,1186.487,0.853,0.122,,,,,,,,,,,,,,,,,,,,,,,,,,,,,,,,,1172369.0,79.492,21.5,3.163,1.845,7738.975,,333.436,3.94,1.7,16.5,24.097,2.1,60.19,0.611,,,,
SWZ,Africa,Eswatini,2022-03-04,69290.0,32.0,24.429,1391.0,0.0,0.143,59102.552,27.295,20.837,1186.487,0.0,0.122,,,,,,,,,,,,,,,,,,,,,,,,,,,,,,,,,1172369.0,79.492,21.5,3.163,1.845,7738.975,,333.436,3.94,1.7,16.5,24.097,2.1,60.19,0.611,,,,
SWZ,Africa,Eswatini,2022-03-05,69297.0,7.0,24.571,1391.0,0.0,0.143,59108.523,5.971,20.959,1186.487,0.0,0.122,,,,,,,,,,,,,,,,,,,,,,,,,,,,,,,,,1172369.0,79.492,21.5,3.163,1.845,7738.975,,333.436,3.94,1.7,16.5,24.097,2.1,60.19,0.611,,,,
ETH,Africa,Ethiopia,2022-03-01,468770.0,43.0,49.143,7463.0,1.0,3.143,3976.799,0.365,0.417,63.312,0.008,0.027,0.46,,,,,,,,,,,,,5616.0,0.048,0.0088,114.3,tests performed,24450750.0,20020958.0,,,171774.0,513926.0,20.74,16.98,,,4360.0,405644.0,0.344,,117876226.0,104.957,19.8,3.526,2.063,1729.927,26.7,182.634,7.47,0.4,8.5,7.96,0.3,66.6,0.485,,,,
ETH,Africa,Ethiopia,2022-03-02,468786.0,16.0,41.571,7467.0,4.0,3.0,3976.934,0.136,0.353,63.346,0.034,0.025,0.4,,,,,,,,,,4512424.0,38.281,,5341.0,0.045,0.0078,128.5,tests performed,,,,,,,,,,,,,,,117876226.0,104.957,19.8,3.526,2.063,1729.927,26.7,182.634,7.47,0.4,8.5,7.96,0.3,66.6,0.485,,,,
ETH,Africa,Ethiopia,2022-03-03,468850.0,64.0,40.857,7473.0,6.0,3.286,3977.477,0.543,0.347,63.397,0.051,0.028,,,,,,,,,,,,,,4793.0,0.041,0.0085,117.3,tests performed,,,,,,,,,,,,,,,117876226.0,104.957,19.8,3.526,2.063,1729.927,26.7,182.634,7.47,0.4,8.5,7.96,0.3,66.6,0.485,,,,
ETH,Africa,Ethiopia,2022-03-04,468895.0,45.0,41.286,7476.0,3.0,3.143,3977.859,0.382,0.35,63.422,0.025,0.027,,,,,,,,,,,4516402.0,38.315,,4277.0,0.036,,,tests performed,,,,,,,,,,,,,,,117876226.0,104.957,19.8,3.526,2.063,1729.927,26.7,182.634,7.47,0.4,8.5,7.96,0.3,66.6,0.485,,,,
ETH,Africa,Ethiopia,2022-03-05,468930.0,35.0,43.571,7476.0,0.0,2.571,3978.156,0.297,0.37,63.422,0.0,0.022,,,,,,,,,,,,,,,,,,,,,,,,,,,,,,,,,117876226.0,104.957,19.8,3.526,2.063,1729.927,26.7,182.634,7.47,0.4,8.5,7.96,0.3,66.6,0.485,,,,
OWID_EUR,,Europe,2022-03-01,158395048.0,709783.0,668584.714,1714691.0,3254.0,2709.857,211485.817,947.688,892.681,2289.42,4.345,3.618,,,,,,,,,,,,,,,,,,,1241536206.0,507304499.0,483682957.0,278105411.0,2264276.0,645296.0,165.77,67.73,64.58,37.13,862.0,123441.0,0.016,,748962983.0,,,,,,,,,,,,,,,,,,
OWID_EUR,,Europe,2022-03-02,159130843.0,735795.0,644456.286,1717540.0,2849.0,2590.143,212468.235,982.418,860.465,2293.224,3.804,3.458,,,,,,,,,,,,,,,,,,,1242004582.0,507344703.0,483809709.0,278416896.0,2316844.0,615136.0,165.83,67.74,64.6,37.17,821.0,121571.0,0.016,,748962983.0,,,,,,,,,,,,,,,,,,
OWID_EUR,,Europe,2022-03-03,160004990.0,874147.0,649089.0,1720598.0,3058.0,2564.571,213635.378,1167.143,866.65,2297.307,4.083,3.424,,,,,,,,,,,,,,,,,,,1242652733.0,507382407.0,484308368.0,279333209.0,2414976.0,598431.0,165.92,67.74,64.66,37.3,799.0,116886.0,0.016,,748962983.0,,,,,,,,,,,,,,,,,,
OWID_EUR,,Europe,2022-03-04,160741528.0,736551.0,652997.0,1723335.0,2740.0,2548.0,214618.788,983.428,871.868,2300.962,3.658,3.402,,,,,,,,,,,,,,,,,,,1243003043.0,507817330.0,484444002.0,279570495.0,764492.0,587859.0,165.96,67.8,64.68,37.33,785.0,115749.0,0.015,,748962983.0,,,,,,,,,,,,,,,,,,
OWID_EUR,,Europe,2022-03-05,161250662.0,509134.0,653084.571,1725140.0,1805.0,2527.143,215298.574,679.785,871.985,2303.372,2.41,3.374,,,,,,,,,,,,,,,,,,,1243396207.0,507881194.0,484539504.0,279804637.0,927696.0,609581.0,166.02,67.81,64.69,37.36,814.0,118866.0,0.016,,748962983.0,,,,,,,,,,,,,,,,,,
OWID_EUN,,European Union,2022-03-01,108969314.0,472462.0,459807.714,1012890.0,2102.0,1619.714,243675.696,1056.513,1028.216,2265.011,4.7,3.622,,,,,,,,,,,,,,,,,,,850257468.0,335390776.0,324218464.0,217462454.0,458661.0,484145.0,190.13,75.0,72.5,48.63,1083.0,60580.0,0.014,,447189915.0,,,,,,,,,,,,,,,,,,
OWID_EUN,,European Union,2022-03-02,109508253.0,538939.0,444178.857,1014732.0,1842.0,1563.0,244880.865,1205.168,993.267,2269.13,4.119,3.495,,,,,,,,,,,,,,,,,,,850666609.0,335422274.0,324326935.0,217744500.0,506664.0,456423.0,190.22,75.01,72.53,48.69,1021.0,58954.0,0.013,,447189915.0,,,,,,,,,,,,,,,,,,
OWID_EUN,,European Union,2022-03-03,110201699.0,693446.0,458307.714,1016718.0,1986.0,1567.857,246431.539,1550.675,1024.861,2273.571,4.441,3.506,,,,,,,,,,,,,,,,,,,851147066.0,335453238.0,324430145.0,218023247.0,598292.0,440003.0,190.33,75.01,72.55,48.75,984.0,54554.0,0.012,,447189915.0,,,,,,,,,,,,,,,,,,
OWID_EUN,,European Union,2022-03-04,110761174.0,559475.0,465998.714,1018446.0,1731.0,1553.714,247682.629,1251.09,1042.06,2277.435,3.871,3.474,,,,,,,,,,,,,,,,,,,851456572.0,335475782.0,324501051.0,218222186.0,517542.0,425234.0,190.4,75.02,72.56,48.8,951.0,53430.0,0.012,,447189915.0,,,,,,,,,,,,,,,,,,
OWID_EUN,,European Union,2022-03-05,111173878.0,412704.0,472271.571,1019441.0,995.0,1541.714,248605.512,922.883,1056.087,2279.66,2.225,3.448,,,,,,,,,,,,,,,,,,,851610554.0,335485976.0,324536040.0,218331323.0,478588.0,414012.0,190.44,75.02,72.57,48.82,926.0,52845.0,0.012,,447189915.0,,,,,,,,,,,,,,,,,,
FRO,Europe,Faeroe Islands,2022-03-01,34383.0,146.0,334.143,28.0,0.0,0.571,700935.723,2976.372,6811.874,570.811,0.0,11.649,,,,,,,,,,,,,,,,,,,,,,,,,,,,,,,,13.89,49053.0,35.308,,,,,,,,,,,,80.67,,,,,
FRO,Europe,Faeroe Islands,2022-03-02,34658.0,275.0,251.286,28.0,0.0,0.429,706541.904,5606.181,5122.739,570.811,0.0,8.737,,,,,,,,,,,,,,,,,,,,,,,,,,,,,,,,,49053.0,35.308,,,,,,,,,,,,80.67,,,,,
FRO,Europe,Faeroe Islands,2022-03-03,34658.0,,,28.0,0.0,0.429,706541.904,,,570.811,0.0,8.737,,,,,,,,,,,,,,,,,,,,,,,,,,,,,,,,,49053.0,35.308,,,,,,,,,,,,80.67,,,,,
FRO,Europe,Faeroe Islands,2022-03-04,34658.0,,,28.0,0.0,0.286,706541.904,,,570.811,0.0,5.825,,,,,,,,,,,,,,,,,,,,,,,,,,,,,,,,,49053.0,35.308,,,,,,,,,,,,80.67,,,,,
FRO,Europe,Faeroe Islands,2022-03-05,34658.0,,,28.0,0.0,0.286,706541.904,,,570.811,0.0,5.825,,,,,,,,,,,,,,,,,,,,,,,,,,,,,,,,,49053.0,35.308,,,,,,,,,,,,80.67,,,,,
FLK,South America,Falkland Islands,2022-03-01,110.0,0.0,0.714,,,,31179.138,0.0,202.462,,,,,,,,,,,,,,,,,,,,,,,,,,,,,,,,,,,,3528.0,,,,,,,,,,,,,81.44,,,,,
FLK,South America,Falkland Islands,2022-03-02,113.0,3.0,1.143,,,,32029.478,850.34,323.939,,,,,,,,,,,,,,,,,,,,,,,,,,,,,,,,,,,,3528.0,,,,,,,,,,,,,81.44,,,,,
FLK,South America,Falkland Islands,2022-03-03,114.0,1.0,0.714,,,,32312.925,283.447,202.462,,,,,,,,,,,,,,,,,,,,,,,,,,,,,,,,,,,,3528.0,,,,,,,,,,,,,81.44,,,,,
FLK,South America,Falkland Islands,2022-03-04,115.0,1.0,0.857,,,,32596.372,283.447,242.954,,,,,,,,,,,,,,,,,,,,,,,,,,,,,,,,,,,,3528.0,,,,,,,,,,,,,81.44,,,,,
FLK,South America,Falkland Islands,2022-03-05,115.0,0.0,0.857,,,,32596.372,0.0,242.954,,,,,,,,,,,,,,,,,,,,,,,,,,,,,,,,,,,,3528.0,,,,,,,,,,,,,81.44,,,,,
FJI,Oceania,Fiji,2022-03-01,63930.0,0.0,40.0,834.0,0.0,1.143,70805.262,0.0,44.302,923.691,0.0,1.266,1.31,,,,,,,,,,497559.0,551.068,,205.0,0.227,,,tests performed,,,,104572.0,,,,,,11.58,,,,,902899.0,49.562,28.6,6.224,3.284,8702.975,1.4,412.82,14.49,10.2,34.8,,2.3,67.44,0.743,,,,
FJI,Oceania,Fiji,2022-03-02,63999.0,69.0,44.571,834.0,0.0,1.143,70881.682,76.421,49.365,923.691,0.0,1.266,1.31,,,,,,,,,,,,,196.0,0.217,,,tests performed,,,,,,,,,,,,,,,902899.0,49.562,28.6,6.224,3.284,8702.975,1.4,412.82,14.49,10.2,34.8,,2.3,67.44,0.743,,,,
FJI,Oceania,Fiji,2022-03-03,63999.0,0.0,44.571,834.0,0.0,1.143,70881.682,0.0,49.365,923.691,0.0,1.266,,,,,,,,,,,497869.0,551.412,,187.0,0.207,,,tests performed,,,,105295.0,,,,,,11.66,,,,,902899.0,49.562,28.6,6.224,3.284,8702.975,1.4,412.82,14.49,10.2,34.8,,2.3,67.44,0.743,,,,
FJI,Oceania,Fiji,2022-03-04,64019.0,20.0,37.571,834.0,0.0,0.143,70903.833,22.151,41.612,923.691,0.0,0.158,,,,,,,,,,,,,,,,,,,,,,,,,,,,,,,,,902899.0,49.562,28.6,6.224,3.284,8702.975,1.4,412.82,14.49,10.2,34.8,,2.3,67.44,0.743,,,,
FJI,Oceania,Fiji,2022-03-05,64019.0,0.0,37.571,834.0,0.0,0.143,70903.833,0.0,41.612,923.691,0.0,0.158,,,,,,,,,,,,,,,,,,,,,,,,,,,,,,,,,902899.0,49.562,28.6,6.224,3.284,8702.975,1.4,412.82,14.49,10.2,34.8,,2.3,67.44,0.743,,,,
FIN,Europe,Finland,2022-03-01,657443.0,19686.0,4568.571,2380.0,14.0,7.286,118493.191,3548.075,823.409,428.956,2.523,1.313,1.22,31.0,5.587,693.0,124.902,,,,,17372.0,9997682.0,1801.916,3.131,14510.0,2.615,0.269,3.7,tests performed,11444253.0,,4222852.0,2764874.0,1198.0,2647.0,206.26,,76.11,49.83,477.0,,,,5548361.0,18.136,42.8,21.228,13.264,40585.721,,153.507,5.76,18.3,22.6,,3.28,81.91,0.938,,,,
FIN,Europe,Finland,2022-03-02,658559.0,1116.0,4118.857,2381.0,1.0,4.286,118694.332,201.14,742.356,429.136,0.18,0.772,1.21,31.0,5.587,763.0,137.518,,,,,10850.0,10008532.0,1803.872,1.956,13309.0,2.399,0.246,4.1,tests performed,11450857.0,,4225745.0,2768308.0,6604.0,2519.0,206.38,,76.16,49.89,454.0,,,,5548361.0,18.136,42.8,21.228,13.264,40585.721,,153.507,5.76,18.3,22.6,,3.28,81.91,0.938,,,,
FIN,Europe,Finland,2022-03-03,664588.0,6029.0,3847.143,2384.0,3.0,2.857,119780.959,1086.627,693.384,429.676,0.541,0.515,,31.0,5.587,756.0,136.256,,,,,,,,,,,,,,11456491.0,,4228053.0,2771392.0,5634.0,2406.0,206.48,,76.2,49.95,434.0,,,,5548361.0,18.136,42.8,21.228,13.264,40585.721,,153.507,5.76,18.3,22.6,,3.28,81.91,0.938,,,,
FIN,Europe,Finland,2022-03-04,671773.0,7185.0,4863.429,2387.0,3.0,3.286,121075.936,1294.977,876.552,430.217,0.541,0.592,,30.0,5.407,739.0,133.192,,,,,,,,,,,,,,11461524.0,,4231437.0,2772975.0,5033.0,3003.0,206.57,,76.26,49.98,541.0,,,,5548361.0,18.136,42.8,21.228,13.264,40585.721,,153.507,5.76,18.3,22.6,,3.28,81.91,0.938,,,,
FIN,Europe,Finland,2022-03-05,671773.0,,,2387.0,0.0,3.286,121075.936,,,430.217,0.0,0.592,,,,,,,,,,,,,,,,,,,,,,,,,,,,,,,,,5548361.0,18.136,42.8,21.228,13.264,40585.721,,153.507,5.76,18.3,22.6,,3.28,81.91,0.938,,,,
FRA,Europe,France,2022-03-01,22835320.0,79794.0,54468.0,138645.0,209.0,185.714,338692.415,1183.501,807.867,2056.376,3.1,2.755,0.67,2408.0,35.715,24437.0,362.448,940.0,13.942,7865.0,116.653,,,,,,,,,,140872727.0,53961132.0,52317204.0,35672010.0,53652.0,63196.0,208.94,80.03,77.6,52.91,937.0,3135.0,0.005,,67422000.0,122.578,42.0,19.718,13.079,38605.671,,86.06,4.77,30.1,35.6,,5.98,82.66,0.901,,,,
FRA,Europe,France,2022-03-02,22893017.0,57697.0,53162.857,138831.0,186.0,181.857,339548.174,855.759,788.509,2059.135,2.759,2.697,0.66,2329.0,34.544,23840.0,353.594,916.0,13.586,7522.0,111.566,,,,,,,,,,140933739.0,53964691.0,52329965.0,35716710.0,61012.0,59012.0,209.03,80.04,77.62,52.97,875.0,2996.0,0.004,,67422000.0,122.578,42.0,19.718,13.079,38605.671,,86.06,4.77,30.1,35.6,,5.98,82.66,0.901,,,,
FRA,Europe,France,2022-03-03,22953299.0,60282.0,52231.0,139011.0,180.0,167.429,340442.274,894.1,774.688,2061.805,2.67,2.483,,2231.0,33.09,23175.0,343.731,866.0,12.844,7207.0,106.894,,,,,,,,,,140971367.0,53967005.0,52337810.0,35744188.0,37628.0,54794.0,209.09,80.04,77.63,53.02,813.0,2834.0,0.004,,67422000.0,122.578,42.0,19.718,13.079,38605.671,,86.06,4.77,30.1,35.6,,5.98,82.66,0.901,,,,
FRA,Europe,France,2022-03-04,23011088.0,57789.0,52181.143,139192.0,181.0,166.429,341299.398,857.124,773.948,2064.489,2.685,2.468,,2153.0,31.933,22643.0,335.84,859.0,12.741,6934.0,102.845,,,,,,,,,,,,,,,,,,,,,,,,67422000.0,122.578,42.0,19.718,13.079,38605.671,,86.06,4.77,30.1,35.6,,5.98,82.66,0.901,,,,
FRA,Europe,France,2022-03-05,23064766.0,53678.0,52189.0,139312.0,120.0,169.143,342095.547,796.15,774.065,2066.269,1.78,2.509,,2075.0,30.776,22196.0,329.21,852.0,12.637,6764.0,100.323,,,,,,,,,,,,,,,,,,,,,,,,67422000.0,122.578,42.0,19.718,13.079,38605.671,,86.06,4.77,30.1,35.6,,5.98,82.66,0.901,,,,
PYF,Oceania,French Polynesia,2022-03-01,67651.0,952.0,725.714,641.0,2.0,0.571,239443.748,3369.506,2568.591,2268.753,7.079,2.023,,,,,,,,,,,,,,,,,,,,,,,,,,,,,,,,,282534.0,77.324,32.7,7.775,4.593,,,,22.63,,,,,77.66,,,,,
PYF,Oceania,French Polynesia,2022-03-02,67651.0,0.0,471.714,641.0,0.0,0.571,239443.748,0.0,1669.584,2268.753,0.0,2.023,,,,,,,,,,,,,,,,,,,,,,,,,,,,,,,,,282534.0,77.324,32.7,7.775,4.593,,,,22.63,,,,,77.66,,,,,
PYF,Oceania,French Polynesia,2022-03-03,68425.0,774.0,406.0,642.0,1.0,0.571,242183.242,2739.493,1436.995,2272.293,3.539,2.023,,,,,,,,,,,,,,,,,,,,,,,,,,,,,,,,,282534.0,77.324,32.7,7.775,4.593,,,,22.63,,,,,77.66,,,,,
PYF,Oceania,French Polynesia,2022-03-04,68425.0,,,642.0,0.0,0.571,242183.242,,,2272.293,0.0,2.023,,,,,,,,,,,,,,,,,,,,,,,,,,,,,,,,,282534.0,77.324,32.7,7.775,4.593,,,,22.63,,,,,77.66,,,,,
PYF,Oceania,French Polynesia,2022-03-05,68425.0,,,642.0,0.0,0.571,242183.242,,,2272.293,0.0,2.023,,,,,,,,,,,,,,,,,,,,,,,,,,,,,,,,,282534.0,77.324,32.7,7.775,4.593,,,,22.63,,,,,77.66,,,,,
GAB,Africa,Gabon,2022-03-01,47543.0,0.0,5.286,303.0,0.0,0.0,20862.908,0.0,2.319,132.963,0.0,0.0,0.58,,,,,,,,,,,,,749.0,0.329,0.0071,141.7,tests performed,,,,,,,,,,,,,,,2278829.0,7.859,23.1,4.45,2.976,16562.413,3.4,259.967,7.2,,,,6.3,66.47,0.703,,,,
GAB,Africa,Gabon,2022-03-02,47543.0,0.0,3.286,303.0,0.0,0.0,20862.908,0.0,1.442,132.963,0.0,0.0,0.58,,,,,,,,,,1569625.0,688.786,,731.0,0.321,0.0045,222.5,tests performed,,,,,,,,,,,,,,,2278829.0,7.859,23.1,4.45,2.976,16562.413,3.4,259.967,7.2,,,,6.3,66.47,0.703,,,,
GAB,Africa,Gabon,2022-03-03,47543.0,0.0,3.286,303.0,0.0,0.0,20862.908,0.0,1.442,132.963,0.0,0.0,,,,,,,,,,,,,,959.0,0.421,0.0034,291.8,tests performed,,,,,,,,,,,,,,,2278829.0,7.859,23.1,4.45,2.976,16562.413,3.4,259.967,7.2,,,,6.3,66.47,0.703,,,,
GAB,Africa,Gabon,2022-03-04,47543.0,0.0,3.286,303.0,0.0,0.0,20862.908,0.0,1.442,132.963,0.0,0.0,,,,,,,,,,,1574269.0,690.824,,1186.0,0.52,,,tests performed,,,,841.0,,,,,,0.04,,,,,2278829.0,7.859,23.1,4.45,2.976,16562.413,3.4,259.967,7.2,,,,6.3,66.47,0.703,,,,
GAB,Africa,Gabon,2022-03-05,47559.0,16.0,5.571,303.0,0.0,0.0,20869.929,7.021,2.445,132.963,0.0,0.0,,,,,,,,,,,,,,,,,,,,,,,,,,,,,,,,,2278829.0,7.859,23.1,4.45,2.976,16562.413,3.4,259.967,7.2,,,,6.3,66.47,0.703,,,,
GMB,Africa,Gambia,2022-03-01,11939.0,0.0,2.143,365.0,0.0,0.0,4800.685,0.0,0.862,146.767,0.0,0.0,0.2,,,,,,,,,,,,,121.0,0.049,0.0177,56.5,tests performed,,,,,,,,,,,,,,13.89,2486937.0,207.566,17.5,2.339,1.417,1561.767,10.1,331.43,1.91,0.7,31.2,7.876,1.1,62.05,0.496,,,,
GMB,Africa,Gambia,2022-03-02,11939.0,0.0,2.143,365.0,0.0,0.0,4800.685,0.0,0.862,146.767,0.0,0.0,0.2,,,,,,,,,,144671.0,58.172,,121.0,0.049,0.0177,56.5,tests performed,,,,,,,,,,,,,,,2486937.0,207.566,17.5,2.339,1.417,1561.767,10.1,331.43,1.91,0.7,31.2,7.876,1.1,62.05,0.496,,,,
GMB,Africa,Gambia,2022-03-03,11948.0,9.0,3.429,365.0,0.0,0.0,4804.303,3.619,1.379,146.767,0.0,0.0,,,,,,,,,,,,,,,,,,,,,,,,,,,,,,,,,2486937.0,207.566,17.5,2.339,1.417,1561.767,10.1,331.43,1.91,0.7,31.2,7.876,1.1,62.05,0.496,,,,
GMB,Africa,Gambia,2022-03-04,11948.0,0.0,3.429,365.0,0.0,0.0,4804.303,0.0,1.379,146.767,0.0,0.0,,,,,,,,,,,,,,,,,,,,,,,,,,,,,,,,,2486937.0,207.566,17.5,2.339,1.417,1561.767,10.1,331.43,1.91,0.7,31.2,7.876,1.1,62.05,0.496,,,,
GMB,Africa,Gambia,2022-03-05,11948.0,0.0,3.429,365.0,0.0,0.0,4804.303,0.0,1.379,146.767,0.0,0.0,,,,,,,,,,,,,,,,,,,,,,,,,,,,,,,,,2486937.0,207.566,17.5,2.339,1.417,1561.767,10.1,331.43,1.91,0.7,31.2,7.876,1.1,62.05,0.496,,,,
GEO,Asia,Georgia,2022-03-01,1612319.0,6847.0,6650.0,16199.0,36.0,38.0,405128.383,1720.45,1670.95,4070.333,9.046,9.548,0.5,,,,,,,,,37226.0,13445347.0,3378.421,9.354,17695.0,4.446,0.3758,2.7,tests performed,2822060.0,1574673.0,1247387.0,,1514.0,2442.0,70.91,39.57,31.34,,614.0,1847.0,0.046,,3979773.0,65.032,38.7,14.864,10.244,9745.079,4.2,496.218,7.11,5.3,55.5,,2.6,73.77,0.812,,,,
GEO,Asia,Georgia,2022-03-02,1616159.0,3840.0,5737.143,16231.0,32.0,35.714,406093.262,964.879,1441.575,4078.373,8.041,8.974,0.47,,,,,,,,,20075.0,13465422.0,3383.465,5.044,17926.0,4.504,0.32,3.1,tests performed,2823426.0,1575509.0,1247917.0,,1366.0,2186.0,70.94,39.59,31.36,,549.0,1638.0,0.041,,3979773.0,65.032,38.7,14.864,10.244,9745.079,4.2,496.218,7.11,5.3,55.5,,2.6,73.77,0.812,,,,
GEO,Asia,Georgia,2022-03-03,1619274.0,3115.0,4974.286,16274.0,43.0,36.0,406875.97,782.708,1249.892,4089.178,10.805,9.046,,,,,,,,,,17527.0,13482949.0,3387.869,4.404,17793.0,4.471,0.2796,3.6,tests performed,2823646.0,1575650.0,1247996.0,,220.0,1766.0,70.95,39.59,31.36,,444.0,1331.0,0.033,,3979773.0,65.032,38.7,14.864,10.244,9745.079,4.2,496.218,7.11,5.3,55.5,,2.6,73.77,0.812,,,,
GEO,Asia,Georgia,2022-03-04,1620639.0,1365.0,4100.429,16306.0,32.0,36.0,407218.954,342.984,1030.317,4097.219,8.041,9.046,,,,,,,,,,9671.0,13492620.0,3390.299,2.43,14091.0,3.541,,,tests performed,2825035.0,1576476.0,1248559.0,,1389.0,1503.0,70.98,39.61,31.37,,378.0,1092.0,0.027,,3979773.0,65.032,38.7,14.864,10.244,9745.079,4.2,496.218,7.11,5.3,55.5,,2.6,73.77,0.812,,,,
GEO,Asia,Georgia,2022-03-05,1623672.0,3033.0,3642.857,16338.0,32.0,34.429,407981.058,762.104,915.343,4105.259,8.041,8.651,,,,,,,,,,,,,,,,,,,2825833.0,1577043.0,1248790.0,,798.0,1393.0,71.0,39.63,31.38,,350.0,992.0,0.025,,3979773.0,65.032,38.7,14.864,10.244,9745.079,4.2,496.218,7.11,5.3,55.5,,2.6,73.77,0.812,,,,
DEU,Europe,Germany,2022-03-01,14974722.0,62096.0,135435.286,123024.0,75.0,159.429,178481.978,740.115,1614.237,1466.309,0.894,1.9,0.82,2288.0,27.27,,,1525.0,18.176,7443.0,88.712,,,,,,,,,,170086063.0,63472773.0,62753256.0,47462955.0,110964.0,100482.0,202.72,75.65,74.79,56.57,1198.0,8140.0,0.01,73.15,83900471.0,237.016,46.6,21.453,15.957,45229.245,,156.139,8.31,28.2,33.1,,8.0,81.33,0.947,,,,
DEU,Europe,Germany,2022-03-02,15174376.0,199654.0,131739.429,123311.0,287.0,164.429,180861.631,2379.653,1570.187,1469.73,3.421,1.96,0.81,2201.0,26.233,,,1557.0,18.558,7043.0,83.945,,,,,,,,,,170196493.0,63483325.0,62777440.0,47538721.0,110430.0,93968.0,202.86,75.67,74.82,56.66,1120.0,8119.0,0.01,,83900471.0,237.016,46.6,21.453,15.957,45229.245,,156.139,8.31,28.2,33.1,,8.0,81.33,0.947,,,,
DEU,Europe,Germany,2022-03-03,15531240.0,356864.0,153201.857,123801.0,490.0,202.857,185115.051,4253.421,1825.995,1475.57,5.84,2.418,,2152.0,25.649,,,1548.0,18.45,6685.0,79.678,,,,,,,,,,170332160.0,63494241.0,62806852.0,47634101.0,135667.0,90833.0,203.02,75.68,74.86,56.77,1083.0,8063.0,0.01,,83900471.0,237.016,46.6,21.453,15.957,45229.245,,156.139,8.31,28.2,33.1,,8.0,81.33,0.947,,,,
DEU,Europe,Germany,2022-03-04,15713953.0,182713.0,155376.857,124055.0,254.0,203.0,187292.786,2177.735,1851.919,1478.597,3.027,2.42,,2107.0,25.113,,,1582.0,18.856,6282.0,74.874,,,,,,,,,,170426609.0,63503042.0,62828629.0,47698053.0,94449.0,85405.0,203.13,75.69,74.88,56.85,1018.0,7979.0,0.01,,83900471.0,237.016,46.6,21.453,15.957,45229.245,,156.139,8.31,28.2,33.1,,8.0,81.33,0.947,,,,
DEU,Europe,Germany,2022-03-05,15830112.0,116159.0,156770.0,124107.0,52.0,202.143,188677.272,1384.486,1868.523,1479.217,0.62,2.409,,2101.0,25.042,,,1564.0,18.641,5712.0,68.081,,,,,,,,,,,,,,,,,,,,,,,,83900471.0,237.016,46.6,21.453,15.957,45229.245,,156.139,8.31,28.2,33.1,,8.0,81.33,0.947,,,,
GHA,Africa,Ghana,2022-03-01,159891.0,217.0,142.429,1442.0,0.0,0.143,5038.773,6.838,4.488,45.443,0.0,0.005,1.12,,,,,,,,,,,,,3978.0,0.125,0.0358,27.9,tests performed,,,,,,,,,,,,,,,31732128.0,126.719,21.1,3.385,1.948,4227.63,12.0,298.245,4.97,0.3,7.7,41.047,0.9,64.07,0.611,,,,
GHA,Africa,Ghana,2022-03-02,159891.0,0.0,109.571,1442.0,0.0,0.0,5038.773,0.0,3.453,45.443,0.0,0.0,1.11,,,,,,,,,,2327529.0,73.349,,3161.0,0.1,0.0347,28.8,tests performed,,,,,,,,,,,,,,,31732128.0,126.719,21.1,3.385,1.948,4227.63,12.0,298.245,4.97,0.3,7.7,41.047,0.9,64.07,0.611,,,,
GHA,Africa,Ghana,2022-03-03,160028.0,137.0,129.143,1442.0,0.0,0.0,5043.091,4.317,4.07,45.443,0.0,0.0,,,,,,,,,,,,,,,,,,,,,,,,,,,,,,,,,31732128.0,126.719,21.1,3.385,1.948,4227.63,12.0,298.245,4.97,0.3,7.7,41.047,0.9,64.07,0.611,,,,
GHA,Africa,Ghana,2022-03-04,160028.0,,,1442.0,0.0,0.0,5043.091,,,45.443,0.0,0.0,,,,,,,,,,,,,,,,,,,,,,127214.0,,,,,,0.4,,,,,31732128.0,126.719,21.1,3.385,1.948,4227.63,12.0,298.245,4.97,0.3,7.7,41.047,0.9,64.07,0.611,,,,
GHA,Africa,Ghana,2022-03-05,160028.0,,,1442.0,0.0,0.0,5043.091,,,45.443,0.0,0.0,,,,,,,,,,,,,,,,,,,,,,,,,,,,,,,,,31732128.0,126.719,21.1,3.385,1.948,4227.63,12.0,298.245,4.97,0.3,7.7,41.047,0.9,64.07,0.611,,,,
GIB,Europe,Gibraltar,2022-03-01,15488.0,60.0,56.714,101.0,0.0,0.0,459707.34,1780.891,1683.366,2997.833,0.0,0.0,,,,,,,,,,,,,,,,,,,113138.0,41968.0,40917.0,30253.0,,53.0,335.81,124.57,121.45,89.8,1573.0,27.0,0.08,,33691.0,3457.1,,,,,,,,,,,,79.93,,,,,
GIB,Europe,Gibraltar,2022-03-02,15622.0,134.0,64.571,101.0,0.0,0.0,463684.664,3977.323,1916.578,2997.833,0.0,0.0,,,,,,,,,,,,,,,,,,,,,,,,,,,,,,,,,33691.0,3457.1,,,,,,,,,,,,79.93,,,,,
GIB,Europe,Gibraltar,2022-03-03,15622.0,,,101.0,0.0,0.0,463684.664,,,2997.833,0.0,0.0,,,,,,,,,,,,,,,,,,,,,,,,,,,,,,,,,33691.0,3457.1,,,,,,,,,,,,79.93,,,,,
GIB,Europe,Gibraltar,2022-03-04,15609.0,,,101.0,0.0,0.0,463298.804,,,2997.833,0.0,0.0,,,,,,,,,,,,,,,,,,,,,,,,,,,,,,,,,33691.0,3457.1,,,,,,,,,,,,79.93,,,,,
GIB,Europe,Gibraltar,2022-03-05,15609.0,,,101.0,0.0,0.0,463298.804,,,2997.833,0.0,0.0,,,,,,,,,,,,,,,,,,,,,,,,,,,,,,,,,33691.0,3457.1,,,,,,,,,,,,79.93,,,,,
GRC,Europe,Greece,2022-03-01,2438872.0,17208.0,14608.143,25914.0,54.0,61.286,235168.402,1659.283,1408.591,2498.759,5.207,5.909,0.91,,,,,,,,,466528.0,66001463.0,6364.196,44.985,291764.0,28.133,0.0501,20.0,samples tested,20166431.0,7861093.0,7540102.0,5349957.0,19185.0,19449.0,194.45,75.8,72.71,51.59,1875.0,2066.0,0.02,,10370747.0,83.479,45.3,20.396,14.524,24574.382,1.5,175.695,4.55,35.3,52.0,,4.21,82.24,0.888,,,,
GRC,Europe,Greece,2022-03-02,2454429.0,15557.0,14407.429,25972.0,58.0,62.0,236668.487,1500.085,1389.237,2504.352,5.593,5.978,0.91,,,,,,,,,297556.0,66299019.0,6392.888,28.692,288394.0,27.808,0.05,20.0,samples tested,20180468.0,7862972.0,7542618.0,5359595.0,14037.0,18326.0,194.59,75.82,72.73,51.68,1767.0,1976.0,0.019,,10370747.0,83.479,45.3,20.396,14.524,24574.382,1.5,175.695,4.55,35.3,52.0,,4.21,82.24,0.888,,,,
GRC,Europe,Greece,2022-03-03,2470212.0,15783.0,14402.286,26036.0,64.0,61.857,238190.364,1521.877,1388.741,2510.523,6.171,5.965,,,,,,,,,,,,,,291241.0,28.083,0.0495,20.2,samples tested,20197334.0,7865151.0,7545476.0,5371293.0,16866.0,17986.0,194.75,75.84,72.76,51.79,1734.0,2002.0,0.019,,10370747.0,83.479,45.3,20.396,14.524,24574.382,1.5,175.695,4.55,35.3,52.0,,4.21,82.24,0.888,,,,
GRC,Europe,Greece,2022-03-04,2486262.0,16050.0,14422.571,26092.0,56.0,60.571,239737.986,1547.622,1390.697,2515.923,5.4,5.841,,,,,,,,,,,66920511.0,6452.815,,284728.0,27.455,,,samples tested,20211767.0,7866947.0,7548112.0,5381241.0,14433.0,17011.0,194.89,75.86,72.78,51.89,1640.0,1914.0,0.018,,10370747.0,83.479,45.3,20.396,14.524,24574.382,1.5,175.695,4.55,35.3,52.0,,4.21,82.24,0.888,,,,
GRC,Europe,Greece,2022-03-05,2499259.0,12997.0,14581.714,26143.0,51.0,60.571,240991.223,1253.237,1406.043,2520.841,4.918,5.841,,,,,,,,,,,,,,,,,,,20229483.0,7869354.0,7551492.0,5393028.0,17716.0,15745.0,195.06,75.88,72.82,52.0,1518.0,1860.0,0.018,,10370747.0,83.479,45.3,20.396,14.524,24574.382,1.5,175.695,4.55,35.3,52.0,,4.21,82.24,0.888,,,,
GRL,North America,Greenland,2022-03-01,11747.0,22.0,14.571,19.0,1.0,0.857,206566.083,386.861,256.232,334.107,17.585,15.072,,,,,,,,,,,,,,,,,,,,,,,,,,,,,,,,,56868.0,0.137,,,,,,199.941,2.16,,,,,71.7,,,,,
GRL,North America,Greenland,2022-03-02,11759.0,12.0,16.286,19.0,0.0,0.429,206777.098,211.015,286.377,334.107,0.0,7.536,,,,,,,,,,,,,,,,,,,,,,,,,,,,,,,,,56868.0,0.137,,,,,,199.941,2.16,,,,,71.7,,,,,
GRL,North America,Greenland,2022-03-03,11778.0,19.0,12.714,18.0,,,207111.205,334.107,223.575,316.522,,,,,,,,,,,,,,,,,,,,,,,,,,,,,,,,,,,56868.0,0.137,,,,,,199.941,2.16,,,,,71.7,,,,,
GRL,North America,Greenland,2022-03-04,11806.0,28.0,13.0,20.0,2.0,,207603.573,492.368,228.6,351.692,35.169,,,,,,,,,,,,,,,,,,,,,,,,,,,,,,,,,,56868.0,0.137,,,,,,199.941,2.16,,,,,71.7,,,,,
GRL,North America,Greenland,2022-03-05,11806.0,0.0,13.0,20.0,0.0,,207603.573,0.0,228.6,351.692,0.0,,,,,,,,,,,,,,,,,,,,,,,,,,,,,,,,,,56868.0,0.137,,,,,,199.941,2.16,,,,,71.7,,,,,
GRD,North America,Grenada,2022-03-01,13690.0,0.0,,216.0,0.0,0.286,121134.363,0.0,,1911.251,0.0,2.528,0.37,,,,,,,,,,,,,,,,,,,,,,,48.0,,,,,425.0,12.0,0.011,,113015.0,317.132,29.4,7.304,5.021,13593.877,,243.964,10.71,,,,3.7,72.4,0.779,,,,
GRD,North America,Grenada,2022-03-02,13690.0,0.0,,216.0,0.0,0.286,121134.363,0.0,,1911.251,0.0,2.528,0.36,,,,,,,,,,,,,,,,,,86011.0,43005.0,37504.0,5502.0,,45.0,76.11,38.05,33.18,4.87,398.0,11.0,0.01,,113015.0,317.132,29.4,7.304,5.021,13593.877,,243.964,10.71,,,,3.7,72.4,0.779,,,,
GRD,North America,Grenada,2022-03-03,13690.0,0.0,,216.0,0.0,0.286,121134.363,0.0,,1911.251,0.0,2.528,,,,,,,,,,,,,,,,,,,,,,,,,,,,,,,,,113015.0,317.132,29.4,7.304,5.021,13593.877,,243.964,10.71,,,,3.7,72.4,0.779,,,,
GRD,North America,Grenada,2022-03-04,13690.0,0.0,,216.0,0.0,0.286,121134.363,0.0,,1911.251,0.0,2.528,,,,,,,,,,,,,,,,,,,,,,,,,,,,,,,,,113015.0,317.132,29.4,7.304,5.021,13593.877,,243.964,10.71,,,,3.7,72.4,0.779,,,,
GRD,North America,Grenada,2022-03-05,13690.0,0.0,,216.0,0.0,0.286,121134.363,0.0,,1911.251,0.0,2.528,,,,,,,,,,,,,,,,,,,,,,,,,,,,,,,,,113015.0,317.132,29.4,7.304,5.021,13593.877,,243.964,10.71,,,,3.7,72.4,0.779,,,,
GTM,North America,Guatemala,2022-03-01,780815.0,3824.0,2674.143,17010.0,39.0,25.286,42784.693,209.536,146.529,932.062,2.137,1.386,0.94,,,,,,,,,,,,,,,,,,,,,,,47666.0,,,,,2612.0,11411.0,0.063,,18249868.0,157.834,22.9,4.694,3.016,7423.808,8.7,155.898,10.18,,,76.665,0.6,74.3,0.663,,,,
GTM,North America,Guatemala,2022-03-02,784024.0,3209.0,2507.0,17018.0,8.0,22.429,42960.53,175.837,137.371,932.5,0.438,1.229,0.94,,,,,,,,,,,,,,,,,,14749970.0,7234111.0,5675354.0,1840505.0,,48069.0,80.82,39.64,31.1,10.09,2634.0,11538.0,0.063,,18249868.0,157.834,22.9,4.694,3.016,7423.808,8.7,155.898,10.18,,,76.665,0.6,74.3,0.663,,,,
GTM,North America,Guatemala,2022-03-03,786869.0,2845.0,2390.571,17029.0,11.0,17.571,43116.421,155.892,130.991,933.103,0.603,0.963,,,,,,,,,,,,,,,,,,,,,,,,50108.0,,,,,2746.0,12214.0,0.067,,18249868.0,157.834,22.9,4.694,3.016,7423.808,8.7,155.898,10.18,,,76.665,0.6,74.3,0.663,,,,
GTM,North America,Guatemala,2022-03-04,789354.0,2485.0,2254.143,17045.0,16.0,15.143,43252.587,136.165,123.516,933.979,0.877,0.83,,,,,,,,,,,,,,,,,,,14900511.0,7275131.0,5716727.0,1908653.0,,52147.0,81.65,39.86,31.32,10.46,2857.0,12891.0,0.071,,18249868.0,157.834,22.9,4.694,3.016,7423.808,8.7,155.898,10.18,,,76.665,0.6,74.3,0.663,,,,
GTM,North America,Guatemala,2022-03-05,791944.0,2590.0,2240.286,17073.0,28.0,16.0,43394.506,141.919,122.756,935.514,1.534,0.877,,,,,,,,,,,,,,,,,,,,,,,,,,,,,,,,,18249868.0,157.834,22.9,4.694,3.016,7423.808,8.7,155.898,10.18,,,76.665,0.6,74.3,0.663,,,,
GIN,Africa,Guinea,2022-03-01,36397.0,0.0,0.571,440.0,0.0,0.0,2696.626,0.0,0.042,32.599,0.0,0.0,0.52,,,,,,,,,,,,,,,,,,,,,,,,,,,,,,,,13497237.0,51.755,19.0,3.135,1.733,1998.926,35.3,336.717,2.42,,,17.45,0.3,61.6,0.477,,,,
GIN,Africa,Guinea,2022-03-02,36397.0,0.0,0.571,440.0,0.0,0.0,2696.626,0.0,0.042,32.599,0.0,0.0,0.51,,,,,,,,,,,,,,,,,,,,,,,,,,,,,,,,13497237.0,51.755,19.0,3.135,1.733,1998.926,35.3,336.717,2.42,,,17.45,0.3,61.6,0.477,,,,
GIN,Africa,Guinea,2022-03-03,36397.0,0.0,0.571,440.0,0.0,0.0,2696.626,0.0,0.042,32.599,0.0,0.0,,,,,,,,,,,,,,,,,,,,,,,,,,,,,,,,,13497237.0,51.755,19.0,3.135,1.733,1998.926,35.3,336.717,2.42,,,17.45,0.3,61.6,0.477,,,,
GIN,Africa,Guinea,2022-03-04,36397.0,0.0,0.571,440.0,0.0,0.0,2696.626,0.0,0.042,32.599,0.0,0.0,,,,,,,,,,,,,,,,,,,,,,,,,,,,,,,,,13497237.0,51.755,19.0,3.135,1.733,1998.926,35.3,336.717,2.42,,,17.45,0.3,61.6,0.477,,,,
GIN,Africa,Guinea,2022-03-05,36397.0,0.0,0.571,440.0,0.0,0.0,2696.626,0.0,0.042,32.599,0.0,0.0,,,,,,,,,,,,,,,,,,,,,,,,,,,,,,,,,13497237.0,51.755,19.0,3.135,1.733,1998.926,35.3,336.717,2.42,,,17.45,0.3,61.6,0.477,,,,
GNB,Africa,Guinea-Bissau,2022-03-01,8022.0,21.0,9.857,167.0,0.0,0.143,3980.174,10.419,4.891,82.858,0.0,0.071,0.89,,,,,,,,,,,,,,,,,,,,,,,,,,,,,,,,2015490.0,66.191,19.4,3.002,1.565,1548.675,67.1,382.474,2.42,,,6.403,,58.32,0.48,,,,
GNB,Africa,Guinea-Bissau,2022-03-02,8027.0,5.0,7.857,167.0,0.0,0.143,3982.654,2.481,3.898,82.858,0.0,0.071,0.89,,,,,,,,,,,,,,,,,,,,,,,,,,,,,,,,2015490.0,66.191,19.4,3.002,1.565,1548.675,67.1,382.474,2.42,,,6.403,,58.32,0.48,,,,
GNB,Africa,Guinea-Bissau,2022-03-03,8027.0,0.0,7.857,167.0,0.0,0.143,3982.654,0.0,3.898,82.858,0.0,0.071,,,,,,,,,,,,,,,,,,,,,,,,,,,,,,,,,2015490.0,66.191,19.4,3.002,1.565,1548.675,67.1,382.474,2.42,,,6.403,,58.32,0.48,,,,
GNB,Africa,Guinea-Bissau,2022-03-04,8027.0,0.0,6.0,167.0,0.0,0.143,3982.654,0.0,2.977,82.858,0.0,0.071,,,,,,,,,,,,,,,,,,,,,,,,,,,,,,,,,2015490.0,66.191,19.4,3.002,1.565,1548.675,67.1,382.474,2.42,,,6.403,,58.32,0.48,,,,
GNB,Africa,Guinea-Bissau,2022-03-05,8027.0,0.0,6.0,167.0,0.0,0.143,3982.654,0.0,2.977,82.858,0.0,0.071,,,,,,,,,,,,,,,,,,,,,,,,,,,,,,,,,2015490.0,66.191,19.4,3.002,1.565,1548.675,67.1,382.474,2.42,,,6.403,,58.32,0.48,,,,
GUY,South America,Guyana,2022-03-01,62946.0,25.0,28.571,1220.0,0.0,0.714,79645.312,31.632,36.151,1543.661,0.0,0.904,0.47,,,,,,,,,,,,,,,,,,811293.0,432381.0,328273.0,50639.0,,1050.0,102.65,54.71,41.54,6.41,1329.0,247.0,0.031,,790329.0,3.952,26.3,5.305,2.837,7435.047,,373.159,11.62,,,77.159,1.6,69.91,0.682,,,,
GUY,South America,Guyana,2022-03-02,62971.0,25.0,27.429,1222.0,2.0,1.0,79676.945,31.632,34.705,1546.192,2.531,1.265,0.47,,,,,,,,,,,,,,,,,,,,,,,,,,,,,,,,790329.0,3.952,26.3,5.305,2.837,7435.047,,373.159,11.62,,,77.159,1.6,69.91,0.682,,,,
GUY,South America,Guyana,2022-03-03,63002.0,31.0,29.143,1223.0,1.0,1.0,79716.169,39.224,36.874,1547.457,1.265,1.265,,,,,,,,,,,,,,,,,,,,,,,,,,,,,,,,,790329.0,3.952,26.3,5.305,2.837,7435.047,,373.159,11.62,,,77.159,1.6,69.91,0.682,,,,
GUY,South America,Guyana,2022-03-04,63024.0,22.0,24.0,1223.0,0.0,1.0,79744.005,27.837,30.367,1547.457,0.0,1.265,,,,,,,,,,,,,,,,,,,,,,,,,,,,,,,,,790329.0,3.952,26.3,5.305,2.837,7435.047,,373.159,11.62,,,77.159,1.6,69.91,0.682,,,,
GUY,South America,Guyana,2022-03-05,63040.0,16.0,21.286,1223.0,0.0,0.429,79764.25,20.245,26.933,1547.457,0.0,0.542,,,,,,,,,,,,,,,,,,,,,,,,,,,,,,,,,790329.0,3.952,26.3,5.305,2.837,7435.047,,373.159,11.62,,,77.159,1.6,69.91,0.682,,,,
HTI,North America,Haiti,2022-03-01,30342.0,0.0,7.857,820.0,0.0,0.143,2628.906,0.0,0.681,71.047,0.0,0.012,0.72,,,,,,,,,,,,,,,,,,,,,,,,,,,,,,,,11541683.0,398.448,24.3,4.8,2.954,1653.173,23.5,430.548,6.65,2.9,23.1,22.863,0.7,64.0,0.51,,,,
HTI,North America,Haiti,2022-03-02,30350.0,8.0,7.286,820.0,0.0,0.0,2629.599,0.693,0.631,71.047,0.0,0.0,0.72,,,,,,,,,,,,,,,,,,,,,,,,,,,,,,,,11541683.0,398.448,24.3,4.8,2.954,1653.173,23.5,430.548,6.65,2.9,23.1,22.863,0.7,64.0,0.51,,,,
HTI,North America,Haiti,2022-03-03,30353.0,3.0,2.429,820.0,0.0,0.0,2629.859,0.26,0.21,71.047,0.0,0.0,,,,,,,,,,,,,,,,,,,,,,,,,,,,,,,,,11541683.0,398.448,24.3,4.8,2.954,1653.173,23.5,430.548,6.65,2.9,23.1,22.863,0.7,64.0,0.51,,,,
HTI,North America,Haiti,2022-03-04,30382.0,29.0,6.571,820.0,0.0,0.0,2632.372,2.513,0.569,71.047,0.0,0.0,,,,,,,,,,,,,,,,,,,,,,,,,,,,,,,,,11541683.0,398.448,24.3,4.8,2.954,1653.173,23.5,430.548,6.65,2.9,23.1,22.863,0.7,64.0,0.51,,,,
HTI,North America,Haiti,2022-03-05,30385.0,3.0,6.429,823.0,3.0,0.429,2632.632,0.26,0.557,71.307,0.26,0.037,,,,,,,,,,,,,,,,,,,,,,,,,,,,,,,,,11541683.0,398.448,24.3,4.8,2.954,1653.173,23.5,430.548,6.65,2.9,23.1,22.863,0.7,64.0,0.51,,,,
OWID_HIC,,High income,2022-03-01,235537731.0,1056907.0,951251.857,2206955.0,4564.0,4103.857,193869.348,869.932,782.968,1816.528,3.757,3.378,,,,,,,,,,,,,,,,,,,2308814661.0,955605549.0,889430435.0,500606523.0,3083603.0,2664223.0,190.04,78.66,73.21,41.2,2193.0,221181.0,0.018,,1214930230.0,,,,,,,,,,,,,,,,,,
OWID_HIC,,High income,2022-03-02,236687779.0,1150048.0,947132.857,2211663.0,4708.0,3952.286,194815.943,946.596,779.578,1820.403,3.875,3.253,,,,,,,,,,,,,,,,,,,2312350858.0,955764422.0,889706861.0,503721121.0,3101398.0,2637959.0,190.33,78.67,73.23,41.46,2171.0,214291.0,0.018,,1214930230.0,,,,,,,,,,,,,,,,,,
OWID_HIC,,High income,2022-03-03,238016913.0,1329134.0,981939.429,2216533.0,4871.0,3853.0,195909.944,1094.0,808.227,1824.412,4.009,3.171,,,,,,,,,,,,,,,,,,,2314443500.0,955876216.0,889916397.0,505421684.0,2733864.0,2580579.0,190.5,78.68,73.25,41.6,2124.0,200348.0,0.016,,1214930230.0,,,,,,,,,,,,,,,,,,
OWID_HIC,,High income,2022-03-04,239189944.0,1173044.0,1007676.714,2221157.0,4627.0,3826.0,196875.457,965.524,829.411,1828.218,3.808,3.149,,,,,,,,,,,,,,,,,,,2315271612.0,955935313.0,890063277.0,506042420.0,2632112.0,2467257.0,190.57,78.68,73.26,41.65,2031.0,186077.0,0.015,,1214930230.0,,,,,,,,,,,,,,,,,,
OWID_HIC,,High income,2022-03-05,240051555.0,861611.0,1018836.0,2223149.0,1992.0,3771.714,197584.642,709.186,838.596,1829.857,1.64,3.104,,,,,,,,,,,,,,,,,,,2315595329.0,955961210.0,890124926.0,506278591.0,2185017.0,2416925.0,190.59,78.68,73.27,41.67,1989.0,175585.0,0.014,,1214930230.0,,,,,,,,,,,,,,,,,,
HND,North America,Honduras,2022-03-01,412733.0,1521.0,611.0,10778.0,58.0,15.286,41014.931,151.148,60.718,1071.053,5.764,1.519,0.42,,,,,,,,,,,,,,,,,,,,,,,,,,,,,,,34.26,10062994.0,82.805,24.9,4.652,2.883,4541.795,16.0,240.208,7.21,2.0,,84.169,0.7,75.27,0.634,,,,
HND,North America,Honduras,2022-03-02,412733.0,0.0,432.143,10778.0,0.0,13.429,41014.931,0.0,42.944,1071.053,0.0,1.334,0.42,,,,,,,,,,,,,,,,,,,,,,,,,,,,,,,34.26,10062994.0,82.805,24.9,4.652,2.883,4541.795,16.0,240.208,7.21,2.0,,84.169,0.7,75.27,0.634,,,,
HND,North America,Honduras,2022-03-03,413699.0,966.0,355.286,10785.0,7.0,9.286,41110.926,95.995,35.306,1071.749,0.696,0.923,,,,,,,,,,,,,,,,,,,,,,,,,,,,,,,,34.26,10062994.0,82.805,24.9,4.652,2.883,4541.795,16.0,240.208,7.21,2.0,,84.169,0.7,75.27,0.634,,,,
HND,North America,Honduras,2022-03-04,413699.0,,,10785.0,0.0,9.286,41110.926,,,1071.749,0.0,0.923,,,,,,,,,,,,,,,,,,,,,,,,,,,,,,,,34.26,10062994.0,82.805,24.9,4.652,2.883,4541.795,16.0,240.208,7.21,2.0,,84.169,0.7,75.27,0.634,,,,
HND,North America,Honduras,2022-03-05,413699.0,,,10785.0,0.0,9.286,41110.926,,,1071.749,0.0,0.923,,,,,,,,,,,,,,,,,,,,,,,,,,,,,,,,34.26,10062994.0,82.805,24.9,4.652,2.883,4541.795,16.0,240.208,7.21,2.0,,84.169,0.7,75.27,0.634,,,,
HKG,Asia,Hong Kong,2022-03-01,238377.0,32597.0,24543.286,990.0,246.0,93.429,31561.408,4315.883,3249.561,131.077,32.571,12.37,,,,,,,,,,,,,,,,,,,,,,,,,,,,,,,,,7552800.0,7039.714,44.8,16.303,10.158,56054.92,,,8.33,,,,,84.86,0.949,,,,
HKG,Asia,Hong Kong,2022-03-02,293730.0,55353.0,31211.714,1168.0,178.0,111.857,38890.213,7328.805,4132.469,154.645,23.567,14.81,,,,,,,,,,,,,,,,,,,,,,,,,,,,,,,,,7552800.0,7039.714,44.8,16.303,10.158,56054.92,,,8.33,,,,,84.86,0.949,,,,
HKG,Asia,Hong Kong,2022-03-03,350557.0,56827.0,38073.0,1366.0,198.0,134.429,46414.178,7523.965,5040.912,180.86,26.215,17.799,,,,,,,,,,,,,,,,,,,,,,,,,,,,,,,,,7552800.0,7039.714,44.8,16.303,10.158,56054.92,,,8.33,,,,,84.86,0.949,,,,
HKG,Asia,Hong Kong,2022-03-04,403080.0,52523.0,44146.286,1554.0,188.0,151.0,53368.287,6954.11,5845.022,205.752,24.891,19.993,,,,,,,,,,,,,,,,,,,,,,,,,,,,,,,,,7552800.0,7039.714,44.8,16.303,10.158,56054.92,,,8.33,,,,,84.86,0.949,,,,
HKG,Asia,Hong Kong,2022-03-05,440609.0,37529.0,43093.429,1774.0,220.0,171.0,58337.173,4968.886,5705.623,234.88,29.128,22.641,,,,,,,,,,,,,,,,,,,,,,,,,,,,,,,,,7552800.0,7039.714,44.8,16.303,10.158,56054.92,,,8.33,,,,,84.86,0.949,,,,
HUN,Europe,Hungary,2022-03-01,1789581.0,2037.0,3814.714,44051.0,102.0,88.714,185753.675,211.435,395.957,4572.375,10.587,9.208,0.58,,,,,,,,,4832.0,10338983.0,1073.159,0.502,17253.0,1.791,0.2211,4.5,tests performed,,6395085.0,6170630.0,3811803.0,,,,66.38,64.05,39.57,,712.0,0.007,,9634162.0,108.043,43.4,18.577,11.976,26777.561,0.5,278.296,7.55,26.8,34.8,,7.02,76.88,0.854,,,,
HUN,Europe,Hungary,2022-03-02,1793120.0,3539.0,3422.286,44134.0,83.0,81.714,186121.014,367.339,355.224,4580.99,8.615,8.482,0.57,,,,,,,,,10633.0,10349616.0,1074.262,1.104,16302.0,1.692,0.2099,4.8,tests performed,,6395509.0,6171552.0,3813406.0,,,,66.38,64.06,39.58,,706.0,0.007,,9634162.0,108.043,43.4,18.577,11.976,26777.561,0.5,278.296,7.55,26.8,34.8,,7.02,76.88,0.854,,,,
HUN,Europe,Hungary,2022-03-03,1796982.0,3862.0,3186.571,44211.0,77.0,78.143,186521.879,400.865,330.758,4588.982,7.992,8.111,,,,,,,,,,18526.0,10368142.0,1076.185,1.923,15386.0,1.597,0.2071,4.8,tests performed,,6396404.0,6173237.0,3816971.0,,,,66.39,64.08,39.62,,638.0,0.007,,9634162.0,108.043,43.4,18.577,11.976,26777.561,0.5,278.296,7.55,26.8,34.8,,7.02,76.88,0.854,,,,
HUN,Europe,Hungary,2022-03-04,1800046.0,3064.0,2981.714,44286.0,75.0,76.286,186839.914,318.035,309.494,4596.767,7.785,7.918,,,,,,,,,,,,,,,,,,,,,,,,,,,,,,,,,9634162.0,108.043,43.4,18.577,11.976,26777.561,0.5,278.296,7.55,26.8,34.8,,7.02,76.88,0.854,,,,
HUN,Europe,Hungary,2022-03-05,1800046.0,,,44286.0,,,186839.914,,,4596.767,,,,,,,,,,,,,,,,,,,,,,,,,,,,,,,,,,,9634162.0,108.043,43.4,18.577,11.976,26777.561,0.5,278.296,7.55,26.8,34.8,,7.02,76.88,0.854,,,,
ISL,Europe,Iceland,2022-03-01,133211.0,3367.0,3016.714,65.0,3.0,,361209.028,9129.808,8179.988,176.251,8.135,,1.2,,,,,,,,,,,,,,,,,,803609.0,309518.0,289482.0,249605.0,,313.0,217.9,83.93,78.49,67.68,849.0,21.0,0.006,,368792.0,3.404,37.3,14.431,9.207,46482.958,0.2,117.992,5.31,14.3,15.2,,2.91,82.99,0.949,,,,
ISL,Europe,Iceland,2022-03-02,135747.0,2536.0,2929.429,65.0,0.0,0.714,368085.533,6876.505,7943.308,176.251,0.0,1.937,1.19,,,,,,,,,,,,,,,,,,,,,,,,,,,,,,,,368792.0,3.404,37.3,14.431,9.207,46482.958,0.2,117.992,5.31,14.3,15.2,,2.91,82.99,0.949,,,,
ISL,Europe,Iceland,2022-03-03,138281.0,2534.0,2799.571,68.0,3.0,1.0,374956.615,6871.082,7591.193,184.386,8.135,2.712,,,,,,,,,,,,,,,,,,,,,,,,,,,,,,,,,368792.0,3.404,37.3,14.431,9.207,46482.958,0.2,117.992,5.31,14.3,15.2,,2.91,82.99,0.949,,,,
ISL,Europe,Iceland,2022-03-04,140929.0,2648.0,2508.0,68.0,0.0,1.0,382136.814,7180.199,6800.581,184.386,0.0,2.712,,,,,,,,,,,,,,,,,,,,,,,,,,,,,,,,,368792.0,3.404,37.3,14.431,9.207,46482.958,0.2,117.992,5.31,14.3,15.2,,2.91,82.99,0.949,,,,
ISL,Europe,Iceland,2022-03-05,140929.0,,,68.0,0.0,1.0,382136.814,,,184.386,0.0,2.712,,,,,,,,,,,,,,,,,,,,,,,,,,,,,,,,,368792.0,3.404,37.3,14.431,9.207,46482.958,0.2,117.992,5.31,14.3,15.2,,2.91,82.99,0.949,,,,
IND,Asia,India,2022-03-01,42938599.0,7554.0,10224.0,514246.0,223.0,232.0,30815.502,5.421,7.337,369.056,0.16,0.166,0.35,,,,,,,,,901647.0,768382993.0,551.441,0.647,1021773.0,0.733,0.01,99.9,samples tested,1776674379.0,965923463.0,791803734.0,18947182.0,1495732.0,2450184.0,127.51,69.32,56.82,1.36,1758.0,343712.0,0.025,,1393409033.0,450.419,28.2,5.989,3.414,6426.674,21.2,282.28,10.39,1.9,20.6,59.55,0.53,69.66,0.645,,,,
IND,Asia,India,2022-03-02,42945160.0,6561.0,9140.143,514388.0,142.0,209.143,30820.211,4.709,6.56,369.158,0.102,0.15,0.34,,,,,,,,,784059.0,769167052.0,552.004,0.563,964719.0,0.692,0.0095,105.5,samples tested,1778253673.0,966125454.0,793112322.0,19015897.0,1579294.0,2366073.0,127.62,69.34,56.92,1.36,1698.0,326236.0,0.023,,1393409033.0,450.419,28.2,5.989,3.414,6426.674,21.2,282.28,10.39,1.9,20.6,59.55,0.53,69.66,0.645,,,,
IND,Asia,India,2022-03-03,42951556.0,6396.0,8173.0,514589.0,201.0,194.714,30824.801,4.59,5.865,369.302,0.144,0.14,,,,,,,,,,882953.0,770050005.0,552.637,0.634,925834.0,0.664,0.0088,113.3,samples tested,1781445039.0,966508496.0,795778169.0,19158374.0,3191366.0,2353441.0,127.85,69.36,57.11,1.37,1689.0,314837.0,0.023,,1393409033.0,450.419,28.2,5.989,3.414,6426.674,21.2,282.28,10.39,1.9,20.6,59.55,0.53,69.66,0.645,,,,
IND,Asia,India,2022-03-04,42957477.0,5921.0,7376.143,514878.0,289.0,199.571,30829.05,4.249,5.294,369.51,0.207,0.143,,,,,,,,,,923351.0,770973356.0,553.3,0.663,903017.0,0.648,,,samples tested,1784081444.0,966810216.0,797997103.0,19274125.0,2636405.0,2212090.0,128.04,69.38,57.27,1.38,1588.0,284531.0,0.02,,1393409033.0,450.419,28.2,5.989,3.414,6426.674,21.2,282.28,10.39,1.9,20.6,59.55,0.53,69.66,0.645,,,,
IND,Asia,India,2022-03-05,42962953.0,5476.0,6690.857,515036.0,158.0,187.429,30832.98,3.93,4.802,369.623,0.113,0.135,,,,,,,,,,,,,,,,,,,1786849348.0,967153861.0,800304849.0,19390638.0,2767904.0,2075922.0,128.24,69.41,57.44,1.39,1490.0,259670.0,0.019,,1393409033.0,450.419,28.2,5.989,3.414,6426.674,21.2,282.28,10.39,1.9,20.6,59.55,0.53,69.66,0.645,,,,
IDN,Asia,Indonesia,2022-03-01,5589176.0,24728.0,42823.143,148660.0,325.0,266.0,20224.127,89.477,154.953,537.918,1.176,0.963,0.79,,,,,,,,,202005.0,56449320.0,204.259,0.731,242966.0,0.879,0.1763,5.7,people tested,,190976834.0,144505806.0,,,1211214.0,,69.1,52.29,,4383.0,155854.0,0.056,,276361788.0,145.725,29.3,5.319,3.053,11188.744,5.7,342.864,6.32,2.8,76.1,64.204,1.04,71.72,0.718,,,,
IDN,Asia,Indonesia,2022-03-02,5630096.0,40920.0,39884.857,149036.0,376.0,287.286,20372.194,148.067,144.321,539.279,1.361,1.04,0.78,,,,,,,,,260074.0,56709394.0,205.2,0.941,235906.0,0.854,0.1691,5.9,people tested,,190977514.0,144506997.0,,,1211214.0,,69.1,52.29,,4383.0,126373.0,0.046,,276361788.0,145.725,29.3,5.319,3.053,11188.744,5.7,342.864,6.32,2.8,76.1,64.204,1.04,71.72,0.718,,,,
IDN,Asia,Indonesia,2022-03-03,5667355.0,37259.0,37003.857,149268.0,232.0,275.143,20507.014,134.82,133.896,540.118,0.839,0.996,,,,,,,,,,213765.0,56923159.0,205.973,0.773,225298.0,0.815,0.1642,6.1,people tested,,191110409.0,146204141.0,,,1211214.0,,69.15,52.9,,4383.0,114271.0,0.041,,276361788.0,145.725,29.3,5.319,3.053,11188.744,5.7,342.864,6.32,2.8,76.1,64.204,1.04,71.72,0.718,,,,
IDN,Asia,Indonesia,2022-03-04,5693702.0,26347.0,33703.857,149596.0,328.0,287.143,20602.349,95.335,121.956,541.305,1.187,1.039,,,,,,,,,,193981.0,57117140.0,206.675,0.702,213616.0,0.773,,,people tested,,191631442.0,146554884.0,,,1211214.0,,69.34,53.03,,4383.0,157190.0,0.057,,276361788.0,145.725,29.3,5.319,3.053,11188.744,5.7,342.864,6.32,2.8,76.1,64.204,1.04,71.72,0.718,,,,
IDN,Asia,Indonesia,2022-03-05,5723858.0,30156.0,31348.571,149918.0,322.0,296.286,20711.467,109.118,113.433,542.47,1.165,1.072,,,,,,,,,,,,,,,,,,,352266904.0,191835428.0,147280509.0,12405103.0,,1211214.0,127.47,69.41,53.29,4.49,4383.0,166163.0,0.06,,276361788.0,145.725,29.3,5.319,3.053,11188.744,5.7,342.864,6.32,2.8,76.1,64.204,1.04,71.72,0.718,,,,
OWID_INT,,International,2022-03-01,721.0,0.0,0.0,15.0,0.0,0.0,,,,,,,,,,,,,,,,,,,,,,,,,,,,,,,,,,,,,,,,,,,,,,,,,,,,,,,,,
OWID_INT,,International,2022-03-02,721.0,0.0,0.0,15.0,0.0,0.0,,,,,,,,,,,,,,,,,,,,,,,,,,,,,,,,,,,,,,,,,,,,,,,,,,,,,,,,,
OWID_INT,,International,2022-03-03,721.0,0.0,0.0,15.0,0.0,0.0,,,,,,,,,,,,,,,,,,,,,,,,,,,,,,,,,,,,,,,,,,,,,,,,,,,,,,,,,
OWID_INT,,International,2022-03-04,721.0,0.0,0.0,15.0,0.0,0.0,,,,,,,,,,,,,,,,,,,,,,,,,,,,,,,,,,,,,,,,,,,,,,,,,,,,,,,,,
OWID_INT,,International,2022-03-05,721.0,0.0,0.0,15.0,0.0,0.0,,,,,,,,,,,,,,,,,,,,,,,,,,,,,,,,,,,,,,,,,,,,,,,,,,,,,,,,,
IRN,Asia,Iran,2022-03-01,7060741.0,9312.0,11015.143,137064.0,226.0,223.571,83039.445,109.516,129.546,1611.972,2.658,2.629,0.45,,,,,,,,,83461.0,47335696.0,556.702,0.982,79262.0,0.932,0.139,7.2,tests performed,141724717.0,62903145.0,55529712.0,23291860.0,197887.0,236720.0,166.68,73.98,65.31,27.39,2784.0,77185.0,0.091,,85028760.0,49.831,32.4,5.44,3.182,19082.62,0.2,270.308,9.59,0.8,21.1,,1.5,76.68,0.783,,,,
IRN,Asia,Iran,2022-03-02,7066975.0,6234.0,9714.286,137267.0,203.0,220.143,83112.761,73.316,114.247,1614.36,2.387,2.589,0.43,,,,,,,,,80246.0,47415942.0,557.646,0.944,79116.0,0.93,0.1228,8.1,tests performed,141839666.0,62930147.0,55553147.0,23356372.0,114949.0,188410.0,166.81,74.01,65.33,27.47,2216.0,41383.0,0.049,,85028760.0,49.831,32.4,5.44,3.182,19082.62,0.2,270.308,9.59,0.8,21.1,,1.5,76.68,0.783,,,,
IRN,Asia,Iran,2022-03-03,7073747.0,6772.0,8830.714,137439.0,172.0,212.429,83192.405,79.644,103.856,1616.383,2.023,2.498,,,,,,,,,,78234.0,47494176.0,558.566,0.92,79403.0,0.934,0.1112,9.0,tests performed,142015103.0,62973345.0,55589789.0,23451969.0,175437.0,190853.0,167.02,74.06,65.38,27.58,2245.0,45094.0,0.053,,85028760.0,49.831,32.4,5.44,3.182,19082.62,0.2,270.308,9.59,0.8,21.1,,1.5,76.68,0.783,,,,
IRN,Asia,Iran,2022-03-04,7080217.0,6470.0,8044.714,137593.0,154.0,203.857,83268.496,76.092,94.612,1618.194,1.811,2.398,,,,,,,,,,,,,,,,,,,,,,,,205526.0,,,,,2417.0,50075.0,0.059,,85028760.0,49.831,32.4,5.44,3.182,19082.62,0.2,270.308,9.59,0.8,21.1,,1.5,76.68,0.783,,,,
IRN,Asia,Iran,2022-03-05,7084306.0,4089.0,7623.286,137747.0,154.0,193.857,83316.586,48.09,89.655,1620.005,1.811,2.28,,,,,,,,,,,,,,,,,,,142537180.0,63077531.0,55685708.0,23773941.0,,218740.0,167.63,74.18,65.49,27.96,2573.0,54966.0,0.065,,85028760.0,49.831,32.4,5.44,3.182,19082.62,0.2,270.308,9.59,0.8,21.1,,1.5,76.68,0.783,,,,
IRQ,Asia,Iraq,2022-03-01,2303816.0,1023.0,1269.571,24999.0,10.0,14.571,55945.904,24.843,30.83,607.076,0.243,0.354,0.56,,,,,,,,,,,,,,,,,,,,,,,,,,,,,,,,41179351.0,88.125,20.0,3.186,1.957,15663.986,2.5,218.612,8.83,,,94.576,1.4,70.6,0.674,,,,
IRQ,Asia,Iraq,2022-03-02,2305083.0,1267.0,1202.571,25013.0,14.0,13.714,55976.671,30.768,29.203,607.416,0.34,0.333,0.56,,,,,,,,,,,,,,,,,,,,,,,,,,,,,,,,41179351.0,88.125,20.0,3.186,1.957,15663.986,2.5,218.612,8.83,,,94.576,1.4,70.6,0.674,,,,
IRQ,Asia,Iraq,2022-03-03,2306092.0,1009.0,1132.571,25028.0,15.0,13.857,56001.174,24.503,27.503,607.78,0.364,0.337,,,,,,,,,,,,,,,,,,,,,,,,,,,,,,,,,41179351.0,88.125,20.0,3.186,1.957,15663.986,2.5,218.612,8.83,,,94.576,1.4,70.6,0.674,,,,
IRQ,Asia,Iraq,2022-03-04,2307158.0,1066.0,1055.857,25034.0,6.0,12.286,56027.061,25.887,25.64,607.926,0.146,0.298,,,,,,,,,,,,,,,,,,,,,,,,,,,,,,,,,41179351.0,88.125,20.0,3.186,1.957,15663.986,2.5,218.612,8.83,,,94.576,1.4,70.6,0.674,,,,
IRQ,Asia,Iraq,2022-03-05,2307555.0,397.0,987.143,25041.0,7.0,11.571,56036.702,9.641,23.972,608.096,0.17,0.281,,,,,,,,,,,,,,,,,,,,,,,,,,,,,,,,,41179351.0,88.125,20.0,3.186,1.957,15663.986,2.5,218.612,8.83,,,94.576,1.4,70.6,0.674,,,,
IRL,Europe,Ireland,2022-03-01,1303720.0,3298.0,3380.286,6508.0,11.0,8.0,261638.595,661.863,678.377,1306.066,2.208,1.605,0.94,,,,,,,,,10505.0,11390753.0,2285.967,2.108,12173.0,2.443,0.2777,3.6,tests performed,10611106.0,4054475.0,3973599.0,2822359.0,2879.0,4692.0,212.95,81.37,79.74,56.64,942.0,569.0,0.011,,4982904.0,69.874,38.7,13.928,8.678,67335.293,0.2,126.459,3.28,23.0,25.7,,2.96,82.3,0.955,,,,
IRL,Europe,Ireland,2022-03-02,1307062.0,3342.0,3269.0,6521.0,13.0,8.714,262309.288,670.693,656.043,1308.675,2.609,1.749,0.94,,,,,,,,,13046.0,11403799.0,2288.585,2.618,11887.0,2.386,0.275,3.6,tests performed,10615275.0,4054673.0,3974559.0,2825372.0,4169.0,4579.0,213.03,81.37,79.76,56.7,919.0,480.0,0.01,,4982904.0,69.874,38.7,13.928,8.678,67335.293,0.2,126.459,3.28,23.0,25.7,,2.96,82.3,0.955,,,,
IRL,Europe,Ireland,2022-03-03,1311105.0,4043.0,3313.857,6527.0,6.0,8.0,263120.662,811.374,665.045,1309.879,1.204,1.605,,,,,,,,,,12066.0,11415865.0,2291.006,2.421,11454.0,2.299,0.2893,3.5,tests performed,10620191.0,4054930.0,3975796.0,2828794.0,4916.0,4557.0,213.13,81.38,79.79,56.77,915.0,423.0,0.008,,4982904.0,69.874,38.7,13.928,8.678,67335.293,0.2,126.459,3.28,23.0,25.7,,2.96,82.3,0.955,,,,
IRL,Europe,Ireland,2022-03-04,1315100.0,3995.0,3269.714,6531.0,4.0,8.0,263922.403,801.741,656.186,1310.681,0.803,1.605,,,,,,,,,,10406.0,11426271.0,2293.095,2.088,10833.0,2.174,,,tests performed,,,,,,,,,,,,,,,4982904.0,69.874,38.7,13.928,8.678,67335.293,0.2,126.459,3.28,23.0,25.7,,2.96,82.3,0.955,,,,
IRL,Europe,Ireland,2022-03-05,1315100.0,,,6531.0,0.0,8.0,263922.403,,,1310.681,0.0,1.605,,,,,,,,,,,,,,,,,,,,,,,,,,,,,,,,,4982904.0,69.874,38.7,13.928,8.678,67335.293,0.2,126.459,3.28,23.0,25.7,,2.96,82.3,0.955,,,,
IMN,Europe,Isle of Man,2022-03-01,22969.0,125.0,71.143,80.0,0.0,0.143,268926.355,1463.529,832.957,936.658,0.0,1.673,,,,,,,,,,,,,,,,,,,187515.0,69403.0,66648.0,51464.0,137.0,89.0,219.55,81.26,78.03,60.26,1042.0,6.0,0.007,,85410.0,147.872,,,,,,,,,,,,81.4,,,,,
IMN,Europe,Isle of Man,2022-03-02,23099.0,130.0,89.714,80.0,0.0,0.143,270448.425,1522.07,1050.396,936.658,0.0,1.673,,,,,,,,,,,,,,,,,,,187694.0,69417.0,66673.0,51604.0,179.0,110.0,219.76,81.28,78.06,60.42,1288.0,8.0,0.009,,85410.0,147.872,,,,,,,,,,,,81.4,,,,,
IMN,Europe,Isle of Man,2022-03-03,23231.0,132.0,89.143,80.0,0.0,0.143,271993.912,1545.486,1043.705,936.658,0.0,1.673,,,,,,,,,,,,,,,,,,,,,,,,77.0,,,,,902.0,6.0,0.007,,85410.0,147.872,,,,,,,,,,,,81.4,,,,,
IMN,Europe,Isle of Man,2022-03-04,23328.0,97.0,95.429,80.0,0.0,0.0,273129.61,1135.698,1117.3,936.658,0.0,0.0,,,,,,,,,,,,,,,,,,,,,,,,67.0,,,,,784.0,5.0,0.006,,85410.0,147.872,,,,,,,,,,,,81.4,,,,,
IMN,Europe,Isle of Man,2022-03-05,23328.0,0.0,95.429,80.0,0.0,0.0,273129.61,0.0,1117.3,936.658,0.0,0.0,,,,,,,,,,,,,,,,,,,187765.0,69422.0,66681.0,51662.0,,56.0,219.84,81.28,78.07,60.49,656.0,3.0,0.004,,85410.0,147.872,,,,,,,,,,,,81.4,,,,,
ISR,Asia,Israel,2022-03-01,3642695.0,8192.0,9397.0,10218.0,20.0,25.714,392067.054,881.713,1011.409,1099.774,2.153,2.768,0.52,252.0,27.123,1448.0,155.85,77.0,8.288,868.0,93.424,80402.0,48894931.0,5262.612,8.654,69289.0,7.458,0.1356,7.4,tests performed,18014927.0,6699496.0,6121523.0,5193908.0,1501.0,1553.0,193.9,72.11,65.89,55.9,167.0,89.0,0.001,21.3,9291000.0,402.606,30.6,11.733,7.359,33132.32,0.5,93.32,6.74,15.4,35.4,,2.99,82.97,0.919,,,,
ISR,Asia,Israel,2022-03-02,3651224.0,8529.0,8842.571,10237.0,19.0,23.143,392985.039,917.985,951.735,1101.819,2.045,2.491,0.52,247.0,26.585,1237.0,133.14,,,705.0,75.88,76515.0,48971446.0,5270.848,8.235,68504.0,7.373,0.1291,7.7,tests performed,18016198.0,6699571.0,6121722.0,5194905.0,1271.0,1443.0,193.91,72.11,65.89,55.91,155.0,84.0,0.001,21.3,9291000.0,402.606,30.6,11.733,7.359,33132.32,0.5,93.32,6.74,15.4,35.4,,2.99,82.97,0.919,,,,
ISR,Asia,Israel,2022-03-03,3653601.0,2377.0,7386.286,10239.0,2.0,19.143,393240.878,255.839,794.994,1102.034,0.215,2.06,,,,,,,,,,62381.0,49033827.0,5277.562,6.714,65515.0,7.051,0.1127,8.9,tests performed,18018145.0,6699730.0,6122082.0,5196333.0,1947.0,1348.0,193.93,72.11,65.89,55.93,145.0,87.0,0.001,21.3,9291000.0,402.606,30.6,11.733,7.359,33132.32,0.5,93.32,6.74,15.4,35.4,,2.99,82.97,0.919,,,,
ISR,Asia,Israel,2022-03-04,3662064.0,8463.0,7794.286,10264.0,25.0,21.429,394151.76,910.881,838.907,1104.725,2.691,2.306,,,,,,,,,,,,,,,,,,,18018685.0,6699786.0,6122188.0,5196711.0,540.0,1308.0,193.94,72.11,65.89,55.93,141.0,87.0,0.001,21.3,9291000.0,402.606,30.6,11.733,7.359,33132.32,0.5,93.32,6.74,15.4,35.4,,2.99,82.97,0.919,,,,
ISR,Asia,Israel,2022-03-05,3669112.0,7048.0,7698.286,10274.0,10.0,21.143,394910.343,758.584,828.575,1105.801,1.076,2.276,,,,,,,,,,,,,,,,,,,18018774.0,6699787.0,6122211.0,5196776.0,89.0,1289.0,193.94,72.11,65.89,55.93,139.0,86.0,0.001,,9291000.0,402.606,30.6,11.733,7.359,33132.32,0.5,93.32,6.74,15.4,35.4,,2.99,82.97,0.919,,,,
ITA,Europe,Italy,2022-03-01,12829972.0,47136.0,39339.429,155000.0,233.0,212.571,212531.216,780.818,651.666,2567.608,3.86,3.521,0.76,708.0,11.728,11164.0,184.934,378.0,6.262,,,530858.0,187867237.0,3112.061,8.794,412189.0,6.828,0.0954,10.5,tests performed,134221972.0,50627970.0,47502445.0,37598486.0,84125.0,108220.0,222.34,83.87,78.69,62.28,1793.0,5584.0,0.009,63.89,60367471.0,205.859,47.9,23.021,16.24,35220.084,2.0,113.151,4.78,19.8,27.8,,3.18,83.51,0.892,,,,
ITA,Europe,Italy,2022-03-02,12867918.0,37946.0,37737.143,155214.0,214.0,207.143,213159.799,628.584,625.124,2571.153,3.545,3.431,0.76,681.0,11.281,10635.0,176.171,337.0,5.582,,,415288.0,188282525.0,3118.94,6.879,403024.0,6.676,0.0936,10.7,tests performed,134300843.0,50632984.0,47523750.0,37651042.0,78871.0,102554.0,222.47,83.87,78.72,62.37,1699.0,5360.0,0.009,63.89,60367471.0,205.859,47.9,23.021,16.24,35220.084,2.0,113.151,4.78,19.8,27.8,,3.18,83.51,0.892,,,,
ITA,Europe,Italy,2022-03-03,12910506.0,42588.0,37036.429,155399.0,185.0,198.0,213865.279,705.479,613.516,2574.217,3.065,3.28,,654.0,10.834,10253.0,169.843,333.0,5.516,,,431312.0,188713837.0,3126.085,7.145,395421.0,6.55,0.0937,10.7,tests performed,134385092.0,50638348.0,47545517.0,37708162.0,84249.0,97967.0,222.61,83.88,78.76,62.46,1623.0,5198.0,0.009,63.89,60367471.0,205.859,47.9,23.021,16.24,35220.084,2.0,113.151,4.78,19.8,27.8,,3.18,83.51,0.892,,,,
ITA,Europe,Italy,2022-03-04,12948859.0,38353.0,36505.571,155609.0,210.0,200.429,214500.604,635.326,604.723,2577.696,3.479,3.32,,625.0,10.353,9922.0,164.36,306.0,5.069,,,388836.0,189102673.0,3132.526,6.441,388095.0,6.429,,,tests performed,134476799.0,50643302.0,47567682.0,37772753.0,91707.0,92422.0,222.76,83.89,78.8,62.57,1531.0,5053.0,0.008,63.89,60367471.0,205.859,47.9,23.021,16.24,35220.084,2.0,113.151,4.78,19.8,27.8,,3.18,83.51,0.892,,,,
ITA,Europe,Italy,2022-03-05,12990223.0,41364.0,36791.857,155782.0,173.0,195.143,215185.808,685.203,609.465,2580.562,2.866,3.233,,609.0,10.088,9583.0,158.744,321.0,5.317,,,,,,,,,,,,134564100.0,50648171.0,47590841.0,37832028.0,87301.0,85915.0,222.91,83.9,78.84,62.67,1423.0,4888.0,0.008,63.89,60367471.0,205.859,47.9,23.021,16.24,35220.084,2.0,113.151,4.78,19.8,27.8,,3.18,83.51,0.892,,,,
JAM,North America,Jamaica,2022-03-01,128053.0,67.0,49.571,2814.0,1.0,2.714,43065.289,22.533,16.671,946.372,0.336,0.913,0.56,,,,,,,,,3443.0,856003.0,287.881,1.158,2154.0,0.724,0.023,43.5,samples tested,,,,,,1734.0,,,,,583.0,703.0,0.024,,2973462.0,266.879,31.4,9.684,6.39,8193.571,,206.537,11.28,5.3,28.6,66.425,1.7,74.47,0.734,,,,
JAM,North America,Jamaica,2022-03-02,128079.0,26.0,48.286,2814.0,0.0,2.286,43074.033,8.744,16.239,946.372,0.0,0.769,0.56,,,,,,,,,1647.0,857650.0,288.435,0.554,2071.0,0.696,0.0233,42.9,samples tested,1363522.0,768655.0,653787.0,28845.0,,1718.0,45.86,25.85,21.99,0.97,578.0,694.0,0.023,,2973462.0,266.879,31.4,9.684,6.39,8193.571,,206.537,11.28,5.3,28.6,66.425,1.7,74.47,0.734,,,,
JAM,North America,Jamaica,2022-03-03,128108.0,29.0,44.143,2815.0,1.0,1.0,43083.786,9.753,14.846,946.708,0.336,0.336,,,,,,,,,,1936.0,859586.0,289.086,0.651,2247.0,0.756,0.0196,50.9,samples tested,1363727.0,768743.0,653913.0,28880.0,205.0,1397.0,45.86,25.85,21.99,0.97,470.0,568.0,0.019,,2973462.0,266.879,31.4,9.684,6.39,8193.571,,206.537,11.28,5.3,28.6,66.425,1.7,74.47,0.734,,,,
JAM,North America,Jamaica,2022-03-04,128142.0,34.0,40.857,2825.0,10.0,2.143,43095.22,11.434,13.741,950.071,3.363,0.721,,,,,,,,,,,,,,,,,,,1366010.0,769573.0,655336.0,29206.0,2283.0,1442.0,45.94,25.88,22.04,0.98,485.0,572.0,0.019,,2973462.0,266.879,31.4,9.684,6.39,8193.571,,206.537,11.28,5.3,28.6,66.425,1.7,74.47,0.734,,,,
JAM,North America,Jamaica,2022-03-05,128166.0,24.0,35.714,2825.0,,,43103.292,8.071,12.011,950.071,,,,,,,,,,,,,,,,,,,,,1367785.0,770278.0,656299.0,29550.0,1775.0,1408.0,46.0,25.91,22.07,0.99,474.0,552.0,0.019,,2973462.0,266.879,31.4,9.684,6.39,8193.571,,206.537,11.28,5.3,28.6,66.425,1.7,74.47,0.734,,,,
JPN,Asia,Japan,2022-03-01,5071249.0,65368.0,65592.143,23905.0,238.0,223.714,40231.789,518.585,520.363,189.646,1.888,1.775,0.97,,,,,,,,,168484.0,37629310.0,298.525,1.337,161137.0,1.278,0.4071,2.5,people tested,,,,,,985076.0,,,,,7815.0,12819.0,0.01,,126050796.0,347.778,48.2,27.049,18.493,39002.223,,79.37,5.72,11.2,33.7,,13.05,84.63,0.919,,,,
JPN,Asia,Japan,2022-03-02,5143818.0,72569.0,64487.429,24140.0,235.0,222.143,40807.501,575.712,511.599,191.51,1.864,1.762,0.92,2017.0,16.001,27492.0,218.103,,,,,217937.0,37847247.0,300.254,1.729,175183.0,1.39,0.3681,2.7,people tested,230096985.0,101745799.0,100285748.0,28065438.0,,1024229.0,182.54,80.72,79.56,22.27,8126.0,12690.0,0.01,,126050796.0,347.778,48.2,27.049,18.493,39002.223,,79.37,5.72,11.2,33.7,,13.05,84.63,0.919,,,,
JPN,Asia,Japan,2022-03-03,5214086.0,70268.0,65789.714,24398.0,258.0,229.571,41364.959,557.458,521.93,193.557,2.047,1.821,,,,,,,,,,142456.0,37989703.0,301.384,1.13,169146.0,1.342,0.389,2.6,people tested,231122195.0,101760053.0,100301858.0,29060284.0,1025210.0,1043054.0,183.36,80.73,79.57,23.05,8275.0,12544.0,0.01,,126050796.0,347.778,48.2,27.049,18.493,39002.223,,79.37,5.72,11.2,33.7,,13.05,84.63,0.919,,,,
JPN,Asia,Japan,2022-03-04,5277655.0,63569.0,65500.571,24632.0,234.0,223.286,41869.271,504.313,519.636,195.413,1.856,1.771,,,,,,,,,,,,,,,,,,,,,,,,,,,,,,,,,126050796.0,347.778,48.2,27.049,18.493,39002.223,,79.37,5.72,11.2,33.7,,13.05,84.63,0.919,,,,
JPN,Asia,Japan,2022-03-05,5341246.0,63591.0,64286.286,24816.0,184.0,213.0,42373.759,504.487,510.003,196.873,1.46,1.69,,,,,,,,,,,,,,,,,,,,,,,,,,,,,,,,,126050796.0,347.778,48.2,27.049,18.493,39002.223,,79.37,5.72,11.2,33.7,,13.05,84.63,0.919,,,,
JOR,Asia,Jordan,2022-03-01,1638228.0,6520.0,6707.143,13849.0,14.0,16.857,159531.063,634.919,653.143,1348.619,1.363,1.642,0.58,,,,,,,,,,16319298.0,1589.177,,36796.0,3.583,0.1823,5.5,tests performed,,,,,,,,,,,,,,,10269022.0,109.285,23.2,3.81,2.361,8337.49,0.1,208.257,11.75,,,,1.4,74.53,0.729,,,,
JOR,Asia,Jordan,2022-03-02,1638228.0,,,13849.0,,,159531.063,,,1348.619,,,0.57,,,,,,,,,,,,,,,,,,,,,,,,,,,,,,,,10269022.0,109.285,23.2,3.81,2.361,8337.49,0.1,208.257,11.75,,,,1.4,74.53,0.729,,,,
JOR,Asia,Jordan,2022-03-03,1638228.0,,,13849.0,,,159531.063,,,1348.619,,,,,,,,,,,,,,,,,,,,,,,,,,,,,,,,,,,10269022.0,109.285,23.2,3.81,2.361,8337.49,0.1,208.257,11.75,,,,1.4,74.53,0.729,,,,
JOR,Asia,Jordan,2022-03-04,1638228.0,,,13849.0,,,159531.063,,,1348.619,,,,,,,,,,,,,,,,,,,,,,,,,,,,,,,,,,,10269022.0,109.285,23.2,3.81,2.361,8337.49,0.1,208.257,11.75,,,,1.4,74.53,0.729,,,,
JOR,Asia,Jordan,2022-03-05,1638228.0,,,13849.0,,,159531.063,,,1348.619,,,,,,,,,,,,,,,,,,,,,,,,,,,,,,,,,,,10269022.0,109.285,23.2,3.81,2.361,8337.49,0.1,208.257,11.75,,,,1.4,74.53,0.729,,,,
KAZ,Asia,Kazakhstan,2022-03-01,1390966.0,296.0,409.286,18947.0,10.0,10.714,73228.169,15.583,21.547,997.475,0.526,0.564,0.34,,,,,,,,,,,,,,,,,,20890962.0,9385399.0,8991492.0,2514071.0,6648.0,23113.0,109.98,49.41,47.34,13.24,1217.0,4290.0,0.023,,18994958.0,6.681,30.6,6.991,4.625,24055.588,0.1,466.792,7.11,7.0,43.1,98.999,6.7,73.6,0.825,,,,
KAZ,Asia,Kazakhstan,2022-03-02,1391277.0,311.0,366.286,18958.0,11.0,10.857,73244.542,16.373,19.283,998.054,0.579,0.572,0.34,,,,,,,,,,,,,,,,,,20906189.0,9390070.0,9002048.0,2514071.0,15227.0,16981.0,110.06,49.43,47.39,13.24,894.0,4064.0,0.021,,18994958.0,6.681,30.6,6.991,4.625,24055.588,0.1,466.792,7.11,7.0,43.1,98.999,6.7,73.6,0.825,,,,
KAZ,Asia,Kazakhstan,2022-03-03,1391277.0,0.0,284.143,18963.0,5.0,10.0,73244.542,0.0,14.959,998.318,0.263,0.526,,,,,,,,,,,,,,,,,,,20918681.0,9394344.0,9010266.0,2514071.0,12492.0,10734.0,110.13,49.46,47.44,13.24,565.0,3834.0,0.02,,18994958.0,6.681,30.6,6.991,4.625,24055.588,0.1,466.792,7.11,7.0,43.1,98.999,6.7,73.6,0.825,,,,
KAZ,Asia,Kazakhstan,2022-03-04,1391813.0,536.0,360.714,18967.0,4.0,8.714,73272.76,28.218,18.99,998.528,0.211,0.459,,,,,,,,,,,,,,,,,,,,,,,,,,,,,,,,,18994958.0,6.681,30.6,6.991,4.625,24055.588,0.1,466.792,7.11,7.0,43.1,98.999,6.7,73.6,0.825,,,,
KAZ,Asia,Kazakhstan,2022-03-05,1391984.0,171.0,314.286,18967.0,0.0,8.714,73281.762,9.002,16.546,998.528,0.0,0.459,,,,,,,,,,,,,,,,,,,,,,,,,,,,,,,,,18994958.0,6.681,30.6,6.991,4.625,24055.588,0.1,466.792,7.11,7.0,43.1,98.999,6.7,73.6,0.825,,,,
KEN,Africa,Kenya,2022-03-01,322978.0,32.0,34.571,5639.0,0.0,0.143,5873.854,0.582,0.629,102.554,0.0,0.003,0.73,,,,,,,,,,,,,4652.0,0.085,0.0074,134.6,tests performed,16691191.0,8799225.0,7637631.0,254335.0,73793.0,66995.0,30.36,16.0,13.89,0.46,1218.0,31716.0,0.058,,54985702.0,87.324,20.0,2.686,1.528,2993.028,36.8,218.637,2.92,1.2,20.4,24.651,1.4,66.7,0.601,,,,
KEN,Africa,Kenya,2022-03-02,323002.0,24.0,31.571,5640.0,1.0,0.286,5874.291,0.436,0.574,102.572,0.018,0.005,0.71,,,,,,,,,,3376678.0,61.41,,4301.0,0.078,0.0073,136.2,tests performed,16740060.0,8816664.0,7667915.0,255481.0,48869.0,63026.0,30.44,16.03,13.95,0.46,1146.0,29021.0,0.053,,54985702.0,87.324,20.0,2.686,1.528,2993.028,36.8,218.637,2.92,1.2,20.4,24.651,1.4,66.7,0.601,,,,
KEN,Africa,Kenya,2022-03-03,323025.0,23.0,29.0,5640.0,0.0,0.286,5874.709,0.418,0.527,102.572,0.0,0.005,,,,,,,,,,,,,,3911.0,0.071,0.0074,134.9,tests performed,,,,,,,,,,,,,,,54985702.0,87.324,20.0,2.686,1.528,2993.028,36.8,218.637,2.92,1.2,20.4,24.651,1.4,66.7,0.601,,,,
KEN,Africa,Kenya,2022-03-04,323057.0,32.0,26.857,5640.0,0.0,0.286,5875.291,0.582,0.488,102.572,0.0,0.005,,,,,,,,,,,3381634.0,61.5,,3420.0,0.062,,,tests performed,,,,,,,,,,,,,,,54985702.0,87.324,20.0,2.686,1.528,2993.028,36.8,218.637,2.92,1.2,20.4,24.651,1.4,66.7,0.601,,,,
KEN,Africa,Kenya,2022-03-05,323071.0,14.0,23.571,5640.0,0.0,0.143,5875.546,0.255,0.429,102.572,0.0,0.003,,,,,,,,,,,,,,,,,,,,,,,,,,,,,,,,,54985702.0,87.324,20.0,2.686,1.528,2993.028,36.8,218.637,2.92,1.2,20.4,24.651,1.4,66.7,0.601,,,,
KIR,Oceania,Kiribati,2022-03-01,2940.0,26.0,11.286,11.0,0.0,0.0,24219.857,214.189,92.972,90.619,0.0,0.0,0.4,,,,,,,,,,,,,,,,,,,,,,,,,,,,,,,,121388.0,143.701,23.2,3.895,2.21,1981.132,,434.657,22.66,35.9,58.9,,1.9,68.37,0.63,,,,
KIR,Oceania,Kiribati,2022-03-02,2953.0,13.0,12.286,11.0,0.0,0.0,24326.952,107.095,101.21,90.619,0.0,0.0,0.42,,,,,,,,,,,,,,,,,,,,,,,,,,,,,,,,121388.0,143.701,23.2,3.895,2.21,1981.132,,434.657,22.66,35.9,58.9,,1.9,68.37,0.63,,,,
KIR,Oceania,Kiribati,2022-03-03,2964.0,11.0,11.571,11.0,0.0,0.0,24417.57,90.619,95.326,90.619,0.0,0.0,,,,,,,,,,,,,,,,,,,,,,,,,,,,,,,,,121388.0,143.701,23.2,3.895,2.21,1981.132,,434.657,22.66,35.9,58.9,,1.9,68.37,0.63,,,,
KIR,Oceania,Kiribati,2022-03-04,2974.0,10.0,11.714,11.0,0.0,0.0,24499.951,82.38,96.503,90.619,0.0,0.0,,,,,,,,,,,,,,,,,,,,,,,,,,,,,,,,,121388.0,143.701,23.2,3.895,2.21,1981.132,,434.657,22.66,35.9,58.9,,1.9,68.37,0.63,,,,
KIR,Oceania,Kiribati,2022-03-05,2985.0,11.0,11.571,11.0,0.0,0.0,24590.569,90.619,95.326,90.619,0.0,0.0,,,,,,,,,,,,,,,,,,,,,,,,,,,,,,,,,121388.0,143.701,23.2,3.895,2.21,1981.132,,434.657,22.66,35.9,58.9,,1.9,68.37,0.63,,,,
OWID_KOS,Europe,Kosovo,2022-03-01,226309.0,61.0,128.857,3115.0,1.0,1.857,126988.999,34.229,72.306,1747.923,0.561,1.042,0.36,,,,,,,,,,1766730.0,991.367,,1770.0,0.993,0.0728,13.7,tests performed,,,,,,753.0,,,,,423.0,198.0,0.011,,1782115.0,168.155,,,,9795.834,0.6,,,,,,,,,,,,
OWID_KOS,Europe,Kosovo,2022-03-02,226392.0,83.0,104.0,3116.0,1.0,1.571,127035.573,46.574,58.358,1748.484,0.561,0.882,0.36,,,,,,,,,1552.0,1768282.0,992.238,0.871,1654.0,0.928,0.0629,15.9,tests performed,1814712.0,900042.0,816765.0,97905.0,,712.0,101.83,50.5,45.83,5.49,400.0,200.0,0.011,,1782115.0,168.155,,,,9795.834,0.6,,,,,,,,,,,,
OWID_KOS,Europe,Kosovo,2022-03-03,226461.0,69.0,86.857,3116.0,0.0,1.143,127074.291,38.718,48.738,1748.484,0.0,0.641,,,,,,,,,,,,,,,,,,,1815139.0,900148.0,816978.0,98013.0,427.0,642.0,101.85,50.51,45.84,5.5,360.0,183.0,0.01,,1782115.0,168.155,,,,9795.834,0.6,,,,,,,,,,,,
OWID_KOS,Europe,Kosovo,2022-03-04,226513.0,52.0,74.286,3117.0,1.0,0.857,127103.47,29.179,41.684,1749.045,0.561,0.481,,,,,,,,,,,,,,,,,,,1815597.0,900278.0,817196.0,98123.0,458.0,588.0,101.88,50.52,45.86,5.51,330.0,168.0,0.009,,1782115.0,168.155,,,,9795.834,0.6,,,,,,,,,,,,
OWID_KOS,Europe,Kosovo,2022-03-05,226579.0,66.0,66.714,3117.0,0.0,0.714,127140.504,37.035,37.435,1749.045,0.0,0.401,,,,,,,,,,,,,,,,,,,1815751.0,900307.0,817292.0,98152.0,154.0,501.0,101.89,50.52,45.86,5.51,281.0,142.0,0.008,,1782115.0,168.155,,,,9795.834,0.6,,,,,,,,,,,,
KWT,Asia,Kuwait,2022-03-01,620452.0,558.0,722.143,2539.0,1.0,1.143,143339.356,128.911,166.832,586.57,0.231,0.264,0.43,,,,,,,,,17936.0,7663298.0,1770.406,4.144,22500.0,5.198,0.0321,31.2,tests performed,,,,,,,,,,,,,,,4328553.0,232.128,33.7,2.345,1.114,65530.537,,132.235,15.84,2.7,37.0,,2.0,75.49,0.806,,,,
KWT,Asia,Kuwait,2022-03-02,620980.0,528.0,653.0,2540.0,1.0,1.0,143461.337,121.981,150.859,586.801,0.231,0.231,0.42,,,,,,,,,14524.0,7677822.0,1773.762,3.355,21425.0,4.95,0.0305,32.8,tests performed,,,,,,,,,,,,,,,4328553.0,232.128,33.7,2.345,1.114,65530.537,,132.235,15.84,2.7,37.0,,2.0,75.49,0.806,,,,
KWT,Asia,Kuwait,2022-03-03,621466.0,486.0,598.714,2541.0,1.0,1.0,143573.615,112.278,138.317,587.032,0.231,0.231,,,,,,,,,,13734.0,7691556.0,1776.935,3.173,19789.0,4.572,0.0303,33.1,tests performed,,,,,,,,,,,,,,,4328553.0,232.128,33.7,2.345,1.114,65530.537,,132.235,15.84,2.7,37.0,,2.0,75.49,0.806,,,,
KWT,Asia,Kuwait,2022-03-04,621965.0,499.0,549.143,2543.0,2.0,1.143,143688.896,115.281,126.865,587.494,0.462,0.264,,,,,,,,,,11533.0,7703089.0,1779.599,2.664,17352.0,4.009,,,tests performed,,,,,,,,,,,,,,,4328553.0,232.128,33.7,2.345,1.114,65530.537,,132.235,15.84,2.7,37.0,,2.0,75.49,0.806,,,,
KWT,Asia,Kuwait,2022-03-05,622489.0,524.0,540.857,2544.0,1.0,1.143,143809.952,121.057,124.951,587.725,0.231,0.264,,,,,,,,,,,,,,,,,,,,,,,,,,,,,,,,,4328553.0,232.128,33.7,2.345,1.114,65530.537,,132.235,15.84,2.7,37.0,,2.0,75.49,0.806,,,,
KGZ,Asia,Kyrgyzstan,2022-03-01,200527.0,0.0,22.714,2958.0,0.0,1.571,30252.942,0.0,3.427,446.265,0.0,0.237,0.48,,,,,,,,,,,,,,,,,,2748966.0,1445480.0,1167948.0,,9893.0,8585.0,41.47,21.81,17.62,,1295.0,3137.0,0.047,,6628347.0,32.333,26.3,4.489,2.882,3393.474,1.4,436.362,7.11,3.6,50.5,89.22,4.5,71.45,0.697,,,,
KGZ,Asia,Kyrgyzstan,2022-03-02,200556.0,29.0,24.0,2960.0,2.0,1.714,30257.318,4.375,3.621,446.567,0.302,0.259,0.48,,,,,,,,,,,,,,,,,,2760380.0,1449054.0,1173355.0,,11414.0,9353.0,41.65,21.86,17.7,,1411.0,3326.0,0.05,,6628347.0,32.333,26.3,4.489,2.882,3393.474,1.4,436.362,7.11,3.6,50.5,89.22,4.5,71.45,0.697,,,,
KGZ,Asia,Kyrgyzstan,2022-03-03,200599.0,43.0,28.143,2962.0,2.0,1.714,30263.805,6.487,4.246,446.869,0.302,0.259,,,,,,,,,,,,,,,,,,,2770686.0,1452027.0,1178526.0,,10306.0,9163.0,41.8,21.91,17.78,,1382.0,3144.0,0.047,,6628347.0,32.333,26.3,4.489,2.882,3393.474,1.4,436.362,7.11,3.6,50.5,89.22,4.5,71.45,0.697,,,,
KGZ,Asia,Kyrgyzstan,2022-03-04,200599.0,0.0,24.571,2962.0,0.0,1.429,30263.805,0.0,3.707,446.869,0.0,0.216,,,,,,,,,,,,,,,,,,,2776156.0,1453749.0,1180873.0,,5470.0,8329.0,41.88,21.93,17.82,,1257.0,2719.0,0.041,,6628347.0,32.333,26.3,4.489,2.882,3393.474,1.4,436.362,7.11,3.6,50.5,89.22,4.5,71.45,0.697,,,,
KGZ,Asia,Kyrgyzstan,2022-03-05,200615.0,16.0,22.429,2963.0,1.0,1.286,30266.219,2.414,3.384,447.019,0.151,0.194,,,,,,,,,,,,,,,,,,,2776676.0,1453980.0,1181058.0,,520.0,8036.0,41.89,21.94,17.82,,1212.0,2543.0,0.038,,6628347.0,32.333,26.3,4.489,2.882,3393.474,1.4,436.362,7.11,3.6,50.5,89.22,4.5,71.45,0.697,,,,
LAO,Asia,Laos,2022-03-01,142967.0,224.0,218.0,623.0,2.0,1.429,19373.908,30.355,29.542,84.425,0.271,0.194,0.84,,,,,,,,,,,,,1131.0,0.153,0.1927,5.2,tests performed,,,,,,19703.0,,,,,2670.0,13595.0,0.184,,7379358.0,29.715,24.4,4.029,2.322,6397.36,22.7,368.111,4.0,7.3,51.2,49.839,1.5,67.92,0.613,,,,
LAO,Asia,Laos,2022-03-02,143240.0,273.0,220.857,623.0,0.0,1.0,19410.903,36.995,29.929,84.425,0.0,0.136,0.85,,,,,,,,,2464.0,984875.0,133.464,0.334,1115.0,0.151,0.1981,5.0,tests performed,9292290.0,4962892.0,4329398.0,,,24114.0,125.92,67.25,58.67,,3268.0,17133.0,0.232,,7379358.0,29.715,24.4,4.029,2.322,6397.36,22.7,368.111,4.0,7.3,51.2,49.839,1.5,67.92,0.613,,,,
LAO,Asia,Laos,2022-03-03,143486.0,246.0,221.857,626.0,3.0,1.286,19444.239,33.336,30.065,84.831,0.407,0.174,,,,,,,,,,,,,,,,,,,,,,,,,,,,,,,,,7379358.0,29.715,24.4,4.029,2.322,6397.36,22.7,368.111,4.0,7.3,51.2,49.839,1.5,67.92,0.613,,,,
LAO,Asia,Laos,2022-03-04,143710.0,224.0,210.429,628.0,2.0,1.286,19474.594,30.355,28.516,85.102,0.271,0.174,,,,,,,,,,,,,,,,,,,,,,,,,,,,,,,,,7379358.0,29.715,24.4,4.029,2.322,6397.36,22.7,368.111,4.0,7.3,51.2,49.839,1.5,67.92,0.613,,,,
LAO,Asia,Laos,2022-03-05,143969.0,259.0,213.571,628.0,0.0,1.0,19509.692,35.098,28.942,85.102,0.0,0.136,,,,,,,,,,,,,,,,,,,,,,,,,,,,,,,,,7379358.0,29.715,24.4,4.029,2.322,6397.36,22.7,368.111,4.0,7.3,51.2,49.839,1.5,67.92,0.613,,,,
LVA,Europe,Latvia,2022-03-01,662644.0,9524.0,8720.571,5256.0,17.0,18.0,354937.025,5101.412,4671.066,2815.311,9.106,9.641,0.98,,,,,,,,,19333.0,6678819.0,3577.426,10.355,18800.0,10.07,0.4639,2.2,tests performed,2854674.0,1342244.0,1299069.0,498546.0,1199.0,1334.0,152.91,71.9,69.58,26.7,715.0,79.0,0.004,,1866934.0,31.212,43.9,19.754,14.136,25063.846,0.7,350.06,4.91,25.6,51.0,,5.57,75.29,0.866,,,,
LVA,Europe,Latvia,2022-03-02,673218.0,10574.0,8614.0,5284.0,28.0,19.857,360600.857,5663.832,4613.982,2830.309,14.998,10.636,0.97,,,,,,,,,22016.0,6700835.0,3589.219,11.793,18568.0,9.946,0.4639,2.2,tests performed,2855910.0,1342325.0,1299298.0,499479.0,1236.0,1266.0,152.97,71.9,69.6,26.75,678.0,76.0,0.004,,1866934.0,31.212,43.9,19.754,14.136,25063.846,0.7,350.06,4.91,25.6,51.0,,5.57,75.29,0.866,,,,
LVA,Europe,Latvia,2022-03-03,682118.0,8900.0,8301.429,5299.0,15.0,20.0,365368.031,4767.174,4446.557,2838.344,8.035,10.713,,,,,,,,,,19452.0,6720287.0,3599.638,10.419,17884.0,9.579,0.4642,2.2,tests performed,2857016.0,1342390.0,1299448.0,500383.0,1106.0,1182.0,153.03,71.9,69.6,26.8,633.0,71.0,0.004,,1866934.0,31.212,43.9,19.754,14.136,25063.846,0.7,350.06,4.91,25.6,51.0,,5.57,75.29,0.866,,,,
LVA,Europe,Latvia,2022-03-04,689794.0,7676.0,7976.286,5323.0,24.0,18.857,369479.585,4111.554,4272.398,2851.199,12.855,10.101,,,,,,,,,,18103.0,6738390.0,3609.335,9.697,17289.0,9.261,,,tests performed,2858242.0,1342491.0,1299651.0,501328.0,1226.0,1015.0,153.1,71.91,69.61,26.85,544.0,66.0,0.004,,1866934.0,31.212,43.9,19.754,14.136,25063.846,0.7,350.06,4.91,25.6,51.0,,5.57,75.29,0.866,,,,
LVA,Europe,Latvia,2022-03-05,697548.0,7754.0,7638.714,5348.0,25.0,17.857,373632.919,4153.334,4091.582,2864.59,13.391,9.565,,,,,,,,,,,,,,,,,,,,,,,,,,,,,,,,,1866934.0,31.212,43.9,19.754,14.136,25063.846,0.7,350.06,4.91,25.6,51.0,,5.57,75.29,0.866,,,,
LBN,Asia,Lebanon,2022-03-01,1070696.0,1986.0,2492.0,10104.0,13.0,13.857,158172.864,293.39,368.141,1492.654,1.92,2.047,0.64,,,,,,,,,,,,,,,,,,5184681.0,2494296.0,2159931.0,530454.0,8553.0,7796.0,76.59,36.85,31.91,7.84,1152.0,1642.0,0.024,,6769151.0,594.561,31.1,8.514,5.43,13367.565,,266.591,12.71,26.9,40.7,,2.9,78.93,0.744,,,,
LBN,Asia,Lebanon,2022-03-02,1072537.0,1841.0,2219.571,10115.0,11.0,12.571,158444.833,271.969,327.895,1494.279,1.625,1.857,0.63,,,,,,,,,,,,,,,,,,5190733.0,2495598.0,2162411.0,532724.0,6052.0,7280.0,76.68,36.87,31.95,7.87,1075.0,1542.0,0.023,,6769151.0,594.561,31.1,8.514,5.43,13367.565,,266.591,12.71,26.9,40.7,,2.9,78.93,0.744,,,,
LBN,Asia,Lebanon,2022-03-03,1074372.0,1835.0,2031.429,10125.0,10.0,11.571,158715.916,271.083,300.101,1495.756,1.477,1.709,,,,,,,,,,,,,,,,,,,5196093.0,2496478.0,2164673.0,534942.0,5360.0,6764.0,76.76,36.88,31.98,7.9,999.0,1404.0,0.021,,6769151.0,594.561,31.1,8.514,5.43,13367.565,,266.591,12.71,26.9,40.7,,2.9,78.93,0.744,,,,
LBN,Asia,Lebanon,2022-03-04,1075974.0,1602.0,1870.714,10134.0,9.0,10.857,158952.578,236.662,276.359,1497.086,1.33,1.604,,,,,,,,,,,,,,,,,,,5199201.0,2497089.0,2166058.0,536054.0,3108.0,5845.0,76.81,36.89,32.0,7.92,863.0,1250.0,0.018,,6769151.0,594.561,31.1,8.514,5.43,13367.565,,266.591,12.71,26.9,40.7,,2.9,78.93,0.744,,,,
LBN,Asia,Lebanon,2022-03-05,1077242.0,1268.0,1705.0,10142.0,8.0,10.429,159139.898,187.32,251.878,1498.268,1.182,1.541,,,,,,,,,,,,,,,,,,,5199656.0,2497183.0,2166325.0,536148.0,455.0,5715.0,76.81,36.89,32.0,7.92,844.0,1211.0,0.018,,6769151.0,594.561,31.1,8.514,5.43,13367.565,,266.591,12.71,26.9,40.7,,2.9,78.93,0.744,,,,
LSO,Africa,Lesotho,2022-03-01,32612.0,0.0,1.857,696.0,0.0,0.0,15104.673,0.0,0.86,322.361,0.0,0.0,0.37,,,,,,,,,,,,,,,,,,,,,,,,,,,,,,,26.85,2159067.0,73.562,22.2,4.506,2.647,2851.153,59.6,405.126,3.94,0.4,53.9,2.117,,54.33,0.527,,,,
LSO,Africa,Lesotho,2022-03-02,32612.0,0.0,1.857,696.0,0.0,0.0,15104.673,0.0,0.86,322.361,0.0,0.0,0.37,,,,,,,,,,,,,,,,,,,,,,,,,,,,,,,26.85,2159067.0,73.562,22.2,4.506,2.647,2851.153,59.6,405.126,3.94,0.4,53.9,2.117,,54.33,0.527,,,,
LSO,Africa,Lesotho,2022-03-03,32707.0,95.0,15.429,697.0,1.0,0.143,15148.673,44.0,7.146,322.825,0.463,0.066,,,,,,,,,,,,,,,,,,,,,,,,,,,,,,,,26.85,2159067.0,73.562,22.2,4.506,2.647,2851.153,59.6,405.126,3.94,0.4,53.9,2.117,,54.33,0.527,,,,
LSO,Africa,Lesotho,2022-03-04,32707.0,0.0,13.571,697.0,0.0,0.143,15148.673,0.0,6.286,322.825,0.0,0.066,,,,,,,,,,,,,,,,,,,,,,,,,,,,,,,,26.85,2159067.0,73.562,22.2,4.506,2.647,2851.153,59.6,405.126,3.94,0.4,53.9,2.117,,54.33,0.527,,,,
LSO,Africa,Lesotho,2022-03-05,32707.0,0.0,13.571,697.0,0.0,0.143,15148.673,0.0,6.286,322.825,0.0,0.066,,,,,,,,,,,,,,,,,,,,,,,,,,,,,,,,26.85,2159067.0,73.562,22.2,4.506,2.647,2851.153,59.6,405.126,3.94,0.4,53.9,2.117,,54.33,0.527,,,,
LBR,Africa,Liberia,2022-03-01,7384.0,0.0,3.429,294.0,0.0,0.571,1425.425,0.0,0.662,56.754,0.0,0.11,0.11,,,,,,,,,,,,,,,,,,,,,,,,,,,,,,,,5180208.0,49.127,19.2,3.057,1.756,752.788,38.6,272.509,2.42,1.5,18.1,1.188,0.8,64.1,0.48,,,,
LBR,Africa,Liberia,2022-03-02,7384.0,0.0,3.429,294.0,0.0,0.571,1425.425,0.0,0.662,56.754,0.0,0.11,0.1,,,,,,,,,,,,,,,,,,,,,,,,,,,,,,,,5180208.0,49.127,19.2,3.057,1.756,752.788,38.6,272.509,2.42,1.5,18.1,1.188,0.8,64.1,0.48,,,,
LBR,Africa,Liberia,2022-03-03,7384.0,0.0,3.429,294.0,0.0,0.571,1425.425,0.0,0.662,56.754,0.0,0.11,,,,,,,,,,,,,,,,,,,,,,,,,,,,,,,,,5180208.0,49.127,19.2,3.057,1.756,752.788,38.6,272.509,2.42,1.5,18.1,1.188,0.8,64.1,0.48,,,,
LBR,Africa,Liberia,2022-03-04,7384.0,0.0,3.429,294.0,0.0,0.571,1425.425,0.0,0.662,56.754,0.0,0.11,,,,,,,,,,,,,,,,,,,,,,,,,,,,,,,,,5180208.0,49.127,19.2,3.057,1.756,752.788,38.6,272.509,2.42,1.5,18.1,1.188,0.8,64.1,0.48,,,,
LBR,Africa,Liberia,2022-03-05,7384.0,0.0,3.429,294.0,0.0,0.571,1425.425,0.0,0.662,56.754,0.0,0.11,,,,,,,,,,,,,,,,,,,,,,,,,,,,,,,,,5180208.0,49.127,19.2,3.057,1.756,752.788,38.6,272.509,2.42,1.5,18.1,1.188,0.8,64.1,0.48,,,,
LBY,Africa,Libya,2022-03-01,495115.0,669.0,935.429,6269.0,8.0,8.429,71152.159,96.141,134.429,900.908,1.15,1.211,0.54,,,,,,,,,3422.0,,,0.492,,,,,samples tested,,,,,,6766.0,,,,,972.0,3238.0,0.047,44.44,6958538.0,3.623,29.0,4.424,2.816,17881.509,,341.862,10.43,,,,3.7,72.91,0.724,,,,
LBY,Africa,Libya,2022-03-02,495972.0,857.0,861.714,6276.0,7.0,7.714,71275.317,123.158,123.836,901.914,1.006,1.109,0.54,,,,,,,,,3370.0,,,0.484,,,,,samples tested,3337591.0,2164967.0,1096310.0,76314.0,,6410.0,47.96,31.11,15.75,1.1,921.0,3158.0,0.045,44.44,6958538.0,3.623,29.0,4.424,2.816,17881.509,,341.862,10.43,,,,3.7,72.91,0.724,,,,
LBY,Africa,Libya,2022-03-03,496778.0,806.0,794.571,6284.0,8.0,7.429,71391.146,115.829,114.187,903.063,1.15,1.068,,,,,,,,,,2787.0,,,0.401,,,,,samples tested,3343570.0,2167407.0,1098757.0,77406.0,5979.0,6104.0,48.05,31.15,15.79,1.11,877.0,2736.0,0.039,44.44,6958538.0,3.623,29.0,4.424,2.816,17881.509,,341.862,10.43,,,,3.7,72.91,0.724,,,,
LBY,Africa,Libya,2022-03-04,497279.0,501.0,732.143,6288.0,4.0,6.714,71463.144,71.998,105.215,903.638,0.575,0.965,,,,,,,,,,,,,,,,,,,,,,,,,,,,,,,,44.44,6958538.0,3.623,29.0,4.424,2.816,17881.509,,341.862,10.43,,,,3.7,72.91,0.724,,,,
LBY,Africa,Libya,2022-03-05,497279.0,,,6288.0,0.0,6.714,71463.144,,,903.638,0.0,0.965,,,,,,,,,,,,,,,,,,,,,,,,,,,,,,,,,6958538.0,3.623,29.0,4.424,2.816,17881.509,,341.862,10.43,,,,3.7,72.91,0.724,,,,
LIE,Europe,Liechtenstein,2022-03-01,12052.0,51.0,98.571,78.0,0.0,0.286,315052.021,1333.194,2576.761,2039.002,0.0,7.469,0.96,,,,,,,,,,,,,,,,,,70228.0,26707.0,26354.0,18166.0,0.0,0.0,183.58,69.81,68.89,47.49,0.0,0.0,0.0,25.93,38254.0,237.012,,,,,,,7.77,,,,2.397,82.49,0.919,,,,
LIE,Europe,Liechtenstein,2022-03-02,12161.0,109.0,99.143,78.0,0.0,0.286,317901.396,2849.375,2591.699,2039.002,0.0,7.469,0.96,,,,,,,,,,,,,,,,,,70228.0,26707.0,26354.0,18167.0,0.0,0.0,183.58,69.81,68.89,47.49,0.0,0.0,0.0,25.93,38254.0,237.012,,,,,,,7.77,,,,2.397,82.49,0.919,,,,
LIE,Europe,Liechtenstein,2022-03-03,12332.0,171.0,109.714,78.0,0.0,0.143,322371.517,4470.121,2868.047,2039.002,0.0,3.734,,,,,,,,,,,,,,,,,,,70228.0,26707.0,26354.0,18167.0,0.0,0.0,183.58,69.81,68.89,47.49,0.0,0.0,0.0,25.93,38254.0,237.012,,,,,,,7.77,,,,2.397,82.49,0.919,,,,
LIE,Europe,Liechtenstein,2022-03-04,12681.0,349.0,144.286,78.0,0.0,0.0,331494.746,9123.229,3771.781,2039.002,0.0,0.0,,,,,,,,,,,,,,,,,,,,,,,,,,,,,,,,25.93,38254.0,237.012,,,,,,,7.77,,,,2.397,82.49,0.919,,,,
LIE,Europe,Liechtenstein,2022-03-05,12833.0,152.0,154.429,78.0,0.0,0.0,335468.186,3973.441,4036.926,2039.002,0.0,0.0,,,,,,,,,,,,,,,,,,,,,,,,,,,,,,,,25.93,38254.0,237.012,,,,,,,7.77,,,,2.397,82.49,0.919,,,,
LTU,Europe,Lithuania,2022-03-01,907144.0,4590.0,5098.0,8397.0,,,337245.554,1706.407,1895.265,3121.721,,,0.79,,,,,,,,,,,,,,,,,,4451484.0,1946349.0,1870285.0,909727.0,615.0,676.0,165.49,72.36,69.53,33.82,251.0,79.0,0.003,,2689862.0,45.135,43.5,19.002,13.778,29524.265,0.7,342.989,3.67,21.3,38.0,,6.56,75.93,0.882,,,,
LTU,Europe,Lithuania,2022-03-02,913223.0,6079.0,4836.0,8418.0,21.0,,339505.521,2259.967,1797.862,3129.529,7.807,,0.79,,,,,,,,,,,,,,,,,,4452097.0,1946430.0,1870413.0,910131.0,613.0,628.0,165.51,72.36,69.54,33.84,233.0,76.0,0.003,,2689862.0,45.135,43.5,19.002,13.778,29524.265,0.7,342.989,3.67,21.3,38.0,,6.56,75.93,0.882,,,,
LTU,Europe,Lithuania,2022-03-03,918569.0,5346.0,4672.286,8484.0,66.0,,341492.984,1987.463,1736.998,3154.065,24.537,,,,,,,,,,,,,,,,,,,,4452773.0,1946521.0,1870541.0,910590.0,676.0,580.0,165.54,72.37,69.54,33.85,216.0,72.0,0.003,,2689862.0,45.135,43.5,19.002,13.778,29524.265,0.7,342.989,3.67,21.3,38.0,,6.56,75.93,0.882,,,,
LTU,Europe,Lithuania,2022-03-04,923810.0,5241.0,4610.286,8481.0,,,343441.411,1948.427,1713.949,3152.95,,,,,,,,,,,,,,,,,,,,,4453896.0,1946730.0,1870758.0,911288.0,1123.0,554.0,165.58,72.37,69.55,33.88,206.0,81.0,0.003,,2689862.0,45.135,43.5,19.002,13.778,29524.265,0.7,342.989,3.67,21.3,38.0,,6.56,75.93,0.882,,,,
LTU,Europe,Lithuania,2022-03-05,928612.0,4802.0,4528.857,8503.0,22.0,,345226.632,1785.222,1683.676,3161.129,8.179,,,,,,,,,,,,,,,,,,,,4453980.0,1946742.0,1870773.0,911345.0,84.0,553.0,165.58,72.37,69.55,33.88,206.0,81.0,0.003,,2689862.0,45.135,43.5,19.002,13.778,29524.265,0.7,342.989,3.67,21.3,38.0,,6.56,75.93,0.882,,,,
OWID_LIC,,Low income,2022-03-01,1804283.0,557.0,557.429,41744.0,17.0,20.571,2712.6,0.837,0.838,62.759,0.026,0.031,,,,,,,,,,,,,,,,,,,118364361.0,86596535.0,42096108.0,1483157.0,931964.0,938469.0,17.8,13.02,6.33,0.22,1411.0,656701.0,0.099,,665149040.0,,,,,,,,,,,,,,,,,,
OWID_LIC,,Low income,2022-03-02,1804676.0,393.0,522.714,41763.0,19.0,20.143,2713.19,0.591,0.786,62.787,0.029,0.03,,,,,,,,,,,,,,,,,,,,,,,,,,,,,,,,,665149040.0,,,,,,,,,,,,,,,,,,
OWID_LIC,,Low income,2022-03-03,1805220.0,544.0,520.286,41779.0,16.0,19.571,2714.008,0.818,0.782,62.811,0.024,0.029,,,,,,,,,,,,,,,,,,,,,,,,,,,,,,,,,665149040.0,,,,,,,,,,,,,,,,,,
OWID_LIC,,Low income,2022-03-04,1805535.0,315.0,505.857,41790.0,11.0,19.857,2714.482,0.474,0.761,62.828,0.017,0.03,,,,,,,,,,,,,,,,,,,118364361.0,86596535.0,42096108.0,1817786.0,931964.0,938469.0,17.8,13.02,6.33,0.27,1411.0,656701.0,0.099,,665149040.0,,,,,,,,,,,,,,,,,,
OWID_LIC,,Low income,2022-03-05,1805930.0,395.0,494.286,41805.0,15.0,17.429,2715.076,0.594,0.743,62.851,0.023,0.026,,,,,,,,,,,,,,,,,,,,,,,,,,,,,,,,,665149040.0,,,,,,,,,,,,,,,,,,
OWID_LMC,,Lower middle income,2022-03-01,82370236.0,168663.0,185253.857,1277071.0,967.0,1223.571,24730.96,50.64,55.621,383.43,0.29,0.367,,,,,,,,,,,,,,,,,,,3523470779.0,1906021809.0,1553682842.0,130467393.0,10691498.0,11509700.0,105.79,57.23,46.65,3.92,3456.0,5022665.0,0.151,,3330652550.0,,,,,,,,,,,,,,,,,,
OWID_LMC,,Lower middle income,2022-03-02,82588333.0,218097.0,184383.286,1278122.0,1051.0,1144.143,24796.442,65.482,55.36,383.745,0.316,0.344,,,,,,,,,,,,,,,,,,,3526388631.0,1906602924.0,1555447712.0,131051449.0,10572913.0,11289595.0,105.88,57.24,46.7,3.93,3390.0,4910559.0,0.147,,3330652550.0,,,,,,,,,,,,,,,,,,
OWID_LMC,,Lower middle income,2022-03-03,82831855.0,243522.0,190485.857,1279010.0,888.0,1029.714,24869.557,73.115,57.192,384.012,0.267,0.309,,,,,,,,,,,,,,,,,,,3529887133.0,1907172739.0,1559895670.0,131313209.0,12239797.0,11223753.0,105.98,57.26,46.83,3.94,3370.0,4857872.0,0.146,,3330652550.0,,,,,,,,,,,,,,,,,,
OWID_LMC,,Lower middle income,2022-03-04,83051964.0,224094.0,198231.429,1280217.0,1207.0,1059.429,24935.643,67.282,59.517,384.374,0.362,0.318,,,,,,,,,,,,,,,,,,,3532740473.0,1908026931.0,1562590650.0,131960954.0,11688503.0,11046434.0,106.07,57.29,46.92,3.96,3317.0,4842620.0,0.145,,3330652550.0,,,,,,,,,,,,,,,,,,
OWID_LMC,,Lower middle income,2022-03-05,83276389.0,224425.0,205286.429,1281161.0,944.0,1035.857,25003.025,67.382,61.635,384.658,0.283,0.311,,,,,,,,,,,,,,,,,,,3615248304.0,1909112464.0,1566784472.0,145019639.0,12030514.0,10908897.0,108.54,57.32,47.04,4.35,3275.0,4803492.0,0.144,,3330652550.0,,,,,,,,,,,,,,,,,,
LUX,Europe,Luxembourg,2022-03-01,183802.0,625.0,642.429,992.0,1.0,0.857,289536.778,984.54,1011.995,1562.662,1.575,1.35,0.91,,,,,,,,,3781.0,4076011.0,6420.796,5.956,2444.0,3.85,0.262,3.8,tests performed,,,,,,,,,,,,,,,634814.0,231.447,39.7,14.312,9.842,94277.965,0.2,128.275,4.42,20.9,26.0,,4.51,82.25,0.916,,,,
LUX,Europe,Luxembourg,2022-03-02,184862.0,1060.0,640.857,993.0,1.0,0.714,291206.558,1669.78,1009.52,1564.238,1.575,1.125,0.91,,,,,,,,,3164.0,4079175.0,6425.78,4.984,2428.0,3.825,0.265,3.8,tests performed,,,,,,,,,,,,,,,634814.0,231.447,39.7,14.312,9.842,94277.965,0.2,128.275,4.42,20.9,26.0,,4.51,82.25,0.916,,,,
LUX,Europe,Luxembourg,2022-03-03,185707.0,845.0,644.571,995.0,2.0,1.0,292537.657,1331.099,1015.371,1567.388,3.151,1.575,,,,,,,,,,2535.0,4081710.0,6429.773,3.993,2397.0,3.776,0.266,3.8,tests performed,,,,,,,,,,,,,,,634814.0,231.447,39.7,14.312,9.842,94277.965,0.2,128.275,4.42,20.9,26.0,,4.51,82.25,0.916,,,,
LUX,Europe,Luxembourg,2022-03-04,186360.0,653.0,636.714,996.0,1.0,1.143,293566.304,1028.648,1002.993,1568.964,1.575,1.8,,,,,,,,,,,,,,,,,,,,,,,,,,,,,,,,,634814.0,231.447,39.7,14.312,9.842,94277.965,0.2,128.275,4.42,20.9,26.0,,4.51,82.25,0.916,,,,
LUX,Europe,Luxembourg,2022-03-05,186360.0,,,996.0,0.0,1.143,293566.304,,,1568.964,0.0,1.8,,,,,,,,,,,,,,,,,,,,,,,,,,,,,,,,,634814.0,231.447,39.7,14.312,9.842,94277.965,0.2,128.275,4.42,20.9,26.0,,4.51,82.25,0.916,,,,
MAC,Asia,Macao,2022-03-01,81.0,0.0,0.143,,,,123.027,0.0,0.217,,,,,,,,,,,,,,,,,,,,,,1115323.0,529598.0,492281.0,115899.0,4597.0,4166.0,169.4,80.44,74.77,17.6,6328.0,1508.0,0.229,,658391.0,20546.766,39.2,9.798,4.991,104861.851,,,,,,,,84.24,,,,,
MAC,Asia,Macao,2022-03-02,82.0,1.0,0.286,,,,124.546,1.519,0.434,,,,,,,,,,,,,,,,,,,,,,1118657.0,530695.0,492644.0,117924.0,3334.0,4237.0,169.91,80.6,74.83,17.91,6435.0,1551.0,0.236,,658391.0,20546.766,39.2,9.798,4.991,104861.851,,,,,,,,84.24,,,,,
MAC,Asia,Macao,2022-03-03,82.0,0.0,0.286,,,,124.546,0.0,0.434,,,,,,,,,,,,,,,,,,,,,,1123724.0,532538.0,493132.0,120917.0,5067.0,4521.0,170.68,80.88,74.9,18.37,6867.0,1691.0,0.257,,658391.0,20546.766,39.2,9.798,4.991,104861.851,,,,,,,,84.24,,,,,
MAC,Asia,Macao,2022-03-04,82.0,0.0,0.286,,,,124.546,0.0,0.434,,,,,,,,,,,,,,,,,,,,,,1129138.0,534758.0,493569.0,123876.0,5414.0,4726.0,171.5,81.22,74.97,18.81,7178.0,1837.0,0.279,,658391.0,20546.766,39.2,9.798,4.991,104861.851,,,,,,,,84.24,,,,,
MAC,Asia,Macao,2022-03-05,82.0,0.0,0.286,,,,124.546,0.0,0.434,,,,,,,,,,,,,,,,,,,,,,,,,,,,,,,,,,,,658391.0,20546.766,39.2,9.798,4.991,104861.851,,,,,,,,84.24,,,,,
MDG,Africa,Madagascar,2022-03-01,63659.0,0.0,32.286,1366.0,0.0,2.286,2239.359,0.0,1.136,48.052,0.0,0.08,0.62,,,,,,,,,,,,,,,,,,,,,,,,,,,,,,,,28427333.0,43.951,19.6,2.929,1.686,1416.44,77.6,405.994,3.94,,,50.54,0.2,67.04,0.528,,,,
MDG,Africa,Madagascar,2022-03-02,63659.0,0.0,32.286,1366.0,0.0,2.286,2239.359,0.0,1.136,48.052,0.0,0.08,0.62,,,,,,,,,,,,,,,,,,,,,,,,,,,,,,,,28427333.0,43.951,19.6,2.929,1.686,1416.44,77.6,405.994,3.94,,,50.54,0.2,67.04,0.528,,,,
MDG,Africa,Madagascar,2022-03-03,63659.0,0.0,32.286,1366.0,0.0,2.286,2239.359,0.0,1.136,48.052,0.0,0.08,,,,,,,,,,,,,,,,,,,,,,,,,,,,,,,,,28427333.0,43.951,19.6,2.929,1.686,1416.44,77.6,405.994,3.94,,,50.54,0.2,67.04,0.528,,,,
MDG,Africa,Madagascar,2022-03-04,63659.0,0.0,32.286,1366.0,0.0,2.286,2239.359,0.0,1.136,48.052,0.0,0.08,,,,,,,,,,,,,,,,,,,,,,,,,,,,,,,,,28427333.0,43.951,19.6,2.929,1.686,1416.44,77.6,405.994,3.94,,,50.54,0.2,67.04,0.528,,,,
MDG,Africa,Madagascar,2022-03-05,63791.0,132.0,18.857,1373.0,7.0,1.0,2244.002,4.643,0.663,48.299,0.246,0.035,,,,,,,,,,,,,,,,,,,,,,,,,,,,,,,,,28427333.0,43.951,19.6,2.929,1.686,1416.44,77.6,405.994,3.94,,,50.54,0.2,67.04,0.528,,,,
MWI,Africa,Malawi,2022-03-01,85347.0,8.0,15.571,2615.0,0.0,0.857,4343.871,0.407,0.793,133.095,0.0,0.044,0.6,,,,,,,,,,,,,543.0,0.028,0.0287,34.9,tests performed,1938721.0,1525864.0,813482.0,,1900.0,3175.0,9.87,7.77,4.14,,162.0,1423.0,0.007,,19647681.0,197.519,18.1,2.979,1.783,1095.042,71.4,227.349,3.94,4.4,24.7,8.704,1.3,64.26,0.483,,,,
MWI,Africa,Malawi,2022-03-02,85362.0,15.0,15.0,2617.0,2.0,1.0,4344.635,0.763,0.763,133.196,0.102,0.051,0.6,,,,,,,,,,547521.0,27.867,,566.0,0.029,0.0265,37.7,tests performed,,,,,,,,,,,,,,,19647681.0,197.519,18.1,2.979,1.783,1095.042,71.4,227.349,3.94,4.4,24.7,8.704,1.3,64.26,0.483,,,,
MWI,Africa,Malawi,2022-03-03,85383.0,21.0,15.286,2617.0,0.0,0.714,4345.704,1.069,0.778,133.196,0.0,0.036,,,,,,,,,,,,,,574.0,0.029,0.0266,37.6,tests performed,,,,,,,,,,,,,,,19647681.0,197.519,18.1,2.979,1.783,1095.042,71.4,227.349,3.94,4.4,24.7,8.704,1.3,64.26,0.483,,,,
MWI,Africa,Malawi,2022-03-04,85396.0,13.0,14.429,2617.0,0.0,0.714,4346.365,0.662,0.734,133.196,0.0,0.036,,,,,,,,,,,548601.0,27.922,,590.0,0.03,,,tests performed,,,,,,,,,,,,,,,19647681.0,197.519,18.1,2.979,1.783,1095.042,71.4,227.349,3.94,4.4,24.7,8.704,1.3,64.26,0.483,,,,
MWI,Africa,Malawi,2022-03-05,85411.0,15.0,13.857,2618.0,1.0,0.714,4347.129,0.763,0.705,133.247,0.051,0.036,,,,,,,,,,,,,,,,,,,,,,,,,,,,,,,,,19647681.0,197.519,18.1,2.979,1.783,1095.042,71.4,227.349,3.94,4.4,24.7,8.704,1.3,64.26,0.483,,,,
MYS,Asia,Malaysia,2022-03-01,3468590.0,25854.0,27804.571,32827.0,78.0,56.286,105826.5,788.804,848.316,1001.55,2.38,1.717,1.13,374.0,11.411,6274.0,191.419,,,11711.0,357.302,218433.0,51421477.0,1568.867,6.664,203985.0,6.224,0.1363,7.3,people tested,67325045.0,27033479.0,25752444.0,14746670.0,103122.0,123607.0,205.41,82.48,78.57,44.99,3771.0,43232.0,0.132,,32776195.0,96.254,29.9,6.293,3.407,26808.164,0.1,260.942,16.74,1.0,42.4,,1.9,76.16,0.81,,,,
MYS,Asia,Malaysia,2022-03-02,3496090.0,27500.0,27276.143,32942.0,115.0,64.857,106665.524,839.024,832.194,1005.059,3.509,1.979,1.13,360.0,10.984,6877.0,209.817,,,11729.0,357.851,,,,,,,,,,67424370.0,27060817.0,25753897.0,14817244.0,99325.0,116844.0,205.71,82.56,78.58,45.21,3565.0,40099.0,0.122,,32776195.0,96.254,29.9,6.293,3.407,26808.164,0.1,260.942,16.74,1.0,42.4,,1.9,76.16,0.81,,,,
MYS,Asia,Malaysia,2022-03-03,3528557.0,32467.0,27332.857,33028.0,86.0,70.571,107656.09,990.566,833.924,1007.683,2.624,2.153,,355.0,10.831,7044.0,214.912,,,12013.0,366.516,,,,,,,,,,67521930.0,27084833.0,25755401.0,14889301.0,97560.0,110809.0,206.01,82.64,78.58,45.43,3381.0,36597.0,0.112,,32776195.0,96.254,29.9,6.293,3.407,26808.164,0.1,260.942,16.74,1.0,42.4,,1.9,76.16,0.81,,,,
MYS,Asia,Malaysia,2022-03-04,3561766.0,33209.0,27699.286,33106.0,78.0,73.571,108669.295,1013.205,845.104,1010.062,2.38,2.245,,348.0,10.617,7129.0,217.505,,,12340.0,376.493,,,,,,,,,,67604268.0,27108199.0,25756941.0,14946777.0,82338.0,103323.0,206.26,82.71,78.58,45.6,3152.0,33442.0,0.102,,32776195.0,96.254,29.9,6.293,3.407,26808.164,0.1,260.942,16.74,1.0,42.4,,1.9,76.16,0.81,,,,
MYS,Asia,Malaysia,2022-03-05,3595172.0,33406.0,28571.714,33173.0,67.0,77.0,109688.51,1019.215,871.722,1012.106,2.044,2.349,,371.0,11.319,7391.0,225.499,,,12757.0,389.215,,,,,,,,,,67672349.0,27137958.0,25757844.0,14984241.0,68081.0,95893.0,206.47,82.8,78.59,45.72,2926.0,29809.0,0.091,,32776195.0,96.254,29.9,6.293,3.407,26808.164,0.1,260.942,16.74,1.0,42.4,,1.9,76.16,0.81,,,,
MDV,Asia,Maldives,2022-03-01,170655.0,463.0,590.0,297.0,0.0,0.714,313923.329,851.698,1085.317,546.338,0.0,1.314,0.65,,,,,,,,,2804.0,2187583.0,4024.103,5.158,3264.0,6.004,0.1808,5.5,samples tested,903380.0,398229.0,371132.0,134019.0,1352.0,1583.0,166.18,73.26,68.27,24.65,2912.0,16.0,0.003,,543620.0,1454.433,30.6,4.12,2.875,15183.616,,164.905,9.19,2.1,55.0,95.803,,78.92,0.74,,,,
MDV,Asia,Maldives,2022-03-02,171114.0,459.0,516.857,297.0,0.0,0.571,314767.669,844.34,950.769,546.338,0.0,1.051,0.65,,,,,,,,,2503.0,2190086.0,4028.708,4.604,3035.0,5.583,0.1703,5.9,samples tested,,,,,,,,,,,,,,,543620.0,1454.433,30.6,4.12,2.875,15183.616,,164.905,9.19,2.1,55.0,95.803,,78.92,0.74,,,,
MDV,Asia,Maldives,2022-03-03,171649.0,535.0,503.571,297.0,0.0,0.429,315751.812,984.143,926.33,546.338,0.0,0.788,,,,,,,,,,2231.0,2192317.0,4032.812,4.104,2872.0,5.283,0.1753,5.7,samples tested,,,,,,,,,,,,,,,543620.0,1454.433,30.6,4.12,2.875,15183.616,,164.905,9.19,2.1,55.0,95.803,,78.92,0.74,,,,
MDV,Asia,Maldives,2022-03-04,171947.0,298.0,473.714,297.0,0.0,0.429,316299.989,548.177,871.407,546.338,0.0,0.788,,,,,,,,,,2101.0,2194418.0,4036.676,3.865,2711.0,4.987,,,samples tested,,,,,,,,,,,,,,,543620.0,1454.433,30.6,4.12,2.875,15183.616,,164.905,9.19,2.1,55.0,95.803,,78.92,0.74,,,,
MDV,Asia,Maldives,2022-03-05,172270.0,323.0,446.0,297.0,0.0,0.143,316894.154,594.165,820.426,546.338,0.0,0.263,,,,,,,,,,,,,,,,,,,,,,,,,,,,,,,,,543620.0,1454.433,30.6,4.12,2.875,15183.616,,164.905,9.19,2.1,55.0,95.803,,78.92,0.74,,,,
MLI,Africa,Mali,2022-03-01,30383.0,2.0,4.429,722.0,0.0,0.0,1456.818,0.096,0.212,34.619,0.0,0.0,0.51,,,,,,,,,,,,,,,,,,,,,,,,,,,,,,,,20855724.0,15.196,16.4,2.519,1.486,2014.306,,268.024,2.42,1.6,23.0,52.232,0.1,59.31,0.434,,,,
MLI,Africa,Mali,2022-03-02,30391.0,8.0,5.143,722.0,0.0,0.0,1457.202,0.384,0.247,34.619,0.0,0.0,0.52,,,,,,,,,,,,,,,,,,,,,,,,,,,,,,,,20855724.0,15.196,16.4,2.519,1.486,2014.306,,268.024,2.42,1.6,23.0,52.232,0.1,59.31,0.434,,,,
MLI,Africa,Mali,2022-03-03,30392.0,1.0,4.857,724.0,2.0,0.286,1457.25,0.048,0.233,34.715,0.096,0.014,,,,,,,,,,,,,,,,,,,,,,,,,,,,,,,,,20855724.0,15.196,16.4,2.519,1.486,2014.306,,268.024,2.42,1.6,23.0,52.232,0.1,59.31,0.434,,,,
MLI,Africa,Mali,2022-03-04,30396.0,4.0,4.429,724.0,0.0,0.286,1457.442,0.192,0.212,34.715,0.0,0.014,,,,,,,,,,,,,,,,,,,,,,,,,,,,,,,,,20855724.0,15.196,16.4,2.519,1.486,2014.306,,268.024,2.42,1.6,23.0,52.232,0.1,59.31,0.434,,,,
MLI,Africa,Mali,2022-03-05,30398.0,2.0,3.857,724.0,0.0,0.286,1457.538,0.096,0.185,34.715,0.0,0.014,,,,,,,,,,,,,,,,,,,,,,,,,,,,,,,,,20855724.0,15.196,16.4,2.519,1.486,2014.306,,268.024,2.42,1.6,23.0,52.232,0.1,59.31,0.434,,,,
MLT,Europe,Malta,2022-03-01,71361.0,86.0,76.0,605.0,0.0,0.857,138269.715,166.634,147.258,1172.253,0.0,1.661,0.83,,,,,,,,,1614.0,1741089.0,3373.55,3.127,1598.0,3.096,0.0476,21.0,tests performed,1243528.0,470769.0,463323.0,343449.0,640.0,657.0,240.95,91.22,89.77,66.55,1273.0,188.0,0.036,52.78,516100.0,1454.037,42.4,19.426,11.324,36513.323,0.2,168.711,8.83,20.9,30.2,,4.485,82.53,0.895,,,,
MLT,Europe,Malta,2022-03-02,71455.0,94.0,78.143,606.0,1.0,0.714,138451.85,182.135,151.41,1174.191,1.938,1.384,0.85,,,,,,,,,1845.0,1742934.0,3377.125,3.575,1614.0,3.127,0.0484,20.7,tests performed,1243973.0,470870.0,463424.0,343704.0,445.0,620.0,241.03,91.24,89.79,66.6,1201.0,167.0,0.032,,516100.0,1454.037,42.4,19.426,11.324,36513.323,0.2,168.711,8.83,20.9,30.2,,4.485,82.53,0.895,,,,
MLT,Europe,Malta,2022-03-03,71581.0,126.0,82.571,607.0,1.0,0.857,138695.989,244.139,159.991,1176.129,1.938,1.661,,,,,,,,,,1621.0,1744555.0,3380.265,3.141,1596.0,3.092,0.0517,19.3,tests performed,1244469.0,470987.0,463527.0,343990.0,496.0,593.0,241.13,91.26,89.81,66.65,1149.0,150.0,0.029,,516100.0,1454.037,42.4,19.426,11.324,36513.323,0.2,168.711,8.83,20.9,30.2,,4.485,82.53,0.895,,,,
MLT,Europe,Malta,2022-03-04,71679.0,98.0,85.143,607.0,0.0,0.857,138885.875,189.886,164.974,1176.129,0.0,1.661,,,,,,,,,,1644.0,1746199.0,3383.451,3.185,1597.0,3.094,,,tests performed,1245089.0,471178.0,463636.0,344315.0,620.0,592.0,241.25,91.3,89.83,66.71,1147.0,153.0,0.03,,516100.0,1454.037,42.4,19.426,11.324,36513.323,0.2,168.711,8.83,20.9,30.2,,4.485,82.53,0.895,,,,
MLT,Europe,Malta,2022-03-05,71800.0,121.0,88.714,608.0,1.0,0.857,139120.326,234.451,171.894,1178.066,1.938,1.661,,,,,,,,,,,,,,,,,,,,,,,,,,,,,,,,,516100.0,1454.037,42.4,19.426,11.324,36513.323,0.2,168.711,8.83,20.9,30.2,,4.485,82.53,0.895,,,,
MHL,Oceania,Marshall Islands,2022-03-01,7.0,0.0,0.0,,,,117.414,0.0,0.0,,,,,,,,,,,,,,,,,,,,,,,,,,,,,,,,,,,,59618.0,295.15,,,,3819.202,,557.793,30.53,,,82.502,2.7,73.7,0.704,,,,
MHL,Oceania,Marshall Islands,2022-03-02,7.0,0.0,0.0,,,,117.414,0.0,0.0,,,,,,,,,,,,,,,,,,,,,,,,,,,,,,,,,,,,59618.0,295.15,,,,3819.202,,557.793,30.53,,,82.502,2.7,73.7,0.704,,,,
MHL,Oceania,Marshall Islands,2022-03-03,7.0,0.0,0.0,,,,117.414,0.0,0.0,,,,,,,,,,,,,,,,,,,,,,,,,,,,,,,,,,,,59618.0,295.15,,,,3819.202,,557.793,30.53,,,82.502,2.7,73.7,0.704,,,,
MHL,Oceania,Marshall Islands,2022-03-04,7.0,0.0,0.0,,,,117.414,0.0,0.0,,,,,,,,,,,,,,,,,,,,,,,,,,,,,,,,,,,,59618.0,295.15,,,,3819.202,,557.793,30.53,,,82.502,2.7,73.7,0.704,,,,
MHL,Oceania,Marshall Islands,2022-03-05,7.0,0.0,0.0,,,,117.414,0.0,0.0,,,,,,,,,,,,,,,,,,,,,,,,,,,,,,,,,,,,59618.0,295.15,,,,3819.202,,557.793,30.53,,,82.502,2.7,73.7,0.704,,,,
MRT,Africa,Mauritania,2022-03-01,58638.0,5.0,2.857,979.0,0.0,0.286,12279.927,1.047,0.598,205.021,0.0,0.06,0.28,,,,,,,,,,,,,2145.0,0.449,0.0013,750.8,tests performed,,,,,,,,,,,,,,,4775110.0,4.289,20.3,3.138,1.792,3597.633,6.0,232.347,2.42,,,15.95,,64.92,0.546,,,,
MRT,Africa,Mauritania,2022-03-02,58638.0,0.0,2.429,979.0,0.0,0.286,12279.927,0.0,0.509,205.021,0.0,0.06,0.26,,,,,,,,,,894027.0,187.226,,2118.0,0.444,0.0011,872.0,tests performed,,,,,,,,,,,,,,,4775110.0,4.289,20.3,3.138,1.792,3597.633,6.0,232.347,2.42,,,15.95,,64.92,0.546,,,,
MRT,Africa,Mauritania,2022-03-03,58638.0,0.0,2.429,979.0,0.0,0.286,12279.927,0.0,0.509,205.021,0.0,0.06,,,,,,,,,,,,,,1960.0,0.41,0.0012,806.9,tests performed,,,,,,,,,,,,,,,4775110.0,4.289,20.3,3.138,1.792,3597.633,6.0,232.347,2.42,,,15.95,,64.92,0.546,,,,
MRT,Africa,Mauritania,2022-03-04,58645.0,7.0,2.714,980.0,1.0,0.286,12281.392,1.466,0.568,205.231,0.209,0.06,,,,,,,,,,,895882.0,187.615,,1645.0,0.344,,,tests performed,,,,34249.0,,,,,,0.72,,,,,4775110.0,4.289,20.3,3.138,1.792,3597.633,6.0,232.347,2.42,,,15.95,,64.92,0.546,,,,
MRT,Africa,Mauritania,2022-03-05,58646.0,1.0,2.429,980.0,0.0,0.143,12281.602,0.209,0.509,205.231,0.0,0.03,,,,,,,,,,,,,,,,,,,,,,,,,,,,,,,,,4775110.0,4.289,20.3,3.138,1.792,3597.633,6.0,232.347,2.42,,,15.95,,64.92,0.546,,,,
MUS,Africa,Mauritius,2022-03-01,70862.0,0.0,0.0,786.0,0.0,0.0,55646.648,0.0,0.0,617.232,0.0,0.0,0.05,,,,,,,,,,,,,,,,,,,,,,,,,,,,,,,,1273428.0,622.962,37.4,10.945,5.884,20292.745,0.5,224.644,22.02,3.2,40.7,,3.4,74.99,0.804,,,,
MUS,Africa,Mauritius,2022-03-02,70862.0,0.0,0.0,786.0,0.0,0.0,55646.648,0.0,0.0,617.232,0.0,0.0,0.04,,,,,,,,,,,,,,,,,,,,,,,,,,,,,,,,1273428.0,622.962,37.4,10.945,5.884,20292.745,0.5,224.644,22.02,3.2,40.7,,3.4,74.99,0.804,,,,
MUS,Africa,Mauritius,2022-03-03,70862.0,0.0,0.0,786.0,0.0,0.0,55646.648,0.0,0.0,617.232,0.0,0.0,,,,,,,,,,,,,,,,,,,,,,,,,,,,,,,,,1273428.0,622.962,37.4,10.945,5.884,20292.745,0.5,224.644,22.02,3.2,40.7,,3.4,74.99,0.804,,,,
MUS,Africa,Mauritius,2022-03-04,70862.0,0.0,0.0,786.0,0.0,0.0,55646.648,0.0,0.0,617.232,0.0,0.0,,,,,,,,,,,,,,,,,,,,,,491390.0,,,,,,38.59,,,,,1273428.0,622.962,37.4,10.945,5.884,20292.745,0.5,224.644,22.02,3.2,40.7,,3.4,74.99,0.804,,,,
MUS,Africa,Mauritius,2022-03-05,70862.0,0.0,0.0,786.0,0.0,0.0,55646.648,0.0,0.0,617.232,0.0,0.0,,,,,,,,,,,,,,,,,,,,,,,,,,,,,,,,,1273428.0,622.962,37.4,10.945,5.884,20292.745,0.5,224.644,22.02,3.2,40.7,,3.4,74.99,0.804,,,,
MEX,North America,Mexico,2022-03-01,5521744.0,13115.0,14783.857,318531.0,382.0,392.143,42389.451,100.682,113.493,2445.306,2.933,3.01,0.76,,,,,,,,,8538.0,14501202.0,111.323,0.066,9776.0,0.075,0.315,3.2,people tested,182185704.0,85238025.0,78945844.0,,239797.0,497623.0,139.86,65.44,60.61,,3820.0,24442.0,0.019,,130262220.0,66.444,29.3,6.857,4.321,17336.469,2.5,152.783,13.06,6.9,21.4,87.847,1.38,75.05,0.779,,,,
MEX,North America,Mexico,2022-03-02,5521744.0,0.0,9501.0,318531.0,0.0,227.143,42389.451,0.0,72.937,2445.306,0.0,1.744,0.75,,,,,,,,,4314.0,14505516.0,111.356,0.033,8348.0,0.064,0.304,3.3,people tested,182472333.0,85261393.0,78987826.0,,286629.0,456861.0,140.08,65.45,60.64,,3507.0,25392.0,0.019,,130262220.0,66.444,29.3,6.857,4.321,17336.469,2.5,152.783,13.06,6.9,21.4,87.847,1.38,75.05,0.779,,,,
MEX,North America,Mexico,2022-03-03,5534086.0,12342.0,8656.714,318835.0,304.0,218.857,42484.198,94.747,66.456,2447.64,2.334,1.68,,,,,,,,,,,,,,,,,,,182771895.0,85292153.0,79014513.0,,299562.0,386555.0,140.31,65.48,60.66,,2968.0,25540.0,0.02,,130262220.0,66.444,29.3,6.857,4.321,17336.469,2.5,152.783,13.06,6.9,21.4,87.847,1.38,75.05,0.779,,,,
MEX,North America,Mexico,2022-03-04,5544644.0,10558.0,7931.0,319296.0,461.0,230.429,42565.25,81.052,60.885,2451.179,3.539,1.769,,,,,,,,,,,,,,,,,,,183043385.0,85315634.0,79050604.0,,271490.0,350502.0,140.52,65.5,60.69,,2691.0,25753.0,0.02,,130262220.0,66.444,29.3,6.857,4.321,17336.469,2.5,152.783,13.06,6.9,21.4,87.847,1.38,75.05,0.779,,,,
MEX,North America,Mexico,2022-03-05,5554392.0,9748.0,7400.857,319604.0,308.0,227.143,42640.084,74.834,56.815,2453.543,2.364,1.744,,,,,,,,,,,,,,,,,,,,,,,,,,,,,,,,,130262220.0,66.444,29.3,6.857,4.321,17336.469,2.5,152.783,13.06,6.9,21.4,87.847,1.38,75.05,0.779,,,,
FSM,Oceania,Micronesia (country),2022-03-01,1.0,0.0,0.0,,,,8.602,0.0,0.0,,,,,,,,,,,,,,,,,,,,,,,,,,,,,,,,,,,,116255.0,150.777,23.0,4.81,2.392,3299.464,16.0,454.343,12.02,,,,,67.88,0.62,,,,
FSM,Oceania,Micronesia (country),2022-03-02,1.0,0.0,0.0,,,,8.602,0.0,0.0,,,,,,,,,,,,,,,,,,,,,,,,,,,,,,,,,,,,116255.0,150.777,23.0,4.81,2.392,3299.464,16.0,454.343,12.02,,,,,67.88,0.62,,,,
FSM,Oceania,Micronesia (country),2022-03-03,1.0,0.0,0.0,,,,8.602,0.0,0.0,,,,,,,,,,,,,,,,,,,,,,,,,,,,,,,,,,,,116255.0,150.777,23.0,4.81,2.392,3299.464,16.0,454.343,12.02,,,,,67.88,0.62,,,,
FSM,Oceania,Micronesia (country),2022-03-04,1.0,0.0,0.0,,,,8.602,0.0,0.0,,,,,,,,,,,,,,,,,,,,,,,,,,,,,,,,,,,,116255.0,150.777,23.0,4.81,2.392,3299.464,16.0,454.343,12.02,,,,,67.88,0.62,,,,
FSM,Oceania,Micronesia (country),2022-03-05,1.0,0.0,0.0,,,,8.602,0.0,0.0,,,,,,,,,,,,,,,,,,,,,,,,,,,,,,,,,,,,116255.0,150.777,23.0,4.81,2.392,3299.464,16.0,454.343,12.02,,,,,67.88,0.62,,,,
MDA,Europe,Moldova,2022-03-01,502386.0,586.0,772.857,11228.0,12.0,13.143,124846.64,145.625,192.061,2790.241,2.982,3.266,0.5,,,,,,,,,7477.0,,,1.858,,,,,tests performed,2070811.0,,1040065.0,,3806.0,3876.0,51.46,,25.85,,963.0,,,,4024025.0,123.655,37.6,10.864,6.955,5189.972,0.2,408.502,5.72,5.9,44.6,86.979,5.8,71.9,0.75,,,,
MDA,Europe,Moldova,2022-03-02,502956.0,570.0,715.714,11242.0,14.0,12.143,124988.289,141.649,177.86,2793.72,3.479,3.018,0.48,,,,,,,,,6729.0,,,1.672,,,,,tests performed,2074352.0,,1040940.0,,3541.0,3656.0,51.55,,25.87,,909.0,,,,4024025.0,123.655,37.6,10.864,6.955,5189.972,0.2,408.502,5.72,5.9,44.6,86.979,5.8,71.9,0.75,,,,
MDA,Europe,Moldova,2022-03-03,503690.0,734.0,667.857,11254.0,12.0,11.857,125170.694,182.404,165.967,2796.702,2.982,2.947,,,,,,,,,,5948.0,,,1.478,,,,,tests performed,2078446.0,,1042045.0,,4094.0,3515.0,51.65,,25.9,,874.0,,,,4024025.0,123.655,37.6,10.864,6.955,5189.972,0.2,408.502,5.72,5.9,44.6,86.979,5.8,71.9,0.75,,,,
MDA,Europe,Moldova,2022-03-04,504307.0,617.0,594.714,11269.0,15.0,12.0,125324.023,153.329,147.791,2800.43,3.728,2.982,,,,,,,,,,,,,,,,,,,2082297.0,,1042979.0,,3851.0,3662.0,51.75,,25.92,,910.0,,,,4024025.0,123.655,37.6,10.864,6.955,5189.972,0.2,408.502,5.72,5.9,44.6,86.979,5.8,71.9,0.75,,,,
MDA,Europe,Moldova,2022-03-05,504875.0,568.0,580.429,11285.0,16.0,12.0,125465.175,141.152,144.241,2804.406,3.976,2.982,,,,,,,,,,,,,,,,,,,,,,,,,,,,,,,,,4024025.0,123.655,37.6,10.864,6.955,5189.972,0.2,408.502,5.72,5.9,44.6,86.979,5.8,71.9,0.75,,,,
MCO,Europe,Monaco,2022-03-01,9445.0,86.0,25.429,51.0,0.0,0.0,238992.915,2176.113,643.436,1290.486,0.0,0.0,0.79,,,,,,,,,,,,,,,,,,,,,,,,,,,,,,,,39520.0,19347.5,,,,,,,5.46,,,,13.8,86.75,,,,,
MCO,Europe,Monaco,2022-03-02,9445.0,0.0,20.0,51.0,0.0,0.0,238992.915,0.0,506.073,1290.486,0.0,0.0,0.79,,,,,,,,,,,,,,,,,,,,,,,,,,,,,,,,39520.0,19347.5,,,,,,,5.46,,,,13.8,86.75,,,,,
MCO,Europe,Monaco,2022-03-03,9445.0,0.0,16.286,51.0,0.0,0.0,238992.915,0.0,412.088,1290.486,0.0,0.0,,,,,,,,,,,,,,,,,,,,,,,,,,,,,,,,,39520.0,19347.5,,,,,,,5.46,,,,13.8,86.75,,,,,
MCO,Europe,Monaco,2022-03-04,9445.0,0.0,12.286,51.0,0.0,0.0,238992.915,0.0,310.873,1290.486,0.0,0.0,,,,,,,,,,,,,,,,,,,,,,,,,,,,,,,,,39520.0,19347.5,,,,,,,5.46,,,,13.8,86.75,,,,,
MCO,Europe,Monaco,2022-03-05,9537.0,92.0,25.429,51.0,0.0,0.0,241320.85,2327.935,643.436,1290.486,0.0,0.0,,,,,,,,,,,,,,,,,,,,,,,,,,,,,,,,,39520.0,19347.5,,,,,,,5.46,,,,13.8,86.75,,,,,
MNG,Asia,Mongolia,2022-03-01,908157.0,0.0,1207.286,2171.0,1.0,1.429,272778.635,0.0,362.626,652.093,0.3,0.429,0.61,,,,,,,,,,,,,8198.0,2.462,0.1473,6.8,samples tested,,,,,,810.0,,,,,243.0,84.0,0.003,2.78,3329282.0,1.98,28.6,4.031,2.421,11840.846,0.5,460.043,4.82,5.5,46.5,71.18,7.0,69.87,0.737,,,,
MNG,Asia,Mongolia,2022-03-02,909379.0,1222.0,889.857,2171.0,0.0,1.143,273145.681,367.046,267.282,652.093,0.0,0.343,0.61,,,,,,,,,,7175225.0,2155.187,,8224.0,2.47,0.1082,9.2,samples tested,5469549.0,2271676.0,2173057.0,1024816.0,,694.0,164.29,68.23,65.27,30.78,208.0,66.0,0.002,,3329282.0,1.98,28.6,4.031,2.421,11840.846,0.5,460.043,4.82,5.5,46.5,71.18,7.0,69.87,0.737,,,,
MNG,Asia,Mongolia,2022-03-03,910377.0,998.0,878.0,2173.0,2.0,0.857,273445.446,299.764,263.721,652.693,0.601,0.257,,,,,,,,,,8178.0,7183403.0,2157.643,2.456,8076.0,2.426,0.1087,9.2,samples tested,5470227.0,2271724.0,2173135.0,1025368.0,678.0,609.0,164.31,68.23,65.27,30.8,183.0,50.0,0.002,,3329282.0,1.98,28.6,4.031,2.421,11840.846,0.5,460.043,4.82,5.5,46.5,71.18,7.0,69.87,0.737,,,,
MNG,Asia,Mongolia,2022-03-04,911183.0,806.0,745.0,2173.0,0.0,0.857,273687.54,242.094,223.772,652.693,0.0,0.257,,,,,,,,,,6849.0,7190252.0,2159.7,2.057,7831.0,2.352,,,samples tested,5470867.0,2271778.0,2173241.0,1025848.0,640.0,591.0,164.33,68.24,65.28,30.81,178.0,47.0,0.001,,3329282.0,1.98,28.6,4.031,2.421,11840.846,0.5,460.043,4.82,5.5,46.5,71.18,7.0,69.87,0.737,,,,
MNG,Asia,Mongolia,2022-03-05,911183.0,,,2174.0,1.0,0.857,273687.54,,,652.994,0.3,0.257,,,,,,,,,,,,,,,,,,,,,,,,,,,,,,,,,3329282.0,1.98,28.6,4.031,2.421,11840.846,0.5,460.043,4.82,5.5,46.5,71.18,7.0,69.87,0.737,,,,
MNE,Europe,Montenegro,2022-03-01,230363.0,156.0,163.0,2682.0,2.0,1.857,366790.277,248.387,259.533,4270.354,3.184,2.957,0.56,,,,,,,,,,,,,,,,,,663653.0,288602.0,280203.0,94848.0,318.0,223.0,105.67,45.95,44.61,15.1,355.0,37.0,0.006,,628051.0,46.28,39.1,14.762,9.395,16409.288,1.0,387.305,10.08,44.0,47.9,,3.861,76.88,0.829,,,,
MNE,Europe,Montenegro,2022-03-02,230512.0,149.0,154.571,2682.0,0.0,1.714,367027.518,237.242,246.113,4270.354,0.0,2.73,0.56,,,,,,,,,,,,,,,,,,663918.0,288664.0,280281.0,94973.0,265.0,223.0,105.71,45.96,44.63,15.12,355.0,40.0,0.006,,628051.0,46.28,39.1,14.762,9.395,16409.288,1.0,387.305,10.08,44.0,47.9,,3.861,76.88,0.829,,,,
MNE,Europe,Montenegro,2022-03-03,230631.0,119.0,143.0,2682.0,0.0,1.429,367216.994,189.475,227.689,4270.354,0.0,2.275,,,,,,,,,,,,,,,,,,,664152.0,288709.0,280343.0,95100.0,234.0,212.0,105.75,45.97,44.64,15.14,338.0,38.0,0.006,,628051.0,46.28,39.1,14.762,9.395,16409.288,1.0,387.305,10.08,44.0,47.9,,3.861,76.88,0.829,,,,
MNE,Europe,Montenegro,2022-03-04,230759.0,128.0,131.857,2684.0,2.0,1.429,367420.799,203.805,209.947,4273.538,3.184,2.275,,,,,,,,,,,,,,,,,,,664436.0,288779.0,280419.0,95238.0,284.0,214.0,105.79,45.98,44.65,15.16,341.0,41.0,0.007,,628051.0,46.28,39.1,14.762,9.395,16409.288,1.0,387.305,10.08,44.0,47.9,,3.861,76.88,0.829,,,,
MNE,Europe,Montenegro,2022-03-05,230887.0,128.0,125.143,2685.0,1.0,1.571,367624.604,203.805,199.256,4275.131,1.592,2.502,,,,,,,,,,,,,,,,,,,664676.0,288838.0,280487.0,95351.0,240.0,214.0,105.83,45.99,44.66,15.18,341.0,43.0,0.007,,628051.0,46.28,39.1,14.762,9.395,16409.288,1.0,387.305,10.08,44.0,47.9,,3.861,76.88,0.829,,,,
MSR,North America,Montserrat,2022-03-01,164.0,0.0,0.143,2.0,0.0,0.0,32925.115,0.0,28.68,401.526,0.0,0.0,,,,,,,,,,,,,,,,,,,,,,,,,,,,,,,,,4981.0,,,,,,,,,,,,,74.16,,,,,
MSR,North America,Montserrat,2022-03-02,164.0,0.0,0.143,2.0,0.0,0.0,32925.115,0.0,28.68,401.526,0.0,0.0,,,,,,,,,,,,,,,,,,,,,,,,,,,,,,,,,4981.0,,,,,,,,,,,,,74.16,,,,,
MSR,North America,Montserrat,2022-03-03,164.0,0.0,0.143,2.0,0.0,0.0,32925.115,0.0,28.68,401.526,0.0,0.0,,,,,,,,,,,,,,,,,,,,,,,,,,,,,,,,,4981.0,,,,,,,,,,,,,74.16,,,,,
MSR,North America,Montserrat,2022-03-04,164.0,0.0,0.143,2.0,0.0,0.0,32925.115,0.0,28.68,401.526,0.0,0.0,,,,,,,,,,,,,,,,,,,,,,,,,,,,,,,,,4981.0,,,,,,,,,,,,,74.16,,,,,
MSR,North America,Montserrat,2022-03-05,164.0,0.0,0.143,2.0,0.0,0.0,32925.115,0.0,28.68,401.526,0.0,0.0,,,,,,,,,,,,,,,,,,,,,,,,,,,,,,,,,4981.0,,,,,,,,,,,,,74.16,,,,,
MAR,Africa,Morocco,2022-03-01,1161131.0,156.0,221.0,15994.0,6.0,10.286,31092.184,4.177,5.918,428.279,0.161,0.275,0.34,,,,,,,,,,,,,13406.0,0.359,0.0165,60.7,people tested,,,,,,,,,,,,,,,37344787.0,80.08,29.6,6.769,4.209,7485.013,1.0,419.146,7.14,0.8,47.1,,1.1,76.68,0.686,,,,
MAR,Africa,Morocco,2022-03-02,1161290.0,159.0,192.714,16002.0,8.0,9.143,31096.442,4.258,5.16,428.494,0.214,0.245,0.33,,,,,,,,,,11072384.0,296.491,,12669.0,0.339,0.0152,65.7,people tested,,,,,,,,,,,,,,,37344787.0,80.08,29.6,6.769,4.209,7485.013,1.0,419.146,7.14,0.8,47.1,,1.1,76.68,0.686,,,,
MAR,Africa,Morocco,2022-03-03,1161392.0,102.0,155.571,16006.0,4.0,7.714,31099.173,2.731,4.166,428.601,0.107,0.207,,,,,,,,,,9518.0,11081902.0,296.746,0.255,12000.0,0.321,0.013,77.1,people tested,,,,,,,,,,,,,,,37344787.0,80.08,29.6,6.769,4.209,7485.013,1.0,419.146,7.14,0.8,47.1,,1.1,76.68,0.686,,,,
MAR,Africa,Morocco,2022-03-04,1161506.0,114.0,134.857,16009.0,3.0,7.0,31102.226,3.053,3.611,428.681,0.08,0.187,,,,,,,,,,9600.0,11091502.0,297.003,0.257,11257.0,0.301,,,people tested,,,,5779158.0,,,,,,15.48,,,,,37344787.0,80.08,29.6,6.769,4.209,7485.013,1.0,419.146,7.14,0.8,47.1,,1.1,76.68,0.686,,,,
MAR,Africa,Morocco,2022-03-05,1161586.0,80.0,119.429,16015.0,6.0,6.429,31104.368,2.142,3.198,428.842,0.161,0.172,,,,,,,,,,,,,,,,,,,,,,,,,,,,,,,,,37344787.0,80.08,29.6,6.769,4.209,7485.013,1.0,419.146,7.14,0.8,47.1,,1.1,76.68,0.686,,,,
MOZ,Africa,Mozambique,2022-03-01,225063.0,16.0,18.0,2192.0,0.0,0.286,6997.565,0.497,0.56,68.153,0.0,0.009,0.46,,,,,,,,,,,,,1172.0,0.036,0.0154,65.1,tests performed,,,,,,,,,,,,,,42.59,32163045.0,37.728,17.7,3.158,1.87,1136.103,62.9,329.942,3.3,5.1,29.1,12.227,0.7,60.85,0.456,,,,
MOZ,Africa,Mozambique,2022-03-02,225080.0,17.0,13.857,2193.0,1.0,0.286,6998.094,0.529,0.431,68.184,0.031,0.009,0.46,,,,,,,,,,1270558.0,39.504,,1096.0,0.034,0.0126,79.1,tests performed,,,,,,,,,,,,,,42.59,32163045.0,37.728,17.7,3.158,1.87,1136.103,62.9,329.942,3.3,5.1,29.1,12.227,0.7,60.85,0.456,,,,
MOZ,Africa,Mozambique,2022-03-03,225100.0,20.0,14.429,2194.0,1.0,0.286,6998.715,0.622,0.449,68.215,0.031,0.009,,,,,,,,,,,,,,1090.0,0.034,0.0132,75.5,tests performed,,,,,,,,,,,,,,42.59,32163045.0,37.728,17.7,3.158,1.87,1136.103,62.9,329.942,3.3,5.1,29.1,12.227,0.7,60.85,0.456,,,,
MOZ,Africa,Mozambique,2022-03-04,225121.0,21.0,14.714,2195.0,1.0,0.429,6999.368,0.653,0.457,68.246,0.031,0.013,,,,,,,,,,,1272590.0,39.567,,1085.0,0.034,,,tests performed,,,,138218.0,,,,,,0.43,,,,42.59,32163045.0,37.728,17.7,3.158,1.87,1136.103,62.9,329.942,3.3,5.1,29.1,12.227,0.7,60.85,0.456,,,,
MOZ,Africa,Mozambique,2022-03-05,225135.0,14.0,14.143,2196.0,1.0,0.571,6999.804,0.435,0.44,68.277,0.031,0.018,,,,,,,,,,,,,,,,,,,,,,,,,,,,,,,,,32163045.0,37.728,17.7,3.158,1.87,1136.103,62.9,329.942,3.3,5.1,29.1,12.227,0.7,60.85,0.456,,,,
MMR,Asia,Myanmar,2022-03-01,590237.0,2346.0,2587.143,19372.0,4.0,4.0,10769.566,42.806,47.205,353.465,0.073,0.073,1.15,,,,,,,,,22732.0,7143562.0,130.343,0.415,24927.0,0.455,0.1038,9.6,samples tested,44685868.0,23652432.0,21033436.0,,,68198.0,81.53,43.16,38.38,,1244.0,30326.0,0.055,,54806014.0,81.721,29.1,5.732,3.12,5591.597,6.4,202.104,4.61,6.3,35.2,79.287,0.9,67.13,0.583,,,,
MMR,Asia,Myanmar,2022-03-02,592139.0,1902.0,2375.857,19375.0,3.0,3.714,10804.27,34.704,43.35,353.52,0.055,0.068,1.15,,,,,,,,,22204.0,7165766.0,130.748,0.405,23624.0,0.431,0.1006,9.9,samples tested,,,,,,,,,,,,,,,54806014.0,81.721,29.1,5.732,3.12,5591.597,6.4,202.104,4.61,6.3,35.2,79.287,0.9,67.13,0.583,,,,
MMR,Asia,Myanmar,2022-03-03,593958.0,1819.0,2216.0,19379.0,4.0,3.714,10837.46,33.19,40.434,353.593,0.073,0.068,,,,,,,,,,47135.0,7212901.0,131.608,0.86,26288.0,0.48,0.0843,11.9,samples tested,,,,,,,,,,,,,,,54806014.0,81.721,29.1,5.732,3.12,5591.597,6.4,202.104,4.61,6.3,35.2,79.287,0.9,67.13,0.583,,,,
MMR,Asia,Myanmar,2022-03-04,595821.0,1863.0,1997.714,19383.0,4.0,3.857,10871.453,33.993,36.451,353.666,0.073,0.07,,,,,,,,,,,,,,,,,,,,,,,,,,,,,,,,,54806014.0,81.721,29.1,5.732,3.12,5591.597,6.4,202.104,4.61,6.3,35.2,79.287,0.9,67.13,0.583,,,,
MMR,Asia,Myanmar,2022-03-05,597417.0,1596.0,1882.571,19386.0,3.0,3.714,10900.574,29.121,34.35,353.72,0.055,0.068,,,,,,,,,,,,,,,,,,,,,,,,,,,,,,,,,54806014.0,81.721,29.1,5.732,3.12,5591.597,6.4,202.104,4.61,6.3,35.2,79.287,0.9,67.13,0.583,,,,
NAM,Africa,Namibia,2022-03-01,157225.0,0.0,27.286,4007.0,0.0,0.714,60766.949,0.0,10.546,1548.692,0.0,0.276,0.77,,,,,,,,,,,,,1080.0,0.417,0.0253,39.6,tests performed,,,,,,,,,,,,,,,2587344.0,3.078,22.0,3.552,2.085,9541.808,13.4,243.811,3.94,9.7,34.2,44.6,,63.71,0.646,,,,
NAM,Africa,Namibia,2022-03-02,157275.0,50.0,30.714,4009.0,2.0,1.0,60786.273,19.325,11.871,1549.465,0.773,0.386,0.79,,,,,,,,,,955455.0,369.28,,987.0,0.381,0.0311,32.1,tests performed,,,,,,,,,,,,,,,2587344.0,3.078,22.0,3.552,2.085,9541.808,13.4,243.811,3.94,9.7,34.2,44.6,,63.71,0.646,,,,
NAM,Africa,Namibia,2022-03-03,157284.0,9.0,25.429,4010.0,1.0,0.571,60789.752,3.478,9.828,1549.852,0.386,0.221,,,,,,,,,,,,,,953.0,0.368,0.0267,37.5,tests performed,,,,,,,,,,,,,,,2587344.0,3.078,22.0,3.552,2.085,9541.808,13.4,243.811,3.94,9.7,34.2,44.6,,63.71,0.646,,,,
NAM,Africa,Namibia,2022-03-04,157311.0,27.0,25.429,4013.0,3.0,0.857,60800.187,10.435,9.828,1551.011,1.159,0.331,,,,,,,,,,,957442.0,370.048,,933.0,0.361,,,tests performed,,,,,,,,,,,,,,,2587344.0,3.078,22.0,3.552,2.085,9541.808,13.4,243.811,3.94,9.7,34.2,44.6,,63.71,0.646,,,,
NAM,Africa,Namibia,2022-03-05,157324.0,13.0,18.714,4013.0,0.0,0.857,60805.212,5.024,7.233,1551.011,0.0,0.331,,,,,,,,,,,,,,,,,,,,,,,,,,,,,,,,,2587344.0,3.078,22.0,3.552,2.085,9541.808,13.4,243.811,3.94,9.7,34.2,44.6,,63.71,0.646,,,,
NPL,Asia,Nepal,2022-03-01,977076.0,92.0,138.714,11938.0,2.0,1.429,32925.986,3.1,4.674,402.293,0.067,0.048,0.26,,,,,,,,,6504.0,6491107.0,218.741,0.219,7824.0,0.264,0.033,30.3,samples tested,37233872.0,21594817.0,17547281.0,1189716.0,108140.0,108663.0,125.47,72.77,59.13,4.01,3662.0,25976.0,0.088,,29674920.0,204.43,25.0,5.809,3.212,2442.804,15.0,260.797,7.26,9.5,37.8,47.782,0.3,70.78,0.602,,,,
NPL,Asia,Nepal,2022-03-02,977199.0,123.0,119.714,11941.0,3.0,1.571,32930.131,4.145,4.034,402.394,0.101,0.053,0.26,,,,,,,,,6874.0,6497981.0,218.972,0.232,7613.0,0.257,0.03,33.3,samples tested,37269660.0,21603183.0,17567825.0,1199508.0,35788.0,99062.0,125.59,72.8,59.2,4.04,3338.0,20460.0,0.069,,29674920.0,204.43,25.0,5.809,3.212,2442.804,15.0,260.797,7.26,9.5,37.8,47.782,0.3,70.78,0.602,,,,
NPL,Asia,Nepal,2022-03-03,977269.0,70.0,108.143,11944.0,3.0,1.857,32932.49,2.359,3.644,402.495,0.101,0.063,,,,,,,,,,,,,,7409.0,0.25,,,samples tested,,,,,,94146.0,,,,,3173.0,19148.0,0.065,,29674920.0,204.43,25.0,5.809,3.212,2442.804,15.0,260.797,7.26,9.5,37.8,47.782,0.3,70.78,0.602,,,,
NPL,Asia,Nepal,2022-03-04,977380.0,111.0,101.429,11945.0,1.0,1.857,32936.23,3.741,3.418,402.528,0.034,0.063,,,,,,,,,,,6511838.0,219.439,,7205.0,0.243,0.029,34.5,samples tested,37431640.0,21627227.0,17681043.0,1231042.0,,88217.0,126.14,72.88,59.58,4.15,2973.0,16899.0,0.057,,29674920.0,204.43,25.0,5.809,3.212,2442.804,15.0,260.797,7.26,9.5,37.8,47.782,0.3,70.78,0.602,,,,
NPL,Asia,Nepal,2022-03-05,977447.0,67.0,96.571,11945.0,0.0,1.571,32938.488,2.258,3.254,402.528,0.0,0.053,,,,,,,,,,,,,,,,,,,37682890.0,21645983.0,17843980.0,1312118.0,251250.0,111932.0,126.99,72.94,60.13,4.42,3772.0,18442.0,0.062,,29674920.0,204.43,25.0,5.809,3.212,2442.804,15.0,260.797,7.26,9.5,37.8,47.782,0.3,70.78,0.602,,,,
NLD,Europe,Netherlands,2022-03-01,6491805.0,36495.0,42336.571,21676.0,16.0,12.0,378021.864,2125.127,2465.285,1262.207,0.932,0.699,1.01,150.0,8.735,1258.0,73.254,86.0,5.008,960.0,55.901,74620.0,28284652.0,1647.033,4.345,54684.0,3.184,0.649,1.5,tests performed,,,,,,6120.0,,,,,356.0,253.0,0.001,,17173094.0,508.544,43.2,18.779,11.881,48472.545,,109.361,5.29,24.4,27.3,,3.32,82.28,0.944,,,,
NLD,Europe,Netherlands,2022-03-02,6540294.0,48489.0,43390.857,21687.0,11.0,13.571,380845.409,2823.545,2526.677,1262.848,0.641,0.79,1.02,160.0,9.317,1285.0,74.826,90.0,5.241,942.0,54.853,91429.0,28376081.0,1652.357,5.324,58861.0,3.428,0.666,1.5,tests performed,,,,,,5346.0,,,,,311.0,218.0,0.001,,17173094.0,508.544,43.2,18.779,11.881,48472.545,,109.361,5.29,24.4,27.3,,3.32,82.28,0.944,,,,
NLD,Europe,Netherlands,2022-03-03,6598578.0,58284.0,46356.714,21695.0,8.0,14.714,384239.322,3393.914,2699.38,1263.313,0.466,0.857,,155.0,9.026,1256.0,73.138,82.0,4.775,981.0,57.124,,,,,,,,,,,,,,,4573.0,,,,,266.0,182.0,0.001,,17173094.0,508.544,43.2,18.779,11.881,48472.545,,109.361,5.29,24.4,27.3,,3.32,82.28,0.944,,,,
NLD,Europe,Netherlands,2022-03-04,6666890.0,68312.0,51418.571,21705.0,10.0,15.429,388217.173,3977.85,2994.136,1263.896,0.582,0.898,,147.0,8.56,1244.0,72.439,84.0,4.891,969.0,56.425,,,,,,,,,,,,,,,3799.0,,,,,221.0,147.0,0.001,,17173094.0,508.544,43.2,18.779,11.881,48472.545,,109.361,5.29,24.4,27.3,,3.32,82.28,0.944,,,,
NLD,Europe,Netherlands,2022-03-05,6734097.0,67207.0,57106.857,21714.0,9.0,15.857,392130.678,3913.506,3325.368,1264.42,0.524,0.923,,157.0,9.142,1201.0,69.935,81.0,4.717,1002.0,58.347,,,,,,,,,,33942499.0,13450667.0,12356769.0,9003462.0,,3026.0,197.65,78.32,71.95,52.43,176.0,112.0,0.001,,17173094.0,508.544,43.2,18.779,11.881,48472.545,,109.361,5.29,24.4,27.3,,3.32,82.28,0.944,,,,
NCL,Oceania,New Caledonia,2022-03-01,54856.0,679.0,1342.0,300.0,1.0,1.857,190328.815,2355.864,4656.214,1040.882,3.47,6.444,,,,,,,,,,,,,,,,,,,,,,,,,,,,,,,,,288217.0,15.342,33.4,9.954,6.489,,,,23.36,,,,,77.55,,,,,
NCL,Oceania,New Caledonia,2022-03-02,55502.0,646.0,584.571,301.0,1.0,0.286,192570.181,2241.367,2028.234,1044.352,3.47,0.991,,,,,,,,,,,,,,,,,,,,,,,,,,,,,,,,,288217.0,15.342,33.4,9.954,6.489,,,,23.36,,,,,77.55,,,,,
NCL,Oceania,New Caledonia,2022-03-03,56188.0,686.0,552.429,301.0,0.0,0.286,194950.333,2380.151,1916.711,1044.352,0.0,0.991,,,,,,,,,,,,,,,,,,,,,,,,,,,,,,,,,288217.0,15.342,33.4,9.954,6.489,,,,23.36,,,,,77.55,,,,,
NCL,Oceania,New Caledonia,2022-03-04,56833.0,645.0,546.571,302.0,1.0,0.429,197188.23,2237.897,1896.389,1047.822,3.47,1.487,,,,,,,,,,,,,,,,,,,,,,,,,,,,,,,,,288217.0,15.342,33.4,9.954,6.489,,,,23.36,,,,,77.55,,,,,
NCL,Oceania,New Caledonia,2022-03-05,56833.0,,,302.0,0.0,0.429,197188.23,,,1047.822,0.0,1.487,,,,,,,,,,,,,,,,,,,,,,,,,,,,,,,,,288217.0,15.342,33.4,9.954,6.489,,,,23.36,,,,,77.55,,,,,
NZL,Oceania,New Zealand,2022-03-01,142918.0,24106.0,14796.143,56.0,0.0,0.0,27879.367,4702.417,2886.32,10.924,0.0,0.0,2.77,,,,,,,,,16851.0,6728049.0,1312.457,3.287,27148.0,5.296,0.545,1.8,tests performed,10652152.0,4263313.0,3964716.0,2424123.0,21981.0,27205.0,207.79,83.17,77.34,47.29,5307.0,2157.0,0.042,,5126300.0,18.206,37.9,15.322,9.72,36085.843,,128.797,8.08,14.8,17.2,,2.61,82.29,0.931,,,,
NZL,Oceania,New Zealand,2022-03-02,166098.0,23180.0,17232.143,56.0,0.0,0.0,32401.147,4521.78,3361.517,10.924,0.0,0.0,2.76,,,,,,,,,,,,,25663.0,5.006,0.6715,1.5,tests performed,,,,,,25920.0,,,,,5056.0,2132.0,0.042,,5126300.0,18.206,37.9,15.322,9.72,36085.843,,128.797,8.08,14.8,17.2,,2.61,82.29,0.931,,,,
NZL,Oceania,New Zealand,2022-03-03,188680.0,22582.0,18740.429,63.0,7.0,1.0,36806.274,4405.127,3655.742,12.29,1.366,0.195,,,,,,,,,,,,,,24178.0,4.716,0.7751,1.3,tests performed,,,,,,24470.0,,,,,4773.0,2070.0,0.04,,5126300.0,18.206,37.9,15.322,9.72,36085.843,,128.797,8.08,14.8,17.2,,2.61,82.29,0.931,,,,
NZL,Oceania,New Zealand,2022-03-04,207562.0,18882.0,19491.429,63.0,0.0,1.0,40489.632,3683.358,3802.241,12.29,0.0,0.195,,,,,,,,,,,6788023.0,1324.156,,22625.0,4.414,,,tests performed,,,,,,22111.0,,,,,4313.0,1934.0,0.038,,5126300.0,18.206,37.9,15.322,9.72,36085.843,,128.797,8.08,14.8,17.2,,2.61,82.29,0.931,,,,
NZL,Oceania,New Zealand,2022-03-05,222767.0,15205.0,21663.571,65.0,2.0,1.286,43455.709,2966.077,4225.966,12.68,0.39,0.251,,,,,,,,,,,,,,,,,,,10728523.0,4270342.0,3968978.0,2489203.0,,20063.0,209.28,83.3,77.42,48.56,3914.0,1721.0,0.034,,5126300.0,18.206,37.9,15.322,9.72,36085.843,,128.797,8.08,14.8,17.2,,2.61,82.29,0.931,,,,
NIC,North America,Nicaragua,2022-03-01,18105.0,101.0,14.429,224.0,0.0,0.143,2701.28,15.069,2.153,33.421,0.0,0.021,1.27,,,,,,,,,,,,,,,,,,,,,,,17514.0,,,,,2613.0,5665.0,0.085,,6702379.0,51.667,27.3,5.445,3.519,5321.444,3.2,137.016,11.47,,,,0.9,74.48,0.66,,,,
NIC,North America,Nicaragua,2022-03-02,18105.0,,,225.0,1.0,0.143,2701.28,,,33.57,0.149,0.021,1.27,,,,,,,,,,,,,,,,,,9477305.0,5459763.0,4017542.0,,,15686.0,141.4,81.46,59.94,,2340.0,5232.0,0.078,,6702379.0,51.667,27.3,5.445,3.519,5321.444,3.2,137.016,11.47,,,,0.9,74.48,0.66,,,,
NIC,North America,Nicaragua,2022-03-03,18105.0,,,225.0,0.0,0.143,2701.28,,,33.57,0.0,0.021,,,,,,,,,,,,,,,,,,,,,,,,,,,,,,,,,6702379.0,51.667,27.3,5.445,3.519,5321.444,3.2,137.016,11.47,,,,0.9,74.48,0.66,,,,
NIC,North America,Nicaragua,2022-03-04,18105.0,,,225.0,0.0,0.143,2701.28,,,33.57,0.0,0.021,,,,,,,,,,,,,,,,,,,,,,,,,,,,,,,,,6702379.0,51.667,27.3,5.445,3.519,5321.444,3.2,137.016,11.47,,,,0.9,74.48,0.66,,,,
NIC,North America,Nicaragua,2022-03-05,18105.0,,,225.0,0.0,0.143,2701.28,,,33.57,0.0,0.021,,,,,,,,,,,,,,,,,,,,,,,,,,,,,,,,,6702379.0,51.667,27.3,5.445,3.519,5321.444,3.2,137.016,11.47,,,,0.9,74.48,0.66,,,,
NER,Africa,Niger,2022-03-01,8756.0,2.0,1.857,307.0,0.0,0.143,348.417,0.08,0.074,12.216,0.0,0.006,0.7,,,,,,,,,,,,,340.0,0.014,0.0055,183.1,tests performed,,,,,,,,,,,,,,,25130810.0,16.955,15.1,2.553,1.378,926.0,44.5,238.339,2.42,0.1,15.4,8.978,0.3,62.42,0.394,,,,
NER,Africa,Niger,2022-03-02,8759.0,3.0,1.857,307.0,0.0,0.143,348.536,0.119,0.074,12.216,0.0,0.006,0.7,,,,,,,,,,229113.0,9.117,,348.0,0.014,0.0053,187.4,tests performed,,,,,,,,,,,,,,,25130810.0,16.955,15.1,2.553,1.378,926.0,44.5,238.339,2.42,0.1,15.4,8.978,0.3,62.42,0.394,,,,
NER,Africa,Niger,2022-03-03,8759.0,0.0,1.857,307.0,0.0,0.143,348.536,0.0,0.074,12.216,0.0,0.006,,,,,,,,,,,,,,324.0,0.013,0.0057,174.5,tests performed,,,,,,,,,,,,,,,25130810.0,16.955,15.1,2.553,1.378,926.0,44.5,238.339,2.42,0.1,15.4,8.978,0.3,62.42,0.394,,,,
NER,Africa,Niger,2022-03-04,8760.0,1.0,2.0,307.0,0.0,0.143,348.576,0.04,0.08,12.216,0.0,0.006,,,,,,,,,,,229436.0,9.13,,295.0,0.012,,,tests performed,,,,,,,,,,,,,,,25130810.0,16.955,15.1,2.553,1.378,926.0,44.5,238.339,2.42,0.1,15.4,8.978,0.3,62.42,0.394,,,,
NER,Africa,Niger,2022-03-05,8760.0,0.0,2.0,307.0,0.0,0.143,348.576,0.0,0.08,12.216,0.0,0.006,,,,,,,,,,,,,,,,,,,,,,,,,,,,,,,,,25130810.0,16.955,15.1,2.553,1.378,926.0,44.5,238.339,2.42,0.1,15.4,8.978,0.3,62.42,0.394,,,,
NGA,Africa,Nigeria,2022-03-01,254570.0,10.0,31.143,3142.0,0.0,0.0,1204.206,0.047,0.147,14.863,0.0,0.0,0.73,,,,,,,,,,,,,17755.0,0.084,0.0018,570.1,tests performed,,,,,,,,,,,,,,,211400704.0,209.588,18.1,2.751,1.447,5338.454,,181.013,2.42,0.6,10.8,41.949,,54.69,0.539,,,,
NGA,Africa,Nigeria,2022-03-02,254598.0,28.0,35.143,3142.0,0.0,0.0,1204.338,0.132,0.166,14.863,0.0,0.0,0.73,,,,,,,,,,4442964.0,21.017,,17906.0,0.085,0.002,509.5,tests performed,,,,,,,,,,,,,,,211400704.0,209.588,18.1,2.751,1.447,5338.454,,181.013,2.42,0.6,10.8,41.949,,54.69,0.539,,,,
NGA,Africa,Nigeria,2022-03-03,254606.0,8.0,25.429,3142.0,0.0,0.0,1204.376,0.038,0.12,14.863,0.0,0.0,,,,,,,,,,,,,,,,,,,,,,,,,,,,,,,,,211400704.0,209.588,18.1,2.751,1.447,5338.454,,181.013,2.42,0.6,10.8,41.949,,54.69,0.539,,,,
NGA,Africa,Nigeria,2022-03-04,254637.0,31.0,29.857,3142.0,0.0,0.0,1204.523,0.147,0.141,14.863,0.0,0.0,,,,,,,,,,,,,,,,,,,,,,,,,,,,,,,,,211400704.0,209.588,18.1,2.751,1.447,5338.454,,181.013,2.42,0.6,10.8,41.949,,54.69,0.539,,,,
NGA,Africa,Nigeria,2022-03-05,254637.0,0.0,19.429,3142.0,0.0,0.0,1204.523,0.0,0.092,14.863,0.0,0.0,,,,,,,,,,,,,,,,,,,,,,,,,,,,,,,,,211400704.0,209.588,18.1,2.751,1.447,5338.454,,181.013,2.42,0.6,10.8,41.949,,54.69,0.539,,,,
OWID_NAM,,North America,2022-03-01,93137738.0,74497.0,92390.286,1379439.0,2219.0,2348.286,156119.108,124.873,154.866,2312.24,3.72,3.936,,,,,,,,,,,,,,,,,,,935850269.0,422379401.0,368145397.0,127687195.0,1028955.0,1108692.0,156.87,70.8,61.71,21.4,1858.0,150527.0,0.025,,596581283.0,,,,,,,,,,,,,,,,,,
OWID_NAM,,North America,2022-03-02,93203317.0,65579.0,81336.286,1381640.0,2201.0,2067.429,156229.033,109.925,136.337,2315.929,3.689,3.465,,,,,,,,,,,,,,,,,,,936776707.0,422559316.0,368410556.0,127942826.0,1052455.0,1044796.0,157.02,70.83,61.75,21.45,1751.0,146827.0,0.025,,596581283.0,,,,,,,,,,,,,,,,,,
OWID_NAM,,North America,2022-03-03,93283451.0,80134.0,78126.571,1383810.0,2171.0,1881.0,156363.355,134.322,130.957,2319.567,3.639,3.153,,,,,,,,,,,,,,,,,,,937270696.0,422647140.0,368484499.0,128026710.0,1006674.0,947810.0,157.11,70.84,61.77,21.46,1589.0,139773.0,0.023,,596581283.0,,,,,,,,,,,,,,,,,,
OWID_NAM,,North America,2022-03-04,93364951.0,81500.0,74303.857,1386320.0,2510.0,1836.0,156499.967,136.612,124.549,2323.774,4.207,3.078,,,,,,,,,,,,,,,,,,,937807435.0,422735678.0,368594448.0,128152636.0,868002.0,860673.0,157.2,70.86,61.78,21.48,1443.0,129055.0,0.022,,596581283.0,,,,,,,,,,,,,,,,,,
OWID_NAM,,North America,2022-03-05,93397289.0,32338.0,69141.0,1387009.0,689.0,1766.0,156554.172,54.206,115.895,2324.929,1.155,2.96,,,,,,,,,,,,,,,,,,,937854420.0,422747335.0,368609258.0,128173469.0,524221.0,825535.0,157.2,70.86,61.79,21.48,1384.0,120033.0,0.02,,596581283.0,,,,,,,,,,,,,,,,,,
MKD,Europe,North Macedonia,2022-03-01,297738.0,476.0,475.857,9027.0,17.0,12.857,142960.376,228.554,228.485,4334.359,8.163,6.173,0.6,,,,,,,,,2781.0,1893409.0,909.13,1.335,2642.0,1.269,0.1801,5.6,tests performed,,,,,,,,,,,,,,,2082661.0,82.6,39.1,13.26,8.16,13111.214,5.0,322.688,10.08,,,,4.28,75.8,0.774,,,,
MKD,Europe,North Macedonia,2022-03-02,298195.0,457.0,444.714,9036.0,9.0,11.143,143179.807,219.431,213.532,4338.68,4.321,5.35,0.6,,,,,,,,,2730.0,1896139.0,910.441,1.311,2581.0,1.239,0.1723,5.8,tests performed,,,,,,,,,,,,,,,2082661.0,82.6,39.1,13.26,8.16,13111.214,5.0,322.688,10.08,,,,4.28,75.8,0.774,,,,
MKD,Europe,North Macedonia,2022-03-03,298661.0,466.0,421.286,9050.0,14.0,11.714,143403.559,223.752,202.282,4345.402,6.722,5.625,,,,,,,,,,,,,,2547.0,1.223,0.1654,6.0,tests performed,,,,,,,,,,,,,,,2082661.0,82.6,39.1,13.26,8.16,13111.214,5.0,322.688,10.08,,,,4.28,75.8,0.774,,,,
MKD,Europe,North Macedonia,2022-03-04,299049.0,388.0,402.857,9065.0,15.0,12.0,143589.859,186.3,193.434,4352.605,7.202,5.762,,,,,,,,,,,1901296.0,912.917,,2534.0,1.217,,,tests performed,,,,,,,,,,,,,,,2082661.0,82.6,39.1,13.26,8.16,13111.214,5.0,322.688,10.08,,,,4.28,75.8,0.774,,,,
MKD,Europe,North Macedonia,2022-03-05,299419.0,370.0,388.0,9075.0,10.0,11.571,143767.517,177.657,186.3,4357.406,4.802,5.556,,,,,,,,,,,,,,,,,,,,,,,,,,,,,,,,,2082661.0,82.6,39.1,13.26,8.16,13111.214,5.0,322.688,10.08,,,,4.28,75.8,0.774,,,,
NOR,Europe,Norway,2022-03-01,1257079.0,14919.0,12577.429,1599.0,1.0,7.143,229997.133,2729.603,2301.186,292.556,0.183,1.307,0.93,,,,,,,,,16479.0,10799836.0,1975.955,3.015,16886.0,3.089,0.724,1.4,people tested,11233724.0,4329093.0,4020655.0,2883976.0,2376.0,2521.0,205.53,79.21,73.56,52.77,461.0,129.0,0.002,,5465629.0,14.462,39.7,16.821,10.813,64800.057,0.2,114.316,5.31,19.6,20.7,,3.6,82.4,0.957,,,,
NOR,Europe,Norway,2022-03-02,1279169.0,22090.0,13249.571,1664.0,65.0,9.429,234038.754,4041.621,2424.162,304.448,11.893,1.725,0.94,,,,,,,,,14554.0,10814390.0,1978.618,2.663,15594.0,2.853,0.709,1.4,people tested,11236880.0,4329254.0,4021169.0,2886457.0,3156.0,2194.0,205.59,79.21,73.57,52.81,401.0,111.0,0.002,,5465629.0,14.462,39.7,16.821,10.813,64800.057,0.2,114.316,5.31,19.6,20.7,,3.6,82.4,0.957,,,,
NOR,Europe,Norway,2022-03-03,1289884.0,10715.0,12552.429,1664.0,,,235999.187,1960.433,2296.612,304.448,,,,,,,,,,,,,,,,,,,,,11239629.0,4329409.0,4021682.0,2888538.0,2749.0,1871.0,205.64,79.21,73.58,52.85,342.0,98.0,0.002,,5465629.0,14.462,39.7,16.821,10.813,64800.057,0.2,114.316,5.31,19.6,20.7,,3.6,82.4,0.957,,,,
NOR,Europe,Norway,2022-03-04,1299549.0,9665.0,11749.0,1664.0,,,237767.51,1768.323,2149.615,304.448,,,,,,,,,,,,,,,,,,,,,,,,,,,,,,,,,,,5465629.0,14.462,39.7,16.821,10.813,64800.057,0.2,114.316,5.31,19.6,20.7,,3.6,82.4,0.957,,,,
NOR,Europe,Norway,2022-03-05,1305006.0,5457.0,11305.714,1664.0,,,238765.932,998.421,2068.511,304.448,,,,,,,,,,,,,,,,,,,,,,,,,,,,,,,,,,,5465629.0,14.462,39.7,16.821,10.813,64800.057,0.2,114.316,5.31,19.6,20.7,,3.6,82.4,0.957,,,,
OWID_OCE,,Oceania,2022-03-01,3642267.0,47727.0,39781.714,7869.0,69.0,41.714,84272.811,1104.282,920.448,182.069,1.596,0.965,,,,,,,,,,,,,,,,,,,68491002.0,28325601.0,26139744.0,14130229.0,140850.0,129051.0,158.47,65.54,60.48,32.69,2986.0,12784.0,0.03,,43219954.0,,,,,,,,,,,,,,,,,,
OWID_OCE,,Oceania,2022-03-02,3706274.0,64007.0,43278.571,7917.0,48.0,41.286,85753.77,1480.959,1001.356,183.179,1.111,0.955,,,,,,,,,,,,,,,,,,,68577386.0,28332728.0,26146927.0,14202303.0,137233.0,122394.0,158.67,65.55,60.5,32.86,2832.0,12159.0,0.028,,43219954.0,,,,,,,,,,,,,,,,,,
OWID_OCE,,Oceania,2022-03-03,3755862.0,49588.0,44459.714,7968.0,51.0,42.714,86901.111,1147.34,1028.685,184.359,1.18,0.988,,,,,,,,,,,,,,,,,,,68663347.0,28340183.0,26154471.0,14273988.0,136810.0,115633.0,158.87,65.57,60.51,33.03,2675.0,11618.0,0.027,,43219954.0,,,,,,,,,,,,,,,,,,
OWID_OCE,,Oceania,2022-03-04,3798293.0,42432.0,45581.571,8017.0,49.0,43.571,87882.856,981.769,1054.642,185.493,1.134,1.008,,,,,,,,,,,,,,,,,,,68754028.0,28347977.0,26163186.0,14348160.0,141530.0,108855.0,159.08,65.59,60.53,33.2,2519.0,11079.0,0.026,,43219954.0,,,,,,,,,,,,,,,,,,
OWID_OCE,,Oceania,2022-03-05,3831682.0,33389.0,47820.857,8037.0,20.0,42.571,88655.393,772.537,1106.453,185.956,0.463,0.985,,,,,,,,,,,,,,,,,,,68881570.0,28360158.0,26174562.0,14452145.0,102020.0,104602.0,159.37,65.62,60.56,33.44,2420.0,10573.0,0.024,,43219954.0,,,,,,,,,,,,,,,,,,
OMN,Asia,Oman,2022-03-01,382244.0,0.0,613.714,4244.0,0.0,0.857,73179.492,0.0,117.494,812.501,0.0,0.164,0.69,,,,,,,,,,,,,,,,,,,,,,,,,,,,,,,,5223376.0,14.98,30.7,2.355,1.53,37960.709,,266.342,12.61,0.5,15.6,97.4,1.6,77.86,0.813,,,,
OMN,Asia,Oman,2022-03-02,383389.0,1145.0,638.143,4246.0,2.0,1.143,73398.698,219.207,122.171,812.884,0.383,0.219,0.69,,,,,,,,,,,,,,,,,,,,,,,,,,,,,,,,5223376.0,14.98,30.7,2.355,1.53,37960.709,,266.342,12.61,0.5,15.6,97.4,1.6,77.86,0.813,,,,
OMN,Asia,Oman,2022-03-03,383874.0,485.0,608.0,4248.0,2.0,1.429,73491.55,92.852,116.4,813.267,0.383,0.273,,,,,,,,,,,,,,,,,,,,,,,,,,,,,,,,,5223376.0,14.98,30.7,2.355,1.53,37960.709,,266.342,12.61,0.5,15.6,97.4,1.6,77.86,0.813,,,,
OMN,Asia,Oman,2022-03-04,383874.0,,,4248.0,0.0,1.429,73491.55,,,813.267,0.0,0.273,,,,,,,,,,,,,,,,,,,,,,,,,,,,,,,,,5223376.0,14.98,30.7,2.355,1.53,37960.709,,266.342,12.61,0.5,15.6,97.4,1.6,77.86,0.813,,,,
OMN,Asia,Oman,2022-03-05,383874.0,,,4248.0,0.0,1.429,73491.55,,,813.267,0.0,0.273,,,,,,,,,,,,,,,,,,,,,,,,,,,,,,,,,5223376.0,14.98,30.7,2.355,1.53,37960.709,,266.342,12.61,0.5,15.6,97.4,1.6,77.86,0.813,,,,
PAK,Asia,Pakistan,2022-03-01,1510986.0,765.0,1016.143,30218.0,22.0,17.429,6709.531,3.397,4.512,134.183,0.098,0.077,0.53,,,,,,,,,37566.0,26464518.0,117.516,0.167,41422.0,0.184,0.0245,40.8,tests performed,215117064.0,126951209.0,99049978.0,4488296.0,455938.0,704632.0,95.52,56.37,43.98,1.99,3129.0,328110.0,0.146,,225199929.0,255.573,23.5,4.495,2.78,5034.708,4.0,423.031,8.35,2.8,36.7,59.607,0.6,67.27,0.557,,,,
PAK,Asia,Pakistan,2022-03-02,1511754.0,768.0,918.0,30237.0,19.0,17.571,6712.942,3.41,4.076,134.267,0.084,0.078,0.53,,,,,,,,,34296.0,26498814.0,117.668,0.152,40312.0,0.179,0.0228,43.9,tests performed,215539999.0,127117340.0,99292129.0,4512786.0,422935.0,658468.0,95.71,56.45,44.09,2.0,2924.0,302596.0,0.134,,225199929.0,255.573,23.5,4.495,2.78,5034.708,4.0,423.031,8.35,2.8,36.7,59.607,0.6,67.27,0.557,,,,
PAK,Asia,Pakistan,2022-03-03,1512707.0,953.0,893.857,30248.0,11.0,15.571,6717.174,4.232,3.969,134.316,0.049,0.069,,,,,,,,,,35281.0,26534095.0,117.825,0.157,39342.0,0.175,0.0227,44.0,tests performed,,,,,,618202.0,,,,,2745.0,273098.0,0.121,,225199929.0,255.573,23.5,4.495,2.78,5034.708,4.0,423.031,8.35,2.8,36.7,59.607,0.6,67.27,0.557,,,,
PAK,Asia,Pakistan,2022-03-04,1513503.0,796.0,835.143,30258.0,10.0,15.0,6720.708,3.535,3.708,134.361,0.044,0.067,,,,,,,,,,36678.0,26570773.0,117.987,0.163,38704.0,0.172,,,tests performed,,,,,,577935.0,,,,,2566.0,243601.0,0.108,,225199929.0,255.573,23.5,4.495,2.78,5034.708,4.0,423.031,8.35,2.8,36.7,59.607,0.6,67.27,0.557,,,,
PAK,Asia,Pakistan,2022-03-05,1514258.0,755.0,822.0,30265.0,7.0,13.143,6724.061,3.353,3.65,134.392,0.031,0.058,,,,,,,,,,,,,,,,,,,216932641.0,127532069.0,100163961.0,4646807.0,,537668.0,96.33,56.63,44.48,2.06,2388.0,214103.0,0.095,,225199929.0,255.573,23.5,4.495,2.78,5034.708,4.0,423.031,8.35,2.8,36.7,59.607,0.6,67.27,0.557,,,,
PLW,Oceania,Palau,2022-03-01,3781.0,0.0,22.0,6.0,0.0,0.0,208044.459,0.0,1210.521,330.142,0.0,0.0,0.64,,,,,,,,,,,,,,,,,,,,,,,,,,,,,,,,18174.0,47.237,,,,13240.405,,,15.89,7.7,22.7,,4.8,73.7,0.826,,,,
PLW,Oceania,Palau,2022-03-02,3823.0,42.0,22.286,6.0,0.0,0.0,210355.453,2310.994,1226.242,330.142,0.0,0.0,0.66,,,,,,,,,,,,,,,,,,,,,,,,,,,,,,,,18174.0,47.237,,,,13240.405,,,15.89,7.7,22.7,,4.8,73.7,0.826,,,,
PLW,Oceania,Palau,2022-03-03,3823.0,0.0,18.143,6.0,0.0,0.0,210355.453,0.0,998.286,330.142,0.0,0.0,,,,,,,,,,,,,,,,,,,,,,,,,,,,,,,,,18174.0,47.237,,,,13240.405,,,15.89,7.7,22.7,,4.8,73.7,0.826,,,,
PLW,Oceania,Palau,2022-03-04,3844.0,21.0,16.857,6.0,0.0,0.0,211510.95,1155.497,927.542,330.142,0.0,0.0,,,,,,,,,,,,,,,,,,,,,,,,,,,,,,,,,18174.0,47.237,,,,13240.405,,,15.89,7.7,22.7,,4.8,73.7,0.826,,,,
PLW,Oceania,Palau,2022-03-05,3844.0,0.0,16.857,6.0,0.0,0.0,211510.95,0.0,927.542,330.142,0.0,0.0,,,,,,,,,,,,,,,,,,,,,,,,,,,,,,,,,18174.0,47.237,,,,13240.405,,,15.89,7.7,22.7,,4.8,73.7,0.826,,,,
PSE,Asia,Palestine,2022-03-01,647203.0,1256.0,1592.571,5513.0,12.0,12.571,123919.823,240.486,304.929,1055.573,2.298,2.407,0.58,,,,,,,,,1975.0,,,0.378,3721.0,0.712,0.428,2.3,tests performed,,,,,,,,,,,,,,,5222756.0,778.202,20.4,3.043,1.726,4449.898,1.0,265.91,10.59,,,,,74.05,0.708,,,,
PSE,Asia,Palestine,2022-03-02,648039.0,836.0,1409.571,5532.0,19.0,13.286,124079.892,160.069,269.89,1059.211,3.638,2.544,0.58,,,,,,,,,3561.0,,,0.682,3349.0,0.641,0.4209,2.4,tests performed,,,,,,,,,,,,,,,5222756.0,778.202,20.4,3.043,1.726,4449.898,1.0,265.91,10.59,,,,,74.05,0.708,,,,
PSE,Asia,Palestine,2022-03-03,649110.0,1071.0,1270.857,5542.0,10.0,12.0,124284.956,205.064,243.331,1061.126,1.915,2.298,,,,,,,,,,2519.0,,,0.482,3097.0,0.593,0.4104,2.4,tests performed,,,,,,,,,,,,,,,5222756.0,778.202,20.4,3.043,1.726,4449.898,1.0,265.91,10.59,,,,,74.05,0.708,,,,
PSE,Asia,Palestine,2022-03-04,649971.0,861.0,1393.857,5557.0,15.0,14.143,124449.812,164.855,266.882,1063.998,2.872,2.708,,,,,,,,,,2197.0,,,0.421,2768.0,0.53,,,tests performed,,,,,,,,,,,,,,,5222756.0,778.202,20.4,3.043,1.726,4449.898,1.0,265.91,10.59,,,,,74.05,0.708,,,,
PSE,Asia,Palestine,2022-03-05,649971.0,,,5557.0,,,124449.812,,,1063.998,,,,,,,,,,,,,,,,,,,,,,,,,,,,,,,,,,,5222756.0,778.202,20.4,3.043,1.726,4449.898,1.0,265.91,10.59,,,,,74.05,0.708,,,,
PAN,North America,Panama,2022-03-01,755853.0,355.0,525.714,8093.0,10.0,8.143,172506.831,81.021,119.983,1847.049,2.282,1.858,0.48,,,,,,,,,,5519747.0,1259.761,,6739.0,1.538,0.078,12.8,tests performed,6932806.0,3217327.0,2554939.0,1160540.0,46.0,11192.0,158.23,73.43,58.31,26.49,2554.0,3029.0,0.069,31.48,4381583.0,55.133,29.7,7.918,5.03,22267.037,2.2,128.346,8.33,2.4,9.9,,2.3,78.51,0.815,,,,
PAN,North America,Panama,2022-03-02,756085.0,232.0,454.0,8098.0,5.0,7.286,172559.78,52.949,103.616,1848.19,1.141,1.663,0.47,,,,,,,,,3534.0,5523281.0,1260.567,0.807,5965.0,1.361,0.0761,13.1,tests performed,6933251.0,3217549.0,2554998.0,1160704.0,445.0,9040.0,158.24,73.43,58.31,26.49,2063.0,2453.0,0.056,31.48,4381583.0,55.133,29.7,7.918,5.03,22267.037,2.2,128.346,8.33,2.4,9.9,,2.3,78.51,0.815,,,,
PAN,North America,Panama,2022-03-03,756539.0,454.0,406.429,8101.0,3.0,6.143,172663.396,103.616,92.758,1848.875,0.685,1.402,,,,,,,,,,7215.0,5530496.0,1262.214,1.647,5763.0,1.315,0.0705,14.2,tests performed,6943676.0,3220307.0,2557504.0,1165865.0,10425.0,7417.0,158.47,73.5,58.37,26.61,1693.0,2064.0,0.047,31.48,4381583.0,55.133,29.7,7.918,5.03,22267.037,2.2,128.346,8.33,2.4,9.9,,2.3,78.51,0.815,,,,
PAN,North America,Panama,2022-03-04,757061.0,522.0,385.571,8106.0,5.0,6.143,172782.531,119.135,87.998,1850.016,1.141,1.402,,,,,,,,,,,,,,,,,,,6964272.0,3226056.0,2563418.0,1174798.0,20596.0,7276.0,158.94,73.63,58.5,26.81,1661.0,2010.0,0.046,31.48,4381583.0,55.133,29.7,7.918,5.03,22267.037,2.2,128.346,8.33,2.4,9.9,,2.3,78.51,0.815,,,,
PAN,North America,Panama,2022-03-05,757487.0,426.0,368.857,8111.0,5.0,5.429,172879.756,97.225,84.184,1851.157,1.141,1.239,,,,,,,,,,,,,,,,,,,6988857.0,3233635.0,2571478.0,1183744.0,24585.0,8330.0,159.51,73.8,58.69,27.02,1901.0,2406.0,0.055,31.48,4381583.0,55.133,29.7,7.918,5.03,22267.037,2.2,128.346,8.33,2.4,9.9,,2.3,78.51,0.815,,,,
PNG,Oceania,Papua New Guinea,2022-03-01,41290.0,0.0,142.0,638.0,0.0,0.286,4527.906,0.0,15.572,69.964,0.0,0.031,1.09,,,,,,,,,,,,,,,,,,,,,,,,,,,,,,,,9119005.0,18.22,22.6,3.808,2.142,3823.194,,561.494,17.65,23.5,48.8,,,64.5,0.555,,,,
PNG,Oceania,Papua New Guinea,2022-03-02,41335.0,45.0,102.0,638.0,0.0,0.286,4532.841,4.935,11.185,69.964,0.0,0.031,1.09,,,,,,,,,,,,,,,,,,,,,,,,,,,,,,,,9119005.0,18.22,22.6,3.808,2.142,3823.194,,561.494,17.65,23.5,48.8,,,64.5,0.555,,,,
PNG,Oceania,Papua New Guinea,2022-03-03,41421.0,86.0,96.143,638.0,0.0,0.0,4542.272,9.431,10.543,69.964,0.0,0.0,,,,,,,,,,,,,,,,,,,,,,,,,,,,,,,,,9119005.0,18.22,22.6,3.808,2.142,3823.194,,561.494,17.65,23.5,48.8,,,64.5,0.555,,,,
PNG,Oceania,Papua New Guinea,2022-03-04,41421.0,0.0,54.714,638.0,0.0,0.0,4542.272,0.0,6.0,69.964,0.0,0.0,,,,,,,,,,,,,,,,,,,,,,,,,,,,,,,,,9119005.0,18.22,22.6,3.808,2.142,3823.194,,561.494,17.65,23.5,48.8,,,64.5,0.555,,,,
PNG,Oceania,Papua New Guinea,2022-03-05,41421.0,0.0,54.714,638.0,0.0,0.0,4542.272,0.0,6.0,69.964,0.0,0.0,,,,,,,,,,,,,,,,,,,,,,,,,,,,,,,,,9119005.0,18.22,22.6,3.808,2.142,3823.194,,561.494,17.65,23.5,48.8,,,64.5,0.555,,,,
PRY,South America,Paraguay,2022-03-01,642184.0,863.0,708.429,18392.0,33.0,19.0,88949.575,119.535,98.125,2547.495,4.571,2.632,0.65,,,,,,,,,2383.0,2550609.0,353.288,0.33,2655.0,0.368,0.2668,3.7,tests performed,,,,,,11912.0,,,,,1650.0,2624.0,0.036,,7219641.0,17.144,26.5,6.378,3.833,8827.01,1.7,199.128,8.27,5.0,21.6,79.602,1.3,74.25,0.728,,,,
PRY,South America,Paraguay,2022-03-02,642573.0,389.0,631.429,18422.0,30.0,20.143,89003.456,53.881,87.46,2551.65,4.155,2.79,0.65,,,,,,,,,2628.0,2553237.0,353.652,0.364,2586.0,0.358,0.2442,4.1,tests performed,8124983.0,3796075.0,,1109714.0,,11557.0,112.54,52.58,,15.37,1601.0,2356.0,0.033,,7219641.0,17.144,26.5,6.378,3.833,8827.01,1.7,199.128,8.27,5.0,21.6,79.602,1.3,74.25,0.728,,,,
PRY,South America,Paraguay,2022-03-03,642982.0,409.0,557.714,18440.0,18.0,17.857,89060.107,56.651,77.25,2554.144,2.493,2.473,,,,,,,,,,2479.0,2555716.0,353.995,0.343,2541.0,0.352,0.2195,4.6,tests performed,,,,,,13833.0,,,,,1916.0,3615.0,0.05,,7219641.0,17.144,26.5,6.378,3.833,8827.01,1.7,199.128,8.27,5.0,21.6,79.602,1.3,74.25,0.728,,,,
PRY,South America,Paraguay,2022-03-04,643342.0,360.0,609.143,18454.0,14.0,19.857,89109.971,49.864,84.373,2556.083,1.939,2.75,,,,,,,,,,,,,,,,,,,8183512.0,3821093.0,3217516.0,1144903.0,,16109.0,113.35,52.93,44.57,15.86,2231.0,4874.0,0.068,,7219641.0,17.144,26.5,6.378,3.833,8827.01,1.7,199.128,8.27,5.0,21.6,79.602,1.3,74.25,0.728,,,,
PRY,South America,Paraguay,2022-03-05,643619.0,277.0,648.714,18460.0,6.0,20.714,89148.339,38.368,89.854,2556.914,0.831,2.869,,,,,,,,,,,,,,,,,,,,,,,,,,,,,,,,,7219641.0,17.144,26.5,6.378,3.833,8827.01,1.7,199.128,8.27,5.0,21.6,79.602,1.3,74.25,0.728,,,,
PER,South America,Peru,2022-03-01,3517260.0,0.0,2340.0,210672.0,0.0,123.429,105435.302,0.0,70.145,6315.219,0.0,3.7,0.63,,,,,,,,,,27407063.0,821.569,,51040.0,1.53,0.05,20.0,tests performed,61795868.0,27558205.0,24202109.0,10035554.0,120011.0,160977.0,185.24,82.61,72.55,30.08,4826.0,34789.0,0.104,,33359415.0,25.129,29.1,7.151,4.455,12236.706,3.5,85.755,5.95,4.8,,,1.6,76.74,0.777,,,,
PER,South America,Peru,2022-03-02,3518721.0,1461.0,2118.429,210744.0,72.0,116.714,105479.098,43.796,63.503,6317.377,2.158,3.499,0.63,,,,,,,,,,27460384.0,823.167,,49915.0,1.496,0.048,20.8,tests performed,61868467.0,27573834.0,24228979.0,10065654.0,72599.0,144380.0,185.46,82.66,72.63,30.17,4328.0,31003.0,0.093,,33359415.0,25.129,29.1,7.151,4.455,12236.706,3.5,85.755,5.95,4.8,,,1.6,76.74,0.777,,,,
PER,South America,Peru,2022-03-03,3518721.0,0.0,1806.571,210744.0,0.0,89.714,105479.098,0.0,54.155,6317.377,0.0,2.689,,,,,,,,,,,,,,,,,,,,,,,,,,,,,,,,,33359415.0,25.129,29.1,7.151,4.455,12236.706,3.5,85.755,5.95,4.8,,,1.6,76.74,0.777,,,,
PER,South America,Peru,2022-03-04,3522484.0,3763.0,1977.429,210907.0,163.0,96.857,105591.9,112.802,59.276,6322.263,4.886,2.903,,,,,,,,,,,,,,,,,,,,,,,,,,,,,,,,,33359415.0,25.129,29.1,7.151,4.455,12236.706,3.5,85.755,5.95,4.8,,,1.6,76.74,0.777,,,,
PER,South America,Peru,2022-03-05,3522484.0,,,210907.0,,,105591.9,,,6322.263,,,,,,,,,,,,,,,,,,,,,,,,,,,,,,,,,,,33359415.0,25.129,29.1,7.151,4.455,12236.706,3.5,85.755,5.95,4.8,,,1.6,76.74,0.777,,,,
PHL,Asia,Philippines,2022-03-01,3663059.0,1062.0,1253.571,56451.0,0.0,96.429,32986.591,9.564,11.289,508.353,0.0,0.868,0.59,,,,,,,,,,,,,,,,,,,,,,,,,,,,,,,,111046910.0,351.873,25.2,4.803,2.661,7599.188,,370.437,7.07,7.8,40.8,78.463,1.0,71.23,0.718,,,,
PHL,Asia,Philippines,2022-03-02,3663920.0,861.0,1173.0,56504.0,53.0,75.286,32994.344,7.753,10.563,508.83,0.477,0.678,0.58,,,,,,,,,,,,,,,,,,,,,,,,,,,,,,,,111046910.0,351.873,25.2,4.803,2.661,7599.188,,370.437,7.07,7.8,40.8,78.463,1.0,71.23,0.718,,,,
PHL,Asia,Philippines,2022-03-03,3664905.0,985.0,1080.429,56538.0,34.0,53.286,33003.215,8.87,9.729,509.136,0.306,0.48,,,,,,,,,,,,,,,,,,,,,,,,,,,,,,,,,111046910.0,351.873,25.2,4.803,2.661,7599.188,,370.437,7.07,7.8,40.8,78.463,1.0,71.23,0.718,,,,
PHL,Asia,Philippines,2022-03-04,3665747.0,842.0,979.286,56770.0,232.0,78.0,33010.797,7.582,8.819,511.225,2.089,0.702,,,,,,,,,,,,,,,,,,,,,,,,,,,,,,,,,111046910.0,351.873,25.2,4.803,2.661,7599.188,,370.437,7.07,7.8,40.8,78.463,1.0,71.23,0.718,,,,
PHL,Asia,Philippines,2022-03-05,3666678.0,931.0,951.143,56879.0,109.0,75.429,33019.181,8.384,8.565,512.207,0.982,0.679,,,,,,,,,,,,,,,,,,,,,,,,,,,,,,,,,111046910.0,351.873,25.2,4.803,2.661,7599.188,,370.437,7.07,7.8,40.8,78.463,1.0,71.23,0.718,,,,
POL,Europe,Poland,2022-03-01,5680034.0,12980.0,13973.857,111586.0,269.0,204.143,150277.377,343.413,369.708,2952.245,7.117,5.401,0.69,,,,,,,,,162246.0,33039554.0,874.132,4.293,84360.0,2.232,0.1656,6.0,people tested,53382707.0,22525671.0,22207046.0,11351615.0,,35568.0,141.24,59.6,58.75,30.03,941.0,3902.0,0.01,24.07,37797000.0,124.027,41.8,16.763,10.202,27216.445,,227.331,5.91,23.3,33.1,,6.62,78.73,0.88,,,,
POL,Europe,Poland,2022-03-02,5694767.0,14733.0,13155.286,111864.0,278.0,192.429,150667.169,389.793,348.051,2959.6,7.355,5.091,0.69,,,,,,,,,77057.0,33116611.0,876.17,2.039,81733.0,2.162,0.161,6.2,people tested,53414424.0,22529058.0,22217419.0,11370272.0,31717.0,33059.0,141.32,59.61,58.78,30.08,875.0,3581.0,0.009,24.07,37797000.0,124.027,41.8,16.763,10.202,27216.445,,227.331,5.91,23.3,33.1,,6.62,78.73,0.88,,,,
POL,Europe,Poland,2022-03-03,5708827.0,14060.0,12554.429,112130.0,266.0,181.714,151039.157,371.987,332.154,2966.638,7.038,4.808,,,,,,,,,,70696.0,33187307.0,878.041,1.87,79231.0,2.096,0.1585,6.3,people tested,53444278.0,22532496.0,22226815.0,11387999.0,29854.0,30629.0,141.4,59.61,58.81,30.13,810.0,3319.0,0.009,24.07,37797000.0,124.027,41.8,16.763,10.202,27216.445,,227.331,5.91,23.3,33.1,,6.62,78.73,0.88,,,,
POL,Europe,Poland,2022-03-04,5721316.0,12489.0,11952.857,112336.0,206.0,182.857,151369.58,330.423,316.238,2972.088,5.45,4.838,,,,,,,,,,771818.0,33959125.0,898.461,20.42,177775.0,4.703,,,people tested,53487084.0,22537367.0,22239563.0,11414131.0,42806.0,28216.0,141.51,59.63,58.84,30.2,747.0,3135.0,0.008,24.07,37797000.0,124.027,41.8,16.763,10.202,27216.445,,227.331,5.91,23.3,33.1,,6.62,78.73,0.88,,,,
POL,Europe,Poland,2022-03-05,5734041.0,12725.0,11777.857,112535.0,199.0,179.714,151706.247,336.667,311.608,2977.353,5.265,4.755,,,,,,,,,,,,,,,,,,,53504033.0,22539353.0,22245134.0,11423942.0,16949.0,26446.0,141.56,59.63,58.85,30.22,700.0,2930.0,0.008,,37797000.0,124.027,41.8,16.763,10.202,27216.445,,227.331,5.91,23.3,33.1,,6.62,78.73,0.88,,,,
PRT,Europe,Portugal,2022-03-01,3273624.0,11006.0,9620.429,21086.0,23.0,27.429,321956.018,1082.424,946.155,2073.777,2.262,2.698,0.65,96.0,9.441,1358.0,133.557,,,,,57339.0,38440979.0,3780.613,5.639,71376.0,7.02,0.1348,7.4,tests performed,22871579.0,9661202.0,9406152.0,6170169.0,13658.0,23861.0,224.94,95.02,92.51,60.68,2347.0,915.0,0.009,,10167923.0,112.371,46.2,21.502,14.924,27936.896,0.5,127.842,9.85,16.3,30.0,,3.39,82.05,0.864,,,,
PRT,Europe,Portugal,2022-03-02,3282457.0,8833.0,9002.571,21111.0,25.0,27.0,322824.73,868.712,885.389,2076.235,2.459,2.655,0.65,90.0,8.851,1400.0,137.688,,,,,63499.0,38504478.0,3786.858,6.245,67223.0,6.611,0.1339,7.5,tests performed,22871778.0,9661202.0,9406181.0,6170339.0,199.0,21764.0,224.94,95.02,92.51,60.68,2140.0,784.0,0.008,,10167923.0,112.371,46.2,21.502,14.924,27936.896,0.5,127.842,9.85,16.3,30.0,,3.39,82.05,0.864,,,,
PRT,Europe,Portugal,2022-03-03,3294691.0,12234.0,9088.0,21141.0,30.0,28.571,324027.926,1203.196,893.791,2079.186,2.95,2.81,,90.0,8.851,1300.0,127.853,,,,,75997.0,38580475.0,3794.332,7.474,65801.0,6.471,0.1381,7.2,tests performed,22878259.0,9661214.0,9407182.0,6175819.0,6481.0,21136.0,225.0,95.02,92.52,60.74,2079.0,655.0,0.006,,10167923.0,112.371,46.2,21.502,14.924,27936.896,0.5,127.842,9.85,16.3,30.0,,3.39,82.05,0.864,,,,
PRT,Europe,Portugal,2022-03-04,3308438.0,13747.0,9569.571,21162.0,21.0,27.0,325379.923,1351.997,941.153,2081.251,2.065,2.655,,84.0,8.261,1267.0,124.608,,,,,,,,,,,,,,22885817.0,9661249.0,9408368.0,6182191.0,7558.0,20360.0,225.08,95.02,92.53,60.8,2002.0,530.0,0.005,,10167923.0,112.371,46.2,21.502,14.924,27936.896,0.5,127.842,9.85,16.3,30.0,,3.39,82.05,0.864,,,,
PRT,Europe,Portugal,2022-03-05,3322134.0,13696.0,10118.857,21182.0,20.0,25.857,326726.904,1346.981,995.174,2083.218,1.967,2.543,,85.0,8.36,1189.0,116.936,,,,,,,,,,,,,,22894578.0,9661272.0,9409511.0,6189809.0,8761.0,19694.0,225.16,95.02,92.54,60.88,1937.0,402.0,0.004,,10167923.0,112.371,46.2,21.502,14.924,27936.896,0.5,127.842,9.85,16.3,30.0,,3.39,82.05,0.864,,,,
QAT,Asia,Qatar,2022-03-01,357292.0,310.0,322.857,670.0,0.0,1.143,121920.858,105.783,110.17,228.628,0.0,0.39,0.69,,,,,,,,,20435.0,5862677.0,2000.556,6.973,19872.0,6.781,,,tests performed,6341479.0,,,1241955.0,15747.0,14244.0,216.39,,,42.38,4861.0,,,,2930524.0,227.322,31.9,1.307,0.617,116935.6,,176.69,16.52,0.8,26.9,,1.2,80.23,0.848,,,,
QAT,Asia,Qatar,2022-03-02,357583.0,291.0,312.286,670.0,0.0,0.857,122020.157,99.3,106.563,228.628,0.0,0.292,0.7,,,,,,,,,19191.0,5881868.0,2007.105,6.549,19578.0,6.681,,,tests performed,6355187.0,,,1252848.0,13708.0,13207.0,216.86,,,42.75,4507.0,,,,2930524.0,227.322,31.9,1.307,0.617,116935.6,,176.69,16.52,0.8,26.9,,1.2,80.23,0.848,,,,
QAT,Asia,Qatar,2022-03-03,357764.0,181.0,289.143,670.0,0.0,0.857,122081.921,61.764,98.666,228.628,0.0,0.292,,,,,,,,,,18270.0,5900138.0,2013.339,6.234,19351.0,6.603,,,tests performed,6368334.0,,,1263133.0,13147.0,13069.0,217.31,,,43.1,4460.0,,,,2930524.0,227.322,31.9,1.307,0.617,116935.6,,176.69,16.52,0.8,26.9,,1.2,80.23,0.848,,,,
QAT,Asia,Qatar,2022-03-04,357920.0,156.0,264.857,670.0,0.0,0.857,122135.154,53.233,90.379,228.628,0.0,0.292,,,,,,,,,,,,,,,,,,,6395418.0,,,1283655.0,27084.0,13519.0,218.23,,,43.8,4613.0,,,,2930524.0,227.322,31.9,1.307,0.617,116935.6,,176.69,16.52,0.8,26.9,,1.2,80.23,0.848,,,,
QAT,Asia,Qatar,2022-03-05,358083.0,163.0,245.714,670.0,0.0,0.429,122190.775,55.621,83.847,228.628,0.0,0.146,,,,,,,,,,,,,,,,,,,6397165.0,,,1284705.0,1747.0,13370.0,218.29,,,43.84,4562.0,,,,2930524.0,227.322,31.9,1.307,0.617,116935.6,,176.69,16.52,0.8,26.9,,1.2,80.23,0.848,,,,
ROU,Europe,Romania,2022-03-01,2741945.0,8461.0,7979.429,63578.0,164.0,105.571,143348.896,442.341,417.165,3323.858,8.574,5.519,0.58,,,,,,,,,62368.0,21103210.0,1103.276,3.261,48532.0,2.537,0.1644,6.1,tests performed,16682309.0,,8062797.0,,4525.0,5140.0,87.22,,42.15,,269.0,,,,19127772.0,85.129,43.0,17.85,11.69,23313.199,5.7,370.946,9.74,22.9,37.1,,6.892,76.05,0.828,,,,
ROU,Europe,Romania,2022-03-02,2748777.0,6832.0,7315.857,63668.0,90.0,101.429,143706.073,357.177,382.473,3328.563,4.705,5.303,0.57,,,,,,,,,,,,,46601.0,2.436,0.157,6.4,tests performed,16686341.0,,8064452.0,,4032.0,4841.0,87.24,,42.16,,253.0,,,,19127772.0,85.129,43.0,17.85,11.69,23313.199,5.7,370.946,9.74,22.9,37.1,,6.892,76.05,0.828,,,,
ROU,Europe,Romania,2022-03-03,2754730.0,5953.0,6630.714,63782.0,114.0,101.286,144017.296,311.223,346.654,3334.523,5.96,5.295,,,,,,,,,,,,,,45366.0,2.372,0.1462,6.8,tests performed,16690807.0,,8066252.0,,4466.0,4594.0,87.26,,42.17,,240.0,,,,19127772.0,85.129,43.0,17.85,11.69,23313.199,5.7,370.946,9.74,22.9,37.1,,6.892,76.05,0.828,,,,
ROU,Europe,Romania,2022-03-04,2760332.0,5602.0,6149.0,63849.0,67.0,93.714,144310.168,292.873,321.47,3338.026,3.503,4.899,,,,,,,,,,,21249513.0,1110.925,,44227.0,2.312,,,tests performed,16695626.0,,8068154.0,,4819.0,4342.0,87.28,,42.18,,227.0,,,,19127772.0,85.129,43.0,17.85,11.69,23313.199,5.7,370.946,9.74,22.9,37.1,,6.892,76.05,0.828,,,,
ROU,Europe,Romania,2022-03-05,2765169.0,4837.0,5812.714,63931.0,82.0,91.0,144563.047,252.878,303.889,3342.313,4.287,4.757,,,,,,,,,,,,,,,,,,,,,,,,,,,,,,,,,19127772.0,85.129,43.0,17.85,11.69,23313.199,5.7,370.946,9.74,22.9,37.1,,6.892,76.05,0.828,,,,
RUS,Europe,Russia,2022-03-01,16257688.0,96092.0,118164.0,345427.0,772.0,760.857,111421.169,658.561,809.83,2367.365,5.291,5.214,0.78,,,,,,,81119.0,555.945,272654.0,276734652.0,1896.586,1.869,414545.0,2.841,0.285,3.5,tests performed,,,,,,7425.0,,,,,51.0,27479.0,0.019,,145912022.0,8.823,39.6,14.178,9.393,24765.954,0.1,431.297,6.18,23.4,58.3,,8.05,72.58,0.824,,,,
RUS,Europe,Russia,2022-03-02,16353868.0,96180.0,112491.857,346197.0,770.0,760.714,112080.333,659.164,770.957,2372.642,5.277,5.214,0.77,,,,,,,76524.0,524.453,331438.0,277066090.0,1898.857,2.271,396738.0,2.719,0.2835,3.5,tests performed,,,,,,7425.0,,,,,51.0,27479.0,0.019,,145912022.0,8.823,39.6,14.178,9.393,24765.954,0.1,431.297,6.18,23.4,58.3,,8.05,72.58,0.824,,,,
RUS,Europe,Russia,2022-03-03,16445802.0,91934.0,106875.429,346967.0,770.0,763.286,112710.398,630.065,732.465,2377.919,5.277,5.231,,,,,,,,78512.0,538.078,,,,,395217.0,2.709,0.2704,3.7,tests performed,160920944.0,,71977339.0,12320537.0,,7425.0,110.29,,49.33,8.44,51.0,27479.0,0.019,,145912022.0,8.823,39.6,14.178,9.393,24765.954,0.1,431.297,6.18,23.4,58.3,,8.05,72.58,0.824,,,,
RUS,Europe,Russia,2022-03-04,16533932.0,88130.0,102048.286,347730.0,763.0,761.857,113314.392,603.994,699.382,2383.148,5.229,5.221,,,,,,,,73424.0,503.207,,277956957.0,1904.963,,397449.0,2.724,,,tests performed,160957155.0,78696457.0,72040839.0,12358636.0,36211.0,11537.0,110.31,53.93,49.37,8.47,79.0,27479.0,0.019,,145912022.0,8.823,39.6,14.178,9.393,24765.954,0.1,431.297,6.18,23.4,58.3,,8.05,72.58,0.824,,,,
RUS,Europe,Russia,2022-03-05,16619507.0,85575.0,96895.143,348467.0,737.0,755.571,113900.875,586.484,664.066,2388.199,5.051,5.178,,,,,,,,68395.0,468.741,,,,,,,,,,161195872.0,78750034.0,72101180.0,12483441.0,238717.0,44579.0,110.47,53.97,49.41,8.56,306.0,31207.0,0.021,,145912022.0,8.823,39.6,14.178,9.393,24765.954,0.1,431.297,6.18,23.4,58.3,,8.05,72.58,0.824,,,,
RWA,Africa,Rwanda,2022-03-01,129516.0,14.0,13.857,1457.0,0.0,0.0,9755.269,1.054,1.044,109.743,0.0,0.0,0.69,,,,,,,,,12861.0,4845030.0,364.932,0.969,14172.0,1.067,0.001,1022.7,samples tested,,,,,,,,,,,,,,,13276517.0,494.869,20.3,2.974,1.642,1854.211,56.0,191.375,4.28,4.7,21.0,4.617,,69.02,0.543,,,,
RWA,Africa,Rwanda,2022-03-02,129533.0,17.0,13.857,1457.0,0.0,0.0,9756.55,1.28,1.044,109.743,0.0,0.0,0.7,,,,,,,,,21820.0,4866850.0,366.576,1.644,15696.0,1.182,0.0009,1132.7,samples tested,,,,,,,,,,,,,,,13276517.0,494.869,20.3,2.974,1.642,1854.211,56.0,191.375,4.28,4.7,21.0,4.617,,69.02,0.543,,,,
RWA,Africa,Rwanda,2022-03-03,129543.0,10.0,10.714,1458.0,1.0,0.143,9757.303,0.753,0.807,109.818,0.075,0.011,,,,,,,,,,,,,,14884.0,1.121,0.0007,1389.2,samples tested,,,,,,,,,,,,,,,13276517.0,494.869,20.3,2.974,1.642,1854.211,56.0,191.375,4.28,4.7,21.0,4.617,,69.02,0.543,,,,
RWA,Africa,Rwanda,2022-03-04,129548.0,5.0,9.286,1458.0,0.0,0.143,9757.68,0.377,0.699,109.818,0.0,0.011,,,,,,,,,,,4876887.0,367.332,,13756.0,1.036,,,samples tested,,,,1676522.0,,,,,,12.63,,,,,13276517.0,494.869,20.3,2.974,1.642,1854.211,56.0,191.375,4.28,4.7,21.0,4.617,,69.02,0.543,,,,
RWA,Africa,Rwanda,2022-03-05,129551.0,3.0,9.429,1458.0,0.0,0.143,9757.906,0.226,0.71,109.818,0.0,0.011,,,,,,,,,,,,,,,,,,,,,,,,,,,,,,,,,13276517.0,494.869,20.3,2.974,1.642,1854.211,56.0,191.375,4.28,4.7,21.0,4.617,,69.02,0.543,,,,
SHN,Africa,Saint Helena,2022-03-01,4.0,0.0,0.0,,,,656.276,0.0,0.0,,,,,,,,,,,,,,,,,,,,,,,,,,,,,,,,,,,,6095.0,,,,,,,,,,,,,80.56,,,,,
SHN,Africa,Saint Helena,2022-03-02,4.0,0.0,0.0,,,,656.276,0.0,0.0,,,,,,,,,,,,,,,,,,,,,,,,,,,,,,,,,,,,6095.0,,,,,,,,,,,,,80.56,,,,,
SHN,Africa,Saint Helena,2022-03-03,4.0,0.0,0.0,,,,656.276,0.0,0.0,,,,,,,,,,,,,,,,,,,,,,,,,,,,,,,,,,,,6095.0,,,,,,,,,,,,,80.56,,,,,
SHN,Africa,Saint Helena,2022-03-04,4.0,0.0,0.0,,,,656.276,0.0,0.0,,,,,,,,,,,,,,,,,,,,,,,,,,,,,,,,,,,,6095.0,,,,,,,,,,,,,80.56,,,,,
SHN,Africa,Saint Helena,2022-03-05,4.0,0.0,0.0,,,,656.276,0.0,0.0,,,,,,,,,,,,,,,,,,,,,,,,,,,,,,,,,,,,6095.0,,,,,,,,,,,,,80.56,,,,,
KNA,North America,Saint Kitts and Nevis,2022-03-01,5530.0,0.0,1.0,42.0,0.0,0.0,103275.688,0.0,18.676,784.372,0.0,0.0,0.27,,,,,,,,,,,,,48.0,0.896,0.0208,48.0,people tested,,,,,,,,,,,,,,,53546.0,212.865,,,,24654.385,,,12.84,,,,2.3,76.23,0.779,,,,
KNA,North America,Saint Kitts and Nevis,2022-03-02,5530.0,0.0,0.857,42.0,0.0,0.0,103275.688,0.0,16.008,784.372,0.0,0.0,0.25,,,,,,,,,,66841.0,1248.291,,44.0,0.822,0.0195,51.3,people tested,,,,,,,,,,,,,,,53546.0,212.865,,,,24654.385,,,12.84,,,,2.3,76.23,0.779,,,,
KNA,North America,Saint Kitts and Nevis,2022-03-03,5531.0,1.0,0.857,42.0,0.0,0.0,103294.364,18.676,16.008,784.372,0.0,0.0,,,,,,,,,,,,,,40.0,0.747,0.0214,46.7,people tested,,,,,,,,,,,,,,,53546.0,212.865,,,,24654.385,,,12.84,,,,2.3,76.23,0.779,,,,
KNA,North America,Saint Kitts and Nevis,2022-03-04,5533.0,2.0,1.0,42.0,0.0,0.0,103331.715,37.351,18.676,784.372,0.0,0.0,,,,,,,,,,,66903.0,1249.449,,35.0,0.654,,,people tested,,,,,,,,,,,,,,,53546.0,212.865,,,,24654.385,,,12.84,,,,2.3,76.23,0.779,,,,
KNA,North America,Saint Kitts and Nevis,2022-03-05,5536.0,3.0,0.857,42.0,0.0,0.0,103387.741,56.027,16.008,784.372,0.0,0.0,,,,,,,,,,,,,,,,,,,,,,,,,,,,,,,,,53546.0,212.865,,,,24654.385,,,12.84,,,,2.3,76.23,0.779,,,,
LCA,North America,Saint Lucia,2022-03-01,22712.0,18.0,20.571,358.0,0.0,0.143,123166.36,97.613,111.558,1941.421,0.0,0.775,0.62,,,,,,,,,,135918.0,737.078,,,,,,tests performed,,,,,,963.0,,,,,5222.0,1.0,0.001,,184401.0,293.187,34.9,9.721,6.405,12951.839,,204.62,11.62,,,87.202,1.3,76.2,0.759,,,,
LCA,North America,Saint Lucia,2022-03-02,22729.0,17.0,19.286,360.0,2.0,0.429,123258.551,92.19,104.586,1952.267,10.846,2.324,0.62,,,,,,,,,224.0,136142.0,738.293,1.215,,,,,tests performed,116270.0,57622.0,51912.0,6736.0,,962.0,63.05,31.25,28.15,3.65,5217.0,0.0,0.0,,184401.0,293.187,34.9,9.721,6.405,12951.839,,204.62,11.62,,,87.202,1.3,76.2,0.759,,,,
LCA,North America,Saint Lucia,2022-03-03,22733.0,4.0,15.143,360.0,0.0,0.286,123280.243,21.692,82.119,1952.267,0.0,1.549,,,,,,,,,,201.0,136343.0,739.383,1.09,,,,,tests performed,,,,,,,,,,,,,,,184401.0,293.187,34.9,9.721,6.405,12951.839,,204.62,11.62,,,87.202,1.3,76.2,0.759,,,,
LCA,North America,Saint Lucia,2022-03-04,22733.0,0.0,12.0,360.0,0.0,0.286,123280.243,0.0,65.076,1952.267,0.0,1.549,,,,,,,,,,,,,,,,,,,,,,,,,,,,,,,,,184401.0,293.187,34.9,9.721,6.405,12951.839,,204.62,11.62,,,87.202,1.3,76.2,0.759,,,,
LCA,North America,Saint Lucia,2022-03-05,22733.0,0.0,12.0,360.0,0.0,0.286,123280.243,0.0,65.076,1952.267,0.0,1.549,,,,,,,,,,,,,,,,,,,,,,,,,,,,,,,,,184401.0,293.187,34.9,9.721,6.405,12951.839,,204.62,11.62,,,87.202,1.3,76.2,0.759,,,,
SPM,North America,Saint Pierre and Miquelon,2022-03-01,1087.0,17.0,3.429,1.0,0.0,0.0,188355.571,2945.763,594.104,173.28,0.0,0.0,,,,,,,,,,,,,,,,,,,,,,,,,,,,,,,,,5771.0,,,,,,,,,,,,,81.07,,,,,
SPM,North America,Saint Pierre and Miquelon,2022-03-02,1087.0,0.0,3.429,1.0,0.0,0.0,188355.571,0.0,594.104,173.28,0.0,0.0,,,,,,,,,,,,,,,,,,,,,,,,,,,,,,,,,5771.0,,,,,,,,,,,,,81.07,,,,,
SPM,North America,Saint Pierre and Miquelon,2022-03-03,1087.0,0.0,2.429,1.0,0.0,0.0,188355.571,0.0,420.823,173.28,0.0,0.0,,,,,,,,,,,,,,,,,,,,,,,,,,,,,,,,,5771.0,,,,,,,,,,,,,81.07,,,,,
SPM,North America,Saint Pierre and Miquelon,2022-03-04,1102.0,15.0,4.571,1.0,0.0,0.0,190954.774,2599.203,792.138,173.28,0.0,0.0,,,,,,,,,,,,,,,,,,,,,,,,,,,,,,,,,5771.0,,,,,,,,,,,,,81.07,,,,,
SPM,North America,Saint Pierre and Miquelon,2022-03-05,1102.0,0.0,4.571,1.0,0.0,0.0,190954.774,0.0,792.138,173.28,0.0,0.0,,,,,,,,,,,,,,,,,,,,,,,,,,,,,,,,,5771.0,,,,,,,,,,,,,81.07,,,,,
VCT,North America,Saint Vincent and the Grenadines,2022-03-01,8311.0,2.0,2.0,106.0,0.0,0.0,74692.861,17.974,17.974,952.646,0.0,0.0,0.57,,,,,,,,,26.0,98262.0,883.103,0.234,37.0,0.333,0.0541,18.5,tests performed,67452.0,35230.0,29152.0,3070.0,8.0,20.0,60.62,31.66,26.2,2.76,180.0,7.0,0.006,,111269.0,281.787,31.8,7.724,4.832,10727.146,,252.675,11.62,,,,2.6,72.53,0.738,,,,
VCT,North America,Saint Vincent and the Grenadines,2022-03-02,8311.0,0.0,1.429,106.0,0.0,0.0,74692.861,0.0,12.839,952.646,0.0,0.0,0.57,,,,,,,,,29.0,98291.0,883.364,0.261,37.0,0.333,0.0386,25.9,tests performed,,,,,,,,,,,,,,,111269.0,281.787,31.8,7.724,4.832,10727.146,,252.675,11.62,,,,2.6,72.53,0.738,,,,
VCT,North America,Saint Vincent and the Grenadines,2022-03-03,8313.0,2.0,1.429,106.0,0.0,0.0,74710.836,17.974,12.839,952.646,0.0,0.0,,,,,,,,,,35.0,98326.0,883.678,0.315,33.0,0.297,0.0433,23.1,tests performed,,,,,,,,,,,,,,,111269.0,281.787,31.8,7.724,4.832,10727.146,,252.675,11.62,,,,2.6,72.53,0.738,,,,
VCT,North America,Saint Vincent and the Grenadines,2022-03-04,8316.0,3.0,1.571,106.0,0.0,0.0,74737.798,26.962,14.123,952.646,0.0,0.0,,,,,,,,,,,,,,,,,,,,,,,,,,,,,,,,,111269.0,281.787,31.8,7.724,4.832,10727.146,,252.675,11.62,,,,2.6,72.53,0.738,,,,
VCT,North America,Saint Vincent and the Grenadines,2022-03-05,8316.0,0.0,1.571,106.0,0.0,0.0,74737.798,0.0,14.123,952.646,0.0,0.0,,,,,,,,,,,,,,,,,,,,,,,,,,,,,,,,,111269.0,281.787,31.8,7.724,4.832,10727.146,,252.675,11.62,,,,2.6,72.53,0.738,,,,
WSM,Oceania,Samoa,2022-03-01,33.0,0.0,0.0,,,,164.881,0.0,0.0,,,,,,,,,,,,,,,,,,,,,,,,,,,,,,,,,,,,200144.0,69.413,22.0,5.606,3.564,6021.557,,348.977,9.21,16.7,38.1,,,73.32,0.715,,,,
WSM,Oceania,Samoa,2022-03-02,33.0,0.0,0.0,,,,164.881,0.0,0.0,,,,,,,,,,,,,,,,,,,,,,,,,,,,,,,,,,,,200144.0,69.413,22.0,5.606,3.564,6021.557,,348.977,9.21,16.7,38.1,,,73.32,0.715,,,,
WSM,Oceania,Samoa,2022-03-03,33.0,0.0,0.0,,,,164.881,0.0,0.0,,,,,,,,,,,,,,,,,,,,,,,,,,,,,,,,,,,,200144.0,69.413,22.0,5.606,3.564,6021.557,,348.977,9.21,16.7,38.1,,,73.32,0.715,,,,
WSM,Oceania,Samoa,2022-03-04,33.0,0.0,0.0,,,,164.881,0.0,0.0,,,,,,,,,,,,,,,,,,,,,,,,,,,,,,,,,,,,200144.0,69.413,22.0,5.606,3.564,6021.557,,348.977,9.21,16.7,38.1,,,73.32,0.715,,,,
WSM,Oceania,Samoa,2022-03-05,33.0,0.0,0.0,,,,164.881,0.0,0.0,,,,,,,,,,,,,,,,,,,,,,,,,,,,,,,,,,,,200144.0,69.413,22.0,5.606,3.564,6021.557,,348.977,9.21,16.7,38.1,,,73.32,0.715,,,,
SMR,Europe,San Marino,2022-03-01,14414.0,45.0,29.571,112.0,0.0,0.0,423816.525,1323.14,869.492,3293.149,0.0,0.0,0.71,,,,,,,,,,,,,,,,,,,,,,,,,,,,,,,,34010.0,556.667,,,,56861.47,,,5.64,,,,3.8,84.97,,,,,
SMR,Europe,San Marino,2022-03-02,14435.0,21.0,24.714,112.0,0.0,0.0,424433.99,617.465,726.677,3293.149,0.0,0.0,0.7,,,,,,,,,,,,,,,,,,,,,,,,,,,,,,,,34010.0,556.667,,,,56861.47,,,5.64,,,,3.8,84.97,,,,,
SMR,Europe,San Marino,2022-03-03,14466.0,31.0,25.0,112.0,0.0,0.0,425345.487,911.497,735.078,3293.149,0.0,0.0,,,,,,,,,,,,,,,,,,,,,,,,,,,,,,,,,34010.0,556.667,,,,56861.47,,,5.64,,,,3.8,84.97,,,,,
SMR,Europe,San Marino,2022-03-04,14487.0,21.0,25.286,112.0,0.0,0.0,425962.952,617.465,743.479,3293.149,0.0,0.0,,,,,,,,,,,,,,,,,,,,,,,,,,,,,,,,,34010.0,556.667,,,,56861.47,,,5.64,,,,3.8,84.97,,,,,
SMR,Europe,San Marino,2022-03-05,14487.0,0.0,25.286,112.0,0.0,0.0,425962.952,0.0,743.479,3293.149,0.0,0.0,,,,,,,,,,,,,,,,,,,,,,,,,,,,,,,,,34010.0,556.667,,,,56861.47,,,5.64,,,,3.8,84.97,,,,,
STP,Africa,Sao Tome and Principe,2022-03-01,5934.0,0.0,0.571,72.0,0.0,0.0,26566.501,0.0,2.558,322.344,0.0,0.0,0.32,,,,,,,,,,,,,,,,,,,,,,,,,,,,,,,,223364.0,212.841,18.7,2.886,2.162,3052.714,32.3,270.113,2.42,,,41.34,2.9,70.39,0.625,,,,
STP,Africa,Sao Tome and Principe,2022-03-02,5934.0,0.0,0.286,72.0,0.0,0.0,26566.501,0.0,1.279,322.344,0.0,0.0,0.31,,,,,,,,,,,,,,,,,,,,,,,,,,,,,,,,223364.0,212.841,18.7,2.886,2.162,3052.714,32.3,270.113,2.42,,,41.34,2.9,70.39,0.625,,,,
STP,Africa,Sao Tome and Principe,2022-03-03,5934.0,0.0,0.286,72.0,0.0,0.0,26566.501,0.0,1.279,322.344,0.0,0.0,,,,,,,,,,,,,,,,,,,,,,,,,,,,,,,,,223364.0,212.841,18.7,2.886,2.162,3052.714,32.3,270.113,2.42,,,41.34,2.9,70.39,0.625,,,,
STP,Africa,Sao Tome and Principe,2022-03-04,5939.0,5.0,0.857,72.0,0.0,0.0,26588.886,22.385,3.837,322.344,0.0,0.0,,,,,,,,,,,,,,,,,,,,,,4031.0,,,,,,1.8,,,,,223364.0,212.841,18.7,2.886,2.162,3052.714,32.3,270.113,2.42,,,41.34,2.9,70.39,0.625,,,,
STP,Africa,Sao Tome and Principe,2022-03-05,5939.0,0.0,0.857,72.0,0.0,0.0,26588.886,0.0,3.837,322.344,0.0,0.0,,,,,,,,,,,,,,,,,,,,,,,,,,,,,,,,,223364.0,212.841,18.7,2.886,2.162,3052.714,32.3,270.113,2.42,,,41.34,2.9,70.39,0.625,,,,
SAU,Asia,Saudi Arabia,2022-03-01,745590.0,563.0,621.857,9001.0,3.0,2.0,21097.217,15.931,17.596,254.692,0.085,0.057,0.52,,,,,,,,,60558.0,40829579.0,1155.314,1.714,63868.0,1.807,0.0097,102.7,tests performed,,,,,,,,,,,,,,,35340680.0,15.322,31.9,3.295,1.845,49045.411,,259.538,17.72,1.8,25.4,,2.7,75.13,0.854,,,,
SAU,Asia,Saudi Arabia,2022-03-02,746066.0,476.0,600.286,9002.0,1.0,1.714,21110.686,13.469,16.986,254.721,0.028,0.049,0.52,,,,,,,,,58238.0,40887817.0,1156.962,1.648,62585.0,1.771,0.0096,104.3,tests performed,,,,,,,,,,,,,,,35340680.0,15.322,31.9,3.295,1.845,49045.411,,259.538,17.72,1.8,25.4,,2.7,75.13,0.854,,,,
SAU,Asia,Saudi Arabia,2022-03-03,746473.0,407.0,561.714,9004.0,2.0,1.857,21122.203,11.516,15.894,254.777,0.057,0.053,,,,,,,,,,56117.0,40943934.0,1158.55,1.588,60625.0,1.715,0.0093,107.9,tests performed,,,,,,,,,,,,,,,35340680.0,15.322,31.9,3.295,1.845,49045.411,,259.538,17.72,1.8,25.4,,2.7,75.13,0.854,,,,
SAU,Asia,Saudi Arabia,2022-03-04,746836.0,363.0,518.714,9005.0,1.0,1.714,21132.474,10.271,14.678,254.806,0.028,0.049,,,,,,,,,,,,,,,,,,,,,,,,,,,,,,,,,35340680.0,15.322,31.9,3.295,1.845,49045.411,,259.538,17.72,1.8,25.4,,2.7,75.13,0.854,,,,
SAU,Asia,Saudi Arabia,2022-03-05,747119.0,283.0,482.429,9006.0,1.0,1.714,21140.482,8.008,13.651,254.834,0.028,0.049,,,,,,,,,,,,,,,,,,,,,,,,,,,,,,,,,35340680.0,15.322,31.9,3.295,1.845,49045.411,,259.538,17.72,1.8,25.4,,2.7,75.13,0.854,,,,
SEN,Africa,Senegal,2022-03-01,85699.0,6.0,14.143,1960.0,0.0,0.143,4983.57,0.349,0.822,113.978,0.0,0.008,0.64,,,,,,,,,939.0,1033707.0,60.112,0.055,1225.0,0.071,0.0115,86.6,tests performed,,,,,,,,,,,,,,,17196308.0,82.328,18.7,3.008,1.796,2470.58,38.0,241.219,2.42,0.4,16.6,20.859,,67.94,0.512,,,,
SEN,Africa,Senegal,2022-03-02,85712.0,13.0,13.286,1960.0,0.0,0.0,4984.326,0.756,0.773,113.978,0.0,0.0,0.65,,,,,,,,,1422.0,1035129.0,60.195,0.083,1236.0,0.072,0.0107,93.0,tests performed,,,,,,,,,,,,,,,17196308.0,82.328,18.7,3.008,1.796,2470.58,38.0,241.219,2.42,0.4,16.6,20.859,,67.94,0.512,,,,
SEN,Africa,Senegal,2022-03-03,85729.0,17.0,13.143,1960.0,0.0,0.0,4985.314,0.989,0.764,113.978,0.0,0.0,,,,,,,,,,932.0,1036061.0,60.249,0.054,1202.0,0.07,0.0109,91.5,tests performed,,,,,,,,,,,,,,,17196308.0,82.328,18.7,3.008,1.796,2470.58,38.0,241.219,2.42,0.4,16.6,20.859,,67.94,0.512,,,,
SEN,Africa,Senegal,2022-03-04,85739.0,10.0,12.571,1961.0,1.0,0.143,4985.896,0.582,0.731,114.036,0.058,0.008,,,,,,,,,,1186.0,1037247.0,60.318,0.069,1200.0,0.07,,,tests performed,,,,,,,,,,,,,,,17196308.0,82.328,18.7,3.008,1.796,2470.58,38.0,241.219,2.42,0.4,16.6,20.859,,67.94,0.512,,,,
SEN,Africa,Senegal,2022-03-05,85747.0,8.0,11.571,1961.0,0.0,0.143,4986.361,0.465,0.673,114.036,0.0,0.008,,,,,,,,,,,,,,,,,,,,,,,,,,,,,,,,,17196308.0,82.328,18.7,3.008,1.796,2470.58,38.0,241.219,2.42,0.4,16.6,20.859,,67.94,0.512,,,,
SRB,Europe,Serbia,2022-03-01,1913861.0,2886.0,3096.286,15280.0,39.0,46.0,278519.67,419.993,450.595,2223.662,5.676,6.694,0.57,105.0,15.28,2411.0,350.867,,,,,15116.0,8769892.0,1276.262,2.2,14205.0,2.067,0.218,4.6,people tested,8474034.0,3344161.0,3263979.0,1865894.0,1698.0,1680.0,123.32,48.67,47.5,27.15,244.0,211.0,0.003,,6871547.0,80.291,41.2,17.366,,14048.881,,439.415,10.08,37.7,40.2,97.719,5.609,76.0,0.806,,,,
SRB,Europe,Serbia,2022-03-02,1916707.0,2846.0,2876.0,15315.0,35.0,43.571,278933.841,414.172,418.537,2228.756,5.093,6.341,0.57,105.0,15.28,2310.0,336.169,,,,,15195.0,8785087.0,1278.473,2.211,13799.0,2.008,0.2084,4.8,people tested,,,,,,,,,,,,,,,6871547.0,80.291,41.2,17.366,,14048.881,,439.415,10.08,37.7,40.2,97.719,5.609,76.0,0.806,,,,
SRB,Europe,Serbia,2022-03-03,1919327.0,2620.0,2719.143,15346.0,31.0,41.0,279315.124,381.282,395.71,2233.267,4.511,5.967,,100.0,14.553,2190.0,318.706,,,,,15059.0,8800146.0,1280.664,2.192,13601.0,1.979,0.1999,5.0,people tested,,,,,,,,,,,,,,,6871547.0,80.291,41.2,17.366,,14048.881,,439.415,10.08,37.7,40.2,97.719,5.609,76.0,0.806,,,,
SRB,Europe,Serbia,2022-03-04,1921831.0,2504.0,2619.571,15375.0,29.0,37.857,279679.525,364.401,381.22,2237.487,4.22,5.509,,100.0,14.553,2064.0,300.369,,,,,14007.0,8814153.0,1282.703,2.038,13590.0,1.978,,,people tested,,,,,,,,,,,,,,,6871547.0,80.291,41.2,17.366,,14048.881,,439.415,10.08,37.7,40.2,97.719,5.609,76.0,0.806,,,,
SRB,Europe,Serbia,2022-03-05,1923977.0,2146.0,2547.857,15405.0,30.0,35.714,279991.827,312.302,370.784,2241.853,4.366,5.197,,103.0,14.989,1997.0,290.619,,,,,,,,,,,,,,,,,,,,,,,,,,,,6871547.0,80.291,41.2,17.366,,14048.881,,439.415,10.08,37.7,40.2,97.719,5.609,76.0,0.806,,,,
SYC,Africa,Seychelles,2022-03-01,39403.0,67.0,31.714,163.0,0.0,0.429,398372.258,677.383,320.638,1647.963,0.0,4.333,0.73,,,,,,,,,,,,,,,,,,,,,,,,,,,,,,,,98910.0,208.354,36.2,8.606,5.586,26382.287,1.1,242.648,10.55,7.1,35.7,,3.6,73.4,0.796,,,,
SYC,Africa,Seychelles,2022-03-02,39403.0,0.0,31.714,163.0,0.0,0.429,398372.258,0.0,320.638,1647.963,0.0,4.333,0.73,,,,,,,,,,,,,,,,,,,,,,,,,,,,,,,,98910.0,208.354,36.2,8.606,5.586,26382.287,1.1,242.648,10.55,7.1,35.7,,3.6,73.4,0.796,,,,
SYC,Africa,Seychelles,2022-03-03,39408.0,5.0,22.429,163.0,0.0,0.429,398422.809,50.551,226.757,1647.963,0.0,4.333,,,,,,,,,,,,,,,,,,,,,,,,,,,,,,,,,98910.0,208.354,36.2,8.606,5.586,26382.287,1.1,242.648,10.55,7.1,35.7,,3.6,73.4,0.796,,,,
SYC,Africa,Seychelles,2022-03-04,39427.0,19.0,25.143,163.0,0.0,0.429,398614.902,192.094,254.199,1647.963,0.0,4.333,,,,,,,,,,,,,,,,,,,,,,27744.0,,,,,,28.05,,,,,98910.0,208.354,36.2,8.606,5.586,26382.287,1.1,242.648,10.55,7.1,35.7,,3.6,73.4,0.796,,,,
SYC,Africa,Seychelles,2022-03-05,39427.0,0.0,25.143,163.0,0.0,0.429,398614.902,0.0,254.199,1647.963,0.0,4.333,,,,,,,,,,,,,,,,,,,,,,,,,,,,,,,,,98910.0,208.354,36.2,8.606,5.586,26382.287,1.1,242.648,10.55,7.1,35.7,,3.6,73.4,0.796,,,,
SLE,Africa,Sierra Leone,2022-03-01,7665.0,0.0,0.286,125.0,0.0,0.0,941.491,0.0,0.035,15.354,0.0,0.0,0.25,,,,,,,,,,,,,,,,,,,,,,,,,,,,,,,,8141343.0,104.7,19.1,2.538,1.285,1390.3,52.2,325.721,2.42,8.8,41.3,19.275,,54.7,0.452,,,,
SLE,Africa,Sierra Leone,2022-03-02,7665.0,0.0,0.286,125.0,0.0,0.0,941.491,0.0,0.035,15.354,0.0,0.0,0.25,,,,,,,,,,,,,,,,,,,,,,,,,,,,,,,,8141343.0,104.7,19.1,2.538,1.285,1390.3,52.2,325.721,2.42,8.8,41.3,19.275,,54.7,0.452,,,,
SLE,Africa,Sierra Leone,2022-03-03,7665.0,0.0,0.0,125.0,0.0,0.0,941.491,0.0,0.0,15.354,0.0,0.0,,,,,,,,,,,,,,,,,,,,,,,,,,,,,,,,,8141343.0,104.7,19.1,2.538,1.285,1390.3,52.2,325.721,2.42,8.8,41.3,19.275,,54.7,0.452,,,,
SLE,Africa,Sierra Leone,2022-03-04,7665.0,0.0,0.0,125.0,0.0,0.0,941.491,0.0,0.0,15.354,0.0,0.0,,,,,,,,,,,,,,,,,,,,,,,,,,,,,,,,,8141343.0,104.7,19.1,2.538,1.285,1390.3,52.2,325.721,2.42,8.8,41.3,19.275,,54.7,0.452,,,,
SLE,Africa,Sierra Leone,2022-03-05,7665.0,0.0,0.0,125.0,0.0,0.0,941.491,0.0,0.0,15.354,0.0,0.0,,,,,,,,,,,,,,,,,,,,,,,,,,,,,,,,,8141343.0,104.7,19.1,2.538,1.285,1390.3,52.2,325.721,2.42,8.8,41.3,19.275,,54.7,0.452,,,,
SGP,Asia,Singapore,2022-03-01,748504.0,24080.0,18030.143,1030.0,11.0,10.571,137249.523,4415.432,3306.099,188.866,2.017,1.938,1.16,32.0,5.868,1694.0,310.621,,,,,,,,,,,,,,,,,,,,,,,,,,,,5453600.0,7915.731,42.4,12.922,7.049,85535.383,,92.243,10.99,5.2,28.3,,2.4,83.62,0.938,,,,
SGP,Asia,Singapore,2022-03-02,767663.0,19159.0,17865.429,1040.0,10.0,11.0,140762.616,3513.092,3275.896,190.7,1.834,2.017,1.16,26.0,4.767,1682.0,308.42,,,,,,,,,,,,,,,,,,,,,,,,,,,,5453600.0,7915.731,42.4,12.922,7.049,85535.383,,92.243,10.99,5.2,28.3,,2.4,83.62,0.938,,,,
SGP,Asia,Singapore,2022-03-03,785825.0,18162.0,17803.857,1049.0,9.0,10.571,144092.893,3330.277,3264.606,192.35,1.65,1.938,,28.0,5.134,1657.0,303.836,,,,,,,,,,,,,,,,,,,,,,,,,,,,5453600.0,7915.731,42.4,12.922,7.049,85535.383,,92.243,10.99,5.2,28.3,,2.4,83.62,0.938,,,,
SGP,Asia,Singapore,2022-03-04,803389.0,17564.0,17656.286,1067.0,18.0,11.571,147313.518,3220.625,3237.547,195.651,3.301,2.122,,30.0,5.501,1648.0,302.186,,,,,,,,,,,,,,,,,,,,,,,,,,,,5453600.0,7915.731,42.4,12.922,7.049,85535.383,,92.243,10.99,5.2,28.3,,2.4,83.62,0.938,,,,
SGP,Asia,Singapore,2022-03-05,819663.0,16274.0,17573.0,1073.0,6.0,10.571,150297.602,2984.084,3222.275,196.751,1.1,1.938,,34.0,6.234,1525.0,279.632,,,,,,,,,,,,,,,,,,,,,,,,,,,,5453600.0,7915.731,42.4,12.922,7.049,85535.383,,92.243,10.99,5.2,28.3,,2.4,83.62,0.938,,,,
SVK,Europe,Slovakia,2022-03-01,2134795.0,15437.0,15592.714,18530.0,45.0,35.857,391757.979,2832.857,2861.432,3400.455,8.258,6.58,0.86,,,,,,,,,46145.0,49634064.0,9108.388,8.468,42889.0,7.871,0.32,3.1,tests performed,,,,,,,,,,,,,,,5449270.0,113.128,41.2,15.07,9.167,30155.152,0.7,287.959,7.29,23.1,37.7,,5.82,77.54,0.86,,,,
SVK,Europe,Slovakia,2022-03-02,2150666.0,15871.0,14058.0,18567.0,37.0,36.143,394670.479,2912.5,2579.795,3407.245,6.79,6.633,0.85,,,,,,,,,37425.0,49671489.0,9115.256,6.868,40405.0,7.415,0.322,3.1,tests performed,,,,,,,,,,,,,,,5449270.0,113.128,41.2,15.07,9.167,30155.152,0.7,287.959,7.29,23.1,37.7,,5.82,77.54,0.86,,,,
SVK,Europe,Slovakia,2022-03-03,2164751.0,14085.0,13339.857,18611.0,44.0,39.0,397255.229,2584.75,2448.008,3415.32,8.074,7.157,,,,,,,,,,,,,,,,,,,,,,,,,,,,,,,,,5449270.0,113.128,41.2,15.07,9.167,30155.152,0.7,287.959,7.29,23.1,37.7,,5.82,77.54,0.86,,,,
SVK,Europe,Slovakia,2022-03-04,2178234.0,13483.0,13467.286,18631.0,20.0,36.571,399729.505,2474.276,2471.393,3418.99,3.67,6.711,,,,,,,,,,,,,,,,,,,,,,,,,,,,,,,,,5449270.0,113.128,41.2,15.07,9.167,30155.152,0.7,287.959,7.29,23.1,37.7,,5.82,77.54,0.86,,,,
SVK,Europe,Slovakia,2022-03-05,2190599.0,12365.0,12597.0,18663.0,32.0,35.714,401998.616,2269.111,2311.686,3424.862,5.872,6.554,,,,,,,,,,,,,,,,,,,,,,,,,,,,,,,,,5449270.0,113.128,41.2,15.07,9.167,30155.152,0.7,287.959,7.29,23.1,37.7,,5.82,77.54,0.86,,,,
SVN,Europe,Slovenia,2022-03-01,895174.0,2554.0,1830.0,6318.0,11.0,11.714,430636.501,1228.639,880.348,3039.366,5.292,5.635,0.52,,,,,,,,,11746.0,4423043.0,2127.769,5.651,13024.0,6.265,0.133,7.5,tests performed,2963336.0,1263881.0,1218432.0,628214.0,329.0,600.0,142.56,60.8,58.61,30.22,289.0,34.0,0.002,,2078723.0,102.619,44.5,19.062,12.93,31400.84,,153.493,7.25,20.1,25.0,,4.5,81.32,0.917,,,,
SVN,Europe,Slovenia,2022-03-02,897040.0,1866.0,1744.286,6327.0,9.0,11.571,431534.168,897.667,839.114,3043.696,4.33,5.567,0.52,,,,,,,,,13426.0,4436469.0,2134.228,6.459,12309.0,5.921,0.134,7.5,tests performed,2964184.0,1263944.0,1218555.0,628890.0,848.0,564.0,142.6,60.8,58.62,30.25,271.0,36.0,0.002,,2078723.0,102.619,44.5,19.062,12.93,31400.84,,153.493,7.25,20.1,25.0,,4.5,81.32,0.917,,,,
SVN,Europe,Slovenia,2022-03-03,898947.0,1907.0,1674.714,6337.0,10.0,11.429,432451.558,917.39,805.646,3048.506,4.811,5.498,,,,,,,,,,11296.0,4447765.0,2139.662,5.434,11875.0,5.713,0.138,7.2,tests performed,2964942.0,1263991.0,1218694.0,629474.0,758.0,515.0,142.63,60.81,58.63,30.28,248.0,34.0,0.002,,2078723.0,102.619,44.5,19.062,12.93,31400.84,,153.493,7.25,20.1,25.0,,4.5,81.32,0.917,,,,
SVN,Europe,Slovenia,2022-03-04,900857.0,1910.0,1665.0,6341.0,4.0,11.0,433370.391,918.833,800.973,3050.43,1.924,5.292,,,,,,,,,,,,,,,,,,,2965702.0,1264029.0,1218810.0,630095.0,760.0,455.0,142.67,60.81,58.63,30.31,219.0,28.0,0.001,,2078723.0,102.619,44.5,19.062,12.93,31400.84,,153.493,7.25,20.1,25.0,,4.5,81.32,0.917,,,,
SVN,Europe,Slovenia,2022-03-05,902744.0,1887.0,1671.857,6351.0,10.0,10.714,434278.16,907.769,804.271,3055.241,4.811,5.154,,,,,,,,,,,,,,,,,,,2965721.0,1264029.0,1218812.0,630112.0,19.0,447.0,142.67,60.81,58.63,30.31,215.0,28.0,0.001,,2078723.0,102.619,44.5,19.062,12.93,31400.84,,153.493,7.25,20.1,25.0,,4.5,81.32,0.917,,,,
SLB,Oceania,Solomon Islands,2022-03-01,7258.0,209.0,184.286,106.0,7.0,3.0,10309.732,296.877,261.771,150.569,9.943,4.261,0.83,,,,,,,,,,,,,,,,,,,,,,,,,,,,,,,,703995.0,21.841,20.8,3.507,2.043,2205.923,25.1,459.78,18.68,,,35.89,1.4,73.0,0.567,,,,
SLB,Oceania,Solomon Islands,2022-03-02,7258.0,0.0,130.0,106.0,0.0,2.714,10309.732,0.0,184.66,150.569,0.0,3.856,0.79,,,,,,,,,,,,,,,,,,,,,,,,,,,,,,,,703995.0,21.841,20.8,3.507,2.043,2205.923,25.1,459.78,18.68,,,35.89,1.4,73.0,0.567,,,,
SLB,Oceania,Solomon Islands,2022-03-03,7258.0,0.0,86.286,111.0,5.0,2.714,10309.732,0.0,122.566,157.672,7.102,3.856,,,,,,,,,,,,,,,,,,,,,,,,,,,,,,,,,703995.0,21.841,20.8,3.507,2.043,2205.923,25.1,459.78,18.68,,,35.89,1.4,73.0,0.567,,,,
SLB,Oceania,Solomon Islands,2022-03-04,7326.0,68.0,96.0,111.0,0.0,2.714,10406.324,96.592,136.365,157.672,0.0,3.856,,,,,,,,,,,,,,,,,,,,,,,,,,,,,,,,,703995.0,21.841,20.8,3.507,2.043,2205.923,25.1,459.78,18.68,,,35.89,1.4,73.0,0.567,,,,
SLB,Oceania,Solomon Islands,2022-03-05,7940.0,614.0,161.0,115.0,4.0,3.143,11278.489,872.165,228.695,163.353,5.682,4.464,,,,,,,,,,,,,,,,,,,,,,,,,,,,,,,,,703995.0,21.841,20.8,3.507,2.043,2205.923,25.1,459.78,18.68,,,35.89,1.4,73.0,0.567,,,,
SOM,Africa,Somalia,2022-03-01,26351.0,38.0,5.429,1348.0,0.0,0.0,1610.746,2.323,0.332,82.399,0.0,0.0,0.52,,,,,,,,,,,,,,,,,,,,,,,,,,,,,,,,16359500.0,23.5,16.8,2.731,1.496,,,365.769,6.05,,,9.831,0.9,57.4,,,,,
SOM,Africa,Somalia,2022-03-02,26351.0,0.0,5.429,1348.0,0.0,0.0,1610.746,0.0,0.332,82.399,0.0,0.0,0.52,,,,,,,,,,,,,,,,,,,,,,,,,,,,,,,,16359500.0,23.5,16.8,2.731,1.496,,,365.769,6.05,,,9.831,0.9,57.4,,,,,
SOM,Africa,Somalia,2022-03-03,26351.0,0.0,5.429,1348.0,0.0,0.0,1610.746,0.0,0.332,82.399,0.0,0.0,,,,,,,,,,,,,,,,,,,,,,,,,,,,,,,,,16359500.0,23.5,16.8,2.731,1.496,,,365.769,6.05,,,9.831,0.9,57.4,,,,,
SOM,Africa,Somalia,2022-03-04,26351.0,0.0,5.429,1348.0,0.0,0.0,1610.746,0.0,0.332,82.399,0.0,0.0,,,,,,,,,,,,,,,,,,,,,,,,,,,,,,,,,16359500.0,23.5,16.8,2.731,1.496,,,365.769,6.05,,,9.831,0.9,57.4,,,,,
SOM,Africa,Somalia,2022-03-05,26351.0,0.0,5.429,1348.0,0.0,0.0,1610.746,0.0,0.332,82.399,0.0,0.0,,,,,,,,,,,,,,,,,,,,,,,,,,,,,,,,,16359500.0,23.5,16.8,2.731,1.496,,,365.769,6.05,,,9.831,0.9,57.4,,,,,
ZAF,Africa,South Africa,2022-03-01,3675691.0,1649.0,1951.286,99430.0,18.0,80.286,61218.668,27.464,32.499,1656.008,0.3,1.337,0.8,,,,,,,,,26360.0,23111817.0,384.928,0.439,26223.0,0.437,0.0744,13.4,people tested,31652555.0,20396606.0,17301807.0,1162202.0,,75624.0,52.72,33.97,28.82,1.94,1260.0,26564.0,0.044,,60041996.0,46.754,27.3,5.344,3.053,12294.876,18.9,200.38,5.52,8.1,33.2,43.993,2.32,64.13,0.709,,,,
ZAF,Africa,South Africa,2022-03-02,3677686.0,1995.0,1791.0,99458.0,28.0,68.571,61251.894,33.227,29.829,1656.474,0.466,1.142,0.77,,,,,,,,,26608.0,23138425.0,385.371,0.443,24900.0,0.415,0.0719,13.9,people tested,,,,,,,,,,,,,,,60041996.0,46.754,27.3,5.344,3.053,12294.876,18.9,200.38,5.52,8.1,33.2,43.993,2.32,64.13,0.709,,,,
ZAF,Africa,South Africa,2022-03-03,3679539.0,1853.0,1711.286,99499.0,41.0,68.714,61282.756,30.862,28.501,1657.157,0.683,1.144,,,,,,,,,,28302.0,23166727.0,385.842,0.471,24540.0,0.409,0.0697,14.3,people tested,,,,,,,,,,,,,,,60041996.0,46.754,27.3,5.344,3.053,12294.876,18.9,200.38,5.52,8.1,33.2,43.993,2.32,64.13,0.709,,,,
ZAF,Africa,South Africa,2022-03-04,3681437.0,1898.0,1680.857,99517.0,18.0,53.143,61314.367,31.611,27.995,1657.457,0.3,0.885,,,,,,,,,,30153.0,23196880.0,386.344,0.502,25268.0,0.421,,,people tested,,,,,,,,,,,,,,,60041996.0,46.754,27.3,5.344,3.053,12294.876,18.9,200.38,5.52,8.1,33.2,43.993,2.32,64.13,0.709,,,,
ZAF,Africa,South Africa,2022-03-05,3683172.0,1735.0,1597.286,99543.0,26.0,50.286,61343.264,28.896,26.603,1657.89,0.433,0.838,,,,,,,,708.0,11.792,,,,,,,,,,,,,,,,,,,,,,,,60041996.0,46.754,27.3,5.344,3.053,12294.876,18.9,200.38,5.52,8.1,33.2,43.993,2.32,64.13,0.709,,,,
OWID_SAM,,South America,2022-03-01,54231436.0,30038.0,105679.857,1258278.0,480.0,1060.714,124882.372,69.171,243.356,2897.521,1.105,2.443,,,,,,,,,,,,,,,,,,,773399011.0,356118615.0,305907376.0,123401966.0,669135.0,1464496.0,178.1,82.01,70.44,28.42,3372.0,274706.0,0.063,,434260137.0,,,,,,,,,,,,,,,,,,
OWID_SAM,,South America,2022-03-02,54316192.0,84756.0,91942.857,1258995.0,717.0,959.0,125077.545,195.173,211.723,2899.172,1.651,2.208,,,,,,,,,,,,,,,,,,,773828512.0,356171592.0,305988694.0,123662398.0,733696.0,1371225.0,178.19,82.02,70.46,28.48,3158.0,237898.0,0.055,,434260137.0,,,,,,,,,,,,,,,,,,
OWID_SAM,,South America,2022-03-03,54417706.0,101514.0,84135.714,1260075.0,1080.0,876.571,125311.309,233.763,193.745,2901.659,2.487,2.019,,,,,,,,,,,,,,,,,,,775223788.0,356340798.0,306335210.0,124543657.0,640133.0,1236437.0,178.52,82.06,70.54,28.68,2847.0,211232.0,0.049,,434260137.0,,,,,,,,,,,,,,,,,,
OWID_SAM,,South America,2022-03-04,54530121.0,112415.0,80009.143,1261233.0,1158.0,867.143,125570.174,258.866,184.242,2904.326,2.667,1.997,,,,,,,,,,,,,,,,,,,776127060.0,356506181.0,306606362.0,125060073.0,1180524.0,1119037.0,178.72,82.1,70.6,28.8,2577.0,190148.0,0.044,,434260137.0,,,,,,,,,,,,,,,,,,
OWID_SAM,,South America,2022-03-05,54622339.0,92218.0,76679.714,1262230.0,997.0,834.0,125782.531,212.357,176.576,2906.622,2.296,1.921,,,,,,,,,,,,,,,,,,,776779027.0,356597066.0,306748563.0,125480025.0,1131428.0,1136192.0,178.87,82.12,70.64,28.9,2616.0,189436.0,0.044,,434260137.0,,,,,,,,,,,,,,,,,,
KOR,Asia,South Korea,2022-03-01,3492686.0,219237.0,166214.857,8266.0,96.0,94.143,68076.668,4273.194,3239.728,161.114,1.871,1.835,1.34,727.0,14.17,,,,,12606.0,245.706,717980.0,62135661.0,1211.099,13.994,511822.0,9.976,0.3248,3.1,people tested,119232094.0,44862508.0,44372141.0,31512659.0,5367.0,119659.0,232.4,87.44,86.49,61.42,2332.0,4582.0,0.009,40.74,51305184.0,527.967,43.4,13.914,8.622,35938.374,0.2,85.998,6.8,6.2,40.9,,12.27,83.03,0.916,,,,
KOR,Asia,South Korea,2022-03-02,3691488.0,198802.0,170328.571,8394.0,128.0,100.714,71951.56,3874.891,3319.91,163.609,2.495,1.963,1.31,762.0,14.852,,,,,12350.0,240.716,387474.0,62523135.0,1218.651,7.552,487465.0,9.501,0.3494,2.9,people tested,119303531.0,44864719.0,44376480.0,31577552.0,71437.0,112865.0,232.54,87.45,86.5,61.55,2200.0,4062.0,0.008,40.74,51305184.0,527.967,43.4,13.914,8.622,35938.374,0.2,85.998,6.8,6.2,40.9,,12.27,83.03,0.916,,,,
KOR,Asia,South Korea,2022-03-03,3958326.0,266838.0,184749.857,8580.0,186.0,113.857,77152.554,5200.995,3600.998,167.235,3.625,2.219,,766.0,14.93,,,,,12161.0,237.033,575076.0,63098211.0,1229.86,11.209,498599.0,9.718,0.3705,2.7,people tested,119376139.0,44866714.0,44380734.0,31643915.0,72608.0,99702.0,232.68,87.45,86.5,61.68,1943.0,3449.0,0.007,40.74,51305184.0,527.967,43.4,13.914,8.622,35938.374,0.2,85.998,6.8,6.2,40.9,,12.27,83.03,0.916,,,,
KOR,Asia,South Korea,2022-03-04,4212652.0,254326.0,197338.429,8796.0,216.0,128.714,82109.675,4957.121,3846.364,171.445,4.21,2.509,,797.0,15.534,,,,,12109.0,236.019,,,,,,,,,,119489176.0,44870094.0,44388199.0,31746117.0,113037.0,80109.0,232.9,87.46,86.52,61.88,1561.0,2654.0,0.005,40.74,51305184.0,527.967,43.4,13.914,8.622,35938.374,0.2,85.998,6.8,6.2,40.9,,12.27,83.03,0.916,,,,
KOR,Asia,South Korea,2022-03-05,4456264.0,243612.0,208774.714,8957.0,161.0,144.714,86857.967,4748.292,4069.271,174.583,3.138,2.821,,896.0,17.464,,,,,12193.0,237.656,,,,,,,,,,,,,,,,,,,,,,,40.74,51305184.0,527.967,43.4,13.914,8.622,35938.374,0.2,85.998,6.8,6.2,40.9,,12.27,83.03,0.916,,,,
SSD,Africa,South Sudan,2022-03-01,16978.0,5.0,5.429,137.0,0.0,0.0,1491.735,0.439,0.477,12.037,0.0,0.0,0.99,,,,,,,,,,,,,679.0,0.06,0.008,125.1,tests performed,,,,,,,,,,,,,,,11381377.0,,19.2,3.441,2.032,1569.888,,280.775,10.43,,,,,57.85,0.433,,,,
SSD,Africa,South Sudan,2022-03-02,16989.0,11.0,6.143,137.0,0.0,0.0,1492.702,0.966,0.54,12.037,0.0,0.0,0.99,,,,,,,,,,,,,679.0,0.06,0.009,110.5,tests performed,,,,,,,,,,,,,,,11381377.0,,19.2,3.441,2.032,1569.888,,280.775,10.43,,,,,57.85,0.433,,,,
SSD,Africa,South Sudan,2022-03-03,16993.0,4.0,6.143,137.0,0.0,0.0,1493.053,0.351,0.54,12.037,0.0,0.0,,,,,,,,,,,,,,679.0,0.06,0.009,110.5,tests performed,,,,,,,,,,,,,,,11381377.0,,19.2,3.441,2.032,1569.888,,280.775,10.43,,,,,57.85,0.433,,,,
SSD,Africa,South Sudan,2022-03-04,16999.0,6.0,6.286,137.0,0.0,0.0,1493.58,0.527,0.552,12.037,0.0,0.0,,,,,,,,,,,342501.0,30.093,,679.0,0.06,,,tests performed,,,,,,,,,,,,,,,11381377.0,,19.2,3.441,2.032,1569.888,,280.775,10.43,,,,,57.85,0.433,,,,
SSD,Africa,South Sudan,2022-03-05,16999.0,0.0,6.286,137.0,0.0,0.0,1493.58,0.0,0.552,12.037,0.0,0.0,,,,,,,,,,,,,,,,,,,,,,,,,,,,,,,,,11381377.0,,19.2,3.441,2.032,1569.888,,280.775,10.43,,,,,57.85,0.433,,,,
ESP,Europe,Spain,2022-03-01,11036085.0,58561.0,22270.286,99883.0,473.0,178.286,236090.174,1252.77,476.419,2136.754,10.119,3.814,0.75,892.0,19.082,5218.0,111.626,299.0,6.396,3757.0,80.372,92883.0,85779178.0,1835.037,1.987,86003.0,1.84,0.164,6.1,tests performed,92679676.0,41076523.0,39062167.0,24148377.0,46518.0,48816.0,198.27,87.87,83.56,51.66,1044.0,6429.0,0.014,,46745211.0,93.105,45.5,19.436,13.799,34272.36,1.0,99.403,7.17,27.4,31.4,,2.97,83.56,0.904,,,,
ESP,Europe,Spain,2022-03-02,11054888.0,18803.0,20111.857,100037.0,154.0,157.286,236492.418,402.244,430.244,2140.048,3.294,3.365,0.75,880.0,18.825,5021.0,107.412,291.0,6.225,3653.0,78.147,,,,,,,,,,92726740.0,41079854.0,39083122.0,24184184.0,47064.0,50705.0,198.37,87.88,83.61,51.74,1085.0,6550.0,0.014,,46745211.0,93.105,45.5,19.436,13.799,34272.36,1.0,99.403,7.17,27.4,31.4,,2.97,83.56,0.904,,,,
ESP,Europe,Spain,2022-03-03,11078028.0,23140.0,18290.143,100239.0,202.0,153.857,236987.442,495.024,391.273,2144.369,4.321,3.291,,851.0,18.205,4842.0,103.583,276.0,5.904,3582.0,76.628,,,,,,,,,,92774397.0,41083791.0,39103590.0,24215926.0,47657.0,40440.0,198.47,87.89,83.65,51.8,865.0,3503.0,0.007,,46745211.0,93.105,45.5,19.436,13.799,34272.36,1.0,99.403,7.17,27.4,31.4,,2.97,83.56,0.904,,,,
ESP,Europe,Spain,2022-03-04,11100428.0,22400.0,17557.714,100413.0,174.0,143.286,237466.636,479.193,375.605,2148.092,3.722,3.065,,,,,,,,,,,,,,,,,,,,,,,,,,,,,,,,,46745211.0,93.105,45.5,19.436,13.799,34272.36,1.0,99.403,7.17,27.4,31.4,,2.97,83.56,0.904,,,,
ESP,Europe,Spain,2022-03-05,11100428.0,,,100413.0,,,237466.636,,,2148.092,,,,,,,,,,,,,,,,,,,,,,,,,,,,,,,,,,,46745211.0,93.105,45.5,19.436,13.799,34272.36,1.0,99.403,7.17,27.4,31.4,,2.97,83.56,0.904,,,,
LKA,Asia,Sri Lanka,2022-03-01,646948.0,914.0,1093.0,16244.0,22.0,27.0,30094.376,42.517,50.844,755.63,1.023,1.256,0.88,,,,,,,,,7319.0,7385672.0,343.563,0.34,9174.0,0.427,0.1191,8.4,tests performed,38293596.0,16904417.0,14180650.0,7208529.0,18316.0,104257.0,178.13,78.64,65.96,33.53,4850.0,6376.0,0.03,,21497306.0,341.955,34.1,10.069,5.331,11669.077,0.7,197.093,10.68,0.3,27.0,,3.6,76.98,0.782,,,,
LKA,Asia,Sri Lanka,2022-03-02,647699.0,751.0,1017.286,16267.0,23.0,25.857,30129.31,34.935,47.322,756.699,1.07,1.203,0.88,,,,,,,,,8328.0,7394000.0,343.95,0.387,8785.0,0.409,0.1158,8.6,tests performed,38326269.0,16911102.0,14187343.0,7227824.0,32673.0,67065.0,178.28,78.67,66.0,33.62,3120.0,6332.0,0.029,,21497306.0,341.955,34.1,10.069,5.331,11669.077,0.7,197.093,10.68,0.3,27.0,,3.6,76.98,0.782,,,,
LKA,Asia,Sri Lanka,2022-03-03,648410.0,711.0,946.286,16287.0,20.0,24.429,30162.384,33.074,44.019,757.63,0.93,1.136,,,,,,,,,,7164.0,7401164.0,344.283,0.333,8311.0,0.387,0.1139,8.8,tests performed,38353698.0,16914562.0,14190304.0,7248832.0,27429.0,52829.0,178.41,78.68,66.01,33.72,2457.0,4362.0,0.02,,21497306.0,341.955,34.1,10.069,5.331,11669.077,0.7,197.093,10.68,0.3,27.0,,3.6,76.98,0.782,,,,
LKA,Asia,Sri Lanka,2022-03-04,648993.0,583.0,845.857,16307.0,20.0,23.571,30189.504,27.12,39.347,758.56,0.93,1.096,,,,,,,,,,,,,,,,,,,38390533.0,16917770.0,14197139.0,7275624.0,36835.0,47282.0,178.58,78.7,66.04,33.84,2199.0,3921.0,0.018,,21497306.0,341.955,34.1,10.069,5.331,11669.077,0.7,197.093,10.68,0.3,27.0,,3.6,76.98,0.782,,,,
LKA,Asia,Sri Lanka,2022-03-05,649632.0,639.0,796.0,16321.0,14.0,22.143,30219.228,29.725,37.028,759.211,0.651,1.03,,,,,,,,,,,,,,,,,,,,,,,,,,,,,,,,,21497306.0,341.955,34.1,10.069,5.331,11669.077,0.7,197.093,10.68,0.3,27.0,,3.6,76.98,0.782,,,,
SDN,Africa,Sudan,2022-03-01,61488.0,30.0,33.857,3909.0,1.0,2.143,1369.158,0.668,0.754,87.042,0.022,0.048,0.45,,,,,,,,,,,,,,,,,,,,,,,,,,,,,,,,44909351.0,23.258,19.7,3.548,2.034,4466.507,,431.388,15.67,,,23.437,0.8,65.31,0.51,,,,
SDN,Africa,Sudan,2022-03-02,61512.0,24.0,23.143,3910.0,1.0,2.143,1369.692,0.534,0.515,87.064,0.022,0.048,0.45,,,,,,,,,,,,,,,,,,,,,,,,,,,,,,,,44909351.0,23.258,19.7,3.548,2.034,4466.507,,431.388,15.67,,,23.437,0.8,65.31,0.51,,,,
SDN,Africa,Sudan,2022-03-03,61554.0,42.0,25.429,3911.0,1.0,1.429,1370.628,0.935,0.566,87.087,0.022,0.032,,,,,,,,,,,,,,,,,,,,,,,,,,,,,,,,,44909351.0,23.258,19.7,3.548,2.034,4466.507,,431.388,15.67,,,23.437,0.8,65.31,0.51,,,,
SDN,Africa,Sudan,2022-03-04,61569.0,15.0,27.571,3912.0,1.0,1.571,1370.962,0.334,0.614,87.109,0.022,0.035,,,,,,,,,,,,,,,,,,,,,,,,,,,,,,,,,44909351.0,23.258,19.7,3.548,2.034,4466.507,,431.388,15.67,,,23.437,0.8,65.31,0.51,,,,
SDN,Africa,Sudan,2022-03-05,61569.0,0.0,27.571,3912.0,0.0,1.571,1370.962,0.0,0.614,87.109,0.0,0.035,,,,,,,,,,,,,,,,,,,,,,,,,,,,,,,,,44909351.0,23.258,19.7,3.548,2.034,4466.507,,431.388,15.67,,,23.437,0.8,65.31,0.51,,,,
SUR,South America,Suriname,2022-03-01,78294.0,78.0,59.143,1317.0,0.0,0.429,132298.521,131.802,99.938,2225.422,0.0,0.724,0.58,,,,,,,,,420.0,78777.0,133.115,0.71,285.0,0.482,0.191,5.2,tests performed,,,,,,,,,,,,,,50.0,591798.0,3.612,29.6,6.933,4.229,13767.119,,258.314,12.54,7.4,42.9,67.779,3.1,71.68,0.738,,,,
SUR,South America,Suriname,2022-03-02,78353.0,59.0,59.714,1317.0,0.0,0.429,132398.217,99.696,100.903,2225.422,0.0,0.724,0.58,,,,,,,,,362.0,79139.0,133.726,0.612,312.0,0.527,0.191,5.2,tests performed,,,,,,,,,,,,,,,591798.0,3.612,29.6,6.933,4.229,13767.119,,258.314,12.54,7.4,42.9,67.779,3.1,71.68,0.738,,,,
SUR,South America,Suriname,2022-03-03,78394.0,41.0,54.0,1317.0,0.0,0.286,132467.497,69.28,91.247,2225.422,0.0,0.483,,,,,,,,,,333.0,79472.0,134.289,0.563,309.0,0.522,0.175,5.7,tests performed,,,,,,,,,,,,,,,591798.0,3.612,29.6,6.933,4.229,13767.119,,258.314,12.54,7.4,42.9,67.779,3.1,71.68,0.738,,,,
SUR,South America,Suriname,2022-03-04,78454.0,60.0,54.857,1317.0,0.0,0.286,132568.883,101.386,92.696,2225.422,0.0,0.483,,,,,,,,,,,,,,,,,,,,,,,,,,,,,,,,,591798.0,3.612,29.6,6.933,4.229,13767.119,,258.314,12.54,7.4,42.9,67.779,3.1,71.68,0.738,,,,
SUR,South America,Suriname,2022-03-05,78487.0,33.0,56.429,1318.0,1.0,0.286,132624.646,55.762,95.351,2227.111,1.69,0.483,,,,,,,,,,,,,,,,,,,,,,,,,,,,,,,,,591798.0,3.612,29.6,6.933,4.229,13767.119,,258.314,12.54,7.4,42.9,67.779,3.1,71.68,0.738,,,,
SWE,Europe,Sweden,2022-03-01,2448182.0,7040.0,2402.429,17242.0,100.0,44.143,240959.024,692.903,236.456,1697.021,9.842,4.345,0.49,67.0,6.594,1319.0,129.821,,,,,,,,,,,,,,20479302.0,7805996.0,7588257.0,4946305.0,,13805.0,201.56,76.83,74.69,48.68,1359.0,1828.0,0.018,,10160159.0,24.718,41.0,19.985,13.433,46949.283,0.5,133.982,4.79,18.8,18.9,,2.22,82.8,0.945,,,,
SWE,Europe,Sweden,2022-03-02,2451464.0,3282.0,2383.0,17355.0,113.0,41.571,241282.051,323.026,234.544,1708.143,11.122,4.092,0.49,59.0,5.807,1227.0,120.766,,,,,,,,,,,,,,20496448.0,7806723.0,7590312.0,4960401.0,17146.0,14018.0,201.73,76.84,74.71,48.82,1380.0,1410.0,0.014,,10160159.0,24.718,41.0,19.985,13.433,46949.283,0.5,133.982,4.79,18.8,18.9,,2.22,82.8,0.945,,,,
SWE,Europe,Sweden,2022-03-03,2453936.0,2472.0,2298.0,17425.0,70.0,48.857,241525.354,243.303,226.178,1715.032,6.89,4.809,,50.0,4.921,1223.0,120.372,,,,,,,,,,,,,,20593147.0,7807498.0,7591681.0,4975633.0,96699.0,25597.0,202.69,76.84,74.72,48.97,2519.0,1000.0,0.01,,10160159.0,24.718,41.0,19.985,13.433,46949.283,0.5,133.982,4.79,18.8,18.9,,2.22,82.8,0.945,,,,
SWE,Europe,Sweden,2022-03-04,2455966.0,2030.0,2117.714,17512.0,87.0,52.857,241725.154,199.8,208.433,1723.595,8.563,5.202,,53.0,5.216,1211.0,119.191,,,,,,,,,,,,,,20623250.0,7808159.0,7593465.0,4989399.0,30103.0,27661.0,202.98,76.85,74.74,49.11,2722.0,573.0,0.006,,10160159.0,24.718,41.0,19.985,13.433,46949.283,0.5,133.982,4.79,18.8,18.9,,2.22,82.8,0.945,,,,
SWE,Europe,Sweden,2022-03-05,2455966.0,,,17512.0,,,241725.154,,,1723.595,,,,,,,,,,,,,,,,,,,,,,,,,,,,,,,,,,,10160159.0,24.718,41.0,19.985,13.433,46949.283,0.5,133.982,4.79,18.8,18.9,,2.22,82.8,0.945,,,,
CHE,Europe,Switzerland,2022-03-01,2818720.0,16769.0,15300.286,13110.0,9.0,,323414.829,1924.045,1755.527,1504.218,1.033,,0.96,143.0,16.408,1408.0,161.551,,,431.0,49.452,55984.0,18771909.0,2153.855,6.424,42562.0,4.883,0.427,2.3,tests performed,15568956.0,6077298.0,5985139.0,3596851.0,2399.0,3814.0,178.64,69.73,68.67,41.27,438.0,205.0,0.002,,8715494.0,214.243,43.1,18.436,12.644,57410.166,,99.739,5.59,22.6,28.9,,4.53,83.78,0.955,,,,
CHE,Europe,Switzerland,2022-03-02,2842412.0,23692.0,16053.571,13119.0,9.0,,326133.206,2718.377,1841.958,1505.25,1.033,,0.96,138.0,15.834,1406.0,161.322,,,414.0,47.502,52989.0,18824898.0,2159.935,6.08,42760.0,4.906,0.445,2.2,tests performed,15573425.0,6077646.0,5986615.0,3599352.0,4469.0,3548.0,178.69,69.73,68.69,41.3,407.0,192.0,0.002,,8715494.0,214.243,43.1,18.436,12.644,57410.166,,99.739,5.59,22.6,28.9,,4.53,83.78,0.955,,,,
CHE,Europe,Switzerland,2022-03-03,2865436.0,23024.0,16839.0,13131.0,12.0,,328774.938,2641.732,1932.076,1506.627,1.377,,,136.0,15.604,1379.0,158.224,,,,,46646.0,18871544.0,2165.287,5.352,42536.0,4.881,0.466,2.1,tests performed,15575508.0,6077733.0,5987112.0,3600757.0,2083.0,3243.0,178.71,69.73,68.7,41.31,372.0,171.0,0.002,,8715494.0,214.243,43.1,18.436,12.644,57410.166,,99.739,5.59,22.6,28.9,,4.53,83.78,0.955,,,,
CHE,Europe,Switzerland,2022-03-04,2890568.0,25132.0,17907.143,13173.0,42.0,,331658.538,2883.6,2054.633,1511.446,4.819,,,,,,,,,,,,,,,,,,,,,,,,,,,,,,,,,,8715494.0,214.243,43.1,18.436,12.644,57410.166,,99.739,5.59,22.6,28.9,,4.53,83.78,0.955,,,,
CHE,Europe,Switzerland,2022-03-05,2890568.0,,,13174.0,1.0,,331658.538,,,1511.561,0.115,,,,,,,,,,,,,,,,,,,,,,,,,,,,,,,,,,8715494.0,214.243,43.1,18.436,12.644,57410.166,,99.739,5.59,22.6,28.9,,4.53,83.78,0.955,,,,
SYR,Asia,Syria,2022-03-01,54664.0,89.0,107.429,3079.0,4.0,3.286,2991.075,4.87,5.878,168.475,0.219,0.18,0.87,,,,,,,,,,,,,,,,,,,,,,,,,,,,,,,,18275704.0,,21.7,,2.577,,,376.264,,,,70.598,1.5,72.7,0.567,,,,
SYR,Asia,Syria,2022-03-02,54744.0,80.0,100.571,3082.0,3.0,3.286,2995.452,4.377,5.503,168.639,0.164,0.18,0.87,,,,,,,,,,,,,,,,,,,,,,,,,,,,,,,,18275704.0,,21.7,,2.577,,,376.264,,,,70.598,1.5,72.7,0.567,,,,
SYR,Asia,Syria,2022-03-03,54822.0,78.0,94.571,3085.0,3.0,3.286,2999.72,4.268,5.175,168.803,0.164,0.18,,,,,,,,,,,,,,,,,,,,,,,,,,,,,,,,,18275704.0,,21.7,,2.577,,,376.264,,,,70.598,1.5,72.7,0.567,,,,
SYR,Asia,Syria,2022-03-04,54894.0,72.0,88.429,3089.0,4.0,3.429,3003.66,3.94,4.839,169.022,0.219,0.188,,,,,,,,,,,,,,,,,,,,,,,,,,,,,,,,,18275704.0,,21.7,,2.577,,,376.264,,,,70.598,1.5,72.7,0.567,,,,
SYR,Asia,Syria,2022-03-05,54963.0,69.0,83.286,3092.0,3.0,3.429,3007.435,3.776,4.557,169.186,0.164,0.188,,,,,,,,,,,,,,,,,,,,,,,,,,,,,,,,,18275704.0,,21.7,,2.577,,,376.264,,,,70.598,1.5,72.7,0.567,,,,
TWN,Asia,Taiwan,2022-03-01,20533.0,44.0,61.857,853.0,0.0,0.143,860.742,1.844,2.593,35.758,0.0,0.006,1.0,,,,,,,,,27184.0,6364189.0,266.786,1.14,19971.0,0.837,0.0031,322.9,people tested,47328210.0,19348245.0,17954500.0,10025465.0,179640.0,168886.0,198.4,81.11,75.27,42.03,7080.0,5976.0,0.025,,23855008.0,,42.2,,8.353,,,103.957,,,,,,80.46,,,,,
TWN,Asia,Taiwan,2022-03-02,20582.0,49.0,60.857,853.0,0.0,0.143,862.796,2.054,2.551,35.758,0.0,0.006,1.0,,,,,,,,,21410.0,6385599.0,267.684,0.898,20077.0,0.842,0.003,329.9,people tested,47473704.0,19354205.0,17969812.0,10149687.0,145494.0,166376.0,199.01,81.13,75.33,42.55,6974.0,5773.0,0.024,,23855008.0,,42.2,,8.353,,,103.957,,,,,,80.46,,,,,
TWN,Asia,Taiwan,2022-03-03,20653.0,71.0,59.571,853.0,0.0,0.143,865.772,2.976,2.497,35.758,0.0,0.006,,,,,,,,,,17167.0,6402766.0,268.403,0.72,19341.0,0.811,0.0031,324.7,people tested,47610594.0,19360394.0,17985375.0,10264825.0,136890.0,158879.0,199.58,81.16,75.39,43.03,6660.0,5539.0,0.023,,23855008.0,,42.2,,8.353,,,103.957,,,,,,80.46,,,,,
TWN,Asia,Taiwan,2022-03-04,20717.0,64.0,59.0,853.0,0.0,0.0,868.455,2.683,2.473,35.758,0.0,0.0,,,,,,,,,,13275.0,6416041.0,268.96,0.556,18537.0,0.777,,,people tested,47794860.0,19366499.0,18003704.0,10424657.0,184266.0,140118.0,200.36,81.18,75.47,43.7,5874.0,5138.0,0.022,,23855008.0,,42.2,,8.353,,,103.957,,,,,,80.46,,,,,
TWN,Asia,Taiwan,2022-03-05,20797.0,80.0,60.571,853.0,0.0,0.0,871.809,3.354,2.539,35.758,0.0,0.0,,,,,,,,,,,,,,,,,,,,,,,,,,,,,,,,,23855008.0,,42.2,,8.353,,,103.957,,,,,,80.46,,,,,
TJK,Asia,Tajikistan,2022-03-01,17786.0,0.0,0.0,125.0,0.0,0.0,1824.275,0.0,0.0,12.821,0.0,0.0,-0.08,,,,,,,,,,,,,,,,,,,,,,,,,,,,,,,,9749625.0,64.281,23.3,3.466,2.155,2896.913,4.8,427.698,7.11,,,72.704,4.8,71.1,0.668,,,,
TJK,Asia,Tajikistan,2022-03-02,17786.0,0.0,0.0,125.0,0.0,0.0,1824.275,0.0,0.0,12.821,0.0,0.0,-0.06,,,,,,,,,,,,,,,,,,,,,,,,,,,,,,,,9749625.0,64.281,23.3,3.466,2.155,2896.913,4.8,427.698,7.11,,,72.704,4.8,71.1,0.668,,,,
TJK,Asia,Tajikistan,2022-03-03,17786.0,0.0,0.0,125.0,0.0,0.0,1824.275,0.0,0.0,12.821,0.0,0.0,,,,,,,,,,,,,,,,,,,,,,,,,,,,,,,,,9749625.0,64.281,23.3,3.466,2.155,2896.913,4.8,427.698,7.11,,,72.704,4.8,71.1,0.668,,,,
TJK,Asia,Tajikistan,2022-03-04,17786.0,0.0,0.0,125.0,0.0,0.0,1824.275,0.0,0.0,12.821,0.0,0.0,,,,,,,,,,,,,,,,,,,,,,,,,,,,,,,,,9749625.0,64.281,23.3,3.466,2.155,2896.913,4.8,427.698,7.11,,,72.704,4.8,71.1,0.668,,,,
TJK,Asia,Tajikistan,2022-03-05,17786.0,0.0,0.0,125.0,0.0,0.0,1824.275,0.0,0.0,12.821,0.0,0.0,,,,,,,,,,,,,,,,,,,,,,,,,,,,,,,,,9749625.0,64.281,23.3,3.466,2.155,2896.913,4.8,427.698,7.11,,,72.704,4.8,71.1,0.668,,,,
TZA,Africa,Tanzania,2022-03-01,33620.0,0.0,0.0,798.0,0.0,0.0,546.681,0.0,0.0,12.976,0.0,0.0,0.47,,,,,,,,,,,,,,,,,,,,,,,,,,,,,,,,61498438.0,64.699,17.7,3.108,1.874,2683.304,49.1,217.288,5.75,3.3,26.7,47.953,0.7,65.46,0.529,,,,
TZA,Africa,Tanzania,2022-03-02,33620.0,0.0,0.0,798.0,0.0,0.0,546.681,0.0,0.0,12.976,0.0,0.0,0.46,,,,,,,,,,,,,,,,,,,,,,,,,,,,,,,,61498438.0,64.699,17.7,3.108,1.874,2683.304,49.1,217.288,5.75,3.3,26.7,47.953,0.7,65.46,0.529,,,,
TZA,Africa,Tanzania,2022-03-03,33620.0,0.0,0.0,798.0,0.0,0.0,546.681,0.0,0.0,12.976,0.0,0.0,,,,,,,,,,,,,,,,,,,,,,,,,,,,,,,,,61498438.0,64.699,17.7,3.108,1.874,2683.304,49.1,217.288,5.75,3.3,26.7,47.953,0.7,65.46,0.529,,,,
TZA,Africa,Tanzania,2022-03-04,33620.0,0.0,0.0,798.0,0.0,0.0,546.681,0.0,0.0,12.976,0.0,0.0,,,,,,,,,,,,,,,,,,,,,,,,,,,,,,,,,61498438.0,64.699,17.7,3.108,1.874,2683.304,49.1,217.288,5.75,3.3,26.7,47.953,0.7,65.46,0.529,,,,
TZA,Africa,Tanzania,2022-03-05,33620.0,0.0,0.0,798.0,0.0,0.0,546.681,0.0,0.0,12.976,0.0,0.0,,,,,,,,,,,,,,,,,,,,,,,,,,,,,,,,,61498438.0,64.699,17.7,3.108,1.874,2683.304,49.1,217.288,5.75,3.3,26.7,47.953,0.7,65.46,0.529,,,,
THA,Asia,Thailand,2022-03-01,2934544.0,42617.0,23393.0,23021.0,88.0,41.571,41951.517,609.242,334.421,329.103,1.258,0.594,1.25,,,,,,,,,,,,,,,,,,123990076.0,53662328.0,49701427.0,20626321.0,149703.0,235022.0,177.25,76.71,71.05,29.49,3360.0,56587.0,0.081,,69950844.0,135.132,40.1,11.373,6.89,16277.671,0.1,109.861,7.04,1.9,38.8,90.67,2.1,77.15,0.777,,,,
THA,Asia,Thailand,2022-03-02,2958162.0,23618.0,23401.714,23070.0,49.0,43.143,42289.154,337.637,334.545,329.803,0.7,0.617,1.24,,,,,,,,,,,,,,,,,,124160858.0,53720730.0,49719454.0,20720674.0,170782.0,217447.0,177.5,76.8,71.08,29.62,3109.0,55729.0,0.08,,69950844.0,135.132,40.1,11.373,6.89,16277.671,0.1,109.861,7.04,1.9,38.8,90.67,2.1,77.15,0.777,,,,
THA,Asia,Thailand,2022-03-03,2981996.0,23834.0,23244.857,23124.0,54.0,45.0,42629.879,340.725,332.303,330.575,0.772,0.643,,,,,,,,,,,,,,,,,,,124328054.0,53788628.0,49735847.0,20803579.0,167196.0,194045.0,177.74,76.89,71.1,29.74,2774.0,53367.0,0.076,,69950844.0,135.132,40.1,11.373,6.89,16277.671,0.1,109.861,7.04,1.9,38.8,90.67,2.1,77.15,0.777,,,,
THA,Asia,Thailand,2022-03-04,3004814.0,22818.0,22845.286,23176.0,52.0,46.714,42956.079,326.2,326.591,331.318,0.743,0.668,,,,,,,,,,,,,,,,,,,124328055.0,53788628.0,49735847.0,20803580.0,1.0,127317.0,177.74,76.89,71.1,29.74,1820.0,37500.0,0.054,,69950844.0,135.132,40.1,11.373,6.89,16277.671,0.1,109.861,7.04,1.9,38.8,90.67,2.1,77.15,0.777,,,,
THA,Asia,Thailand,2022-03-05,3026695.0,21881.0,22439.857,23235.0,59.0,49.143,43268.885,312.805,320.795,332.162,0.843,0.703,,,,,,,,,,,,,,,,,,,124328055.0,53788628.0,49735847.0,20803580.0,0.0,109360.0,177.74,76.89,71.1,29.74,1563.0,34642.0,0.05,,69950844.0,135.132,40.1,11.373,6.89,16277.671,0.1,109.861,7.04,1.9,38.8,90.67,2.1,77.15,0.777,,,,
TLS,Asia,Timor,2022-03-01,22693.0,0.0,29.714,128.0,0.0,0.429,16886.243,0.0,22.111,95.247,0.0,0.319,0.56,,,,,,,,,,,,,,,,,,,,,,,,,,,,,,,,1343875.0,87.176,18.0,3.556,1.897,6570.102,30.3,335.346,6.86,6.3,78.1,28.178,5.9,69.5,0.606,,,,
TLS,Asia,Timor,2022-03-02,22732.0,39.0,35.286,129.0,1.0,0.571,16915.264,29.021,26.257,95.991,0.744,0.425,0.57,,,,,,,,,,,,,,,,,,,,,,,,,,,,,,,,1343875.0,87.176,18.0,3.556,1.897,6570.102,30.3,335.346,6.86,6.3,78.1,28.178,5.9,69.5,0.606,,,,
TLS,Asia,Timor,2022-03-03,22736.0,4.0,21.714,129.0,0.0,0.429,16918.24,2.976,16.158,95.991,0.0,0.319,,,,,,,,,,,,,,,,,,,,,,,,,,,,,,,,,1343875.0,87.176,18.0,3.556,1.897,6570.102,30.3,335.346,6.86,6.3,78.1,28.178,5.9,69.5,0.606,,,,
TLS,Asia,Timor,2022-03-04,22741.0,5.0,22.429,129.0,0.0,0.429,16921.961,3.721,16.689,95.991,0.0,0.319,,,,,,,,,,,,,,,,,,,,,,,,,,,,,,,,,1343875.0,87.176,18.0,3.556,1.897,6570.102,30.3,335.346,6.86,6.3,78.1,28.178,5.9,69.5,0.606,,,,
TLS,Asia,Timor,2022-03-05,22741.0,0.0,13.143,129.0,0.0,0.143,16921.961,0.0,9.78,95.991,0.0,0.106,,,,,,,,,,,,,,,,,,,,,,,,,,,,,,,,,1343875.0,87.176,18.0,3.556,1.897,6570.102,30.3,335.346,6.86,6.3,78.1,28.178,5.9,69.5,0.606,,,,
TGO,Africa,Togo,2022-03-01,36806.0,8.0,7.286,272.0,0.0,0.0,4341.23,0.944,0.859,32.082,0.0,0.0,0.6,,,,,,,,,976.0,691585.0,81.572,0.115,1014.0,0.12,0.0072,139.2,tests performed,,,,,,,,,,,,,,,8478242.0,143.366,19.4,2.839,1.525,1429.813,49.2,280.033,6.15,0.9,14.2,10.475,0.7,61.04,0.515,,,,
TGO,Africa,Togo,2022-03-02,36808.0,2.0,6.286,272.0,0.0,0.0,4341.466,0.236,0.741,32.082,0.0,0.0,0.6,,,,,,,,,761.0,692346.0,81.662,0.09,984.0,0.116,0.0064,156.5,tests performed,,,,,,,,,,,,,,,8478242.0,143.366,19.4,2.839,1.525,1429.813,49.2,280.033,6.15,0.9,14.2,10.475,0.7,61.04,0.515,,,,
TGO,Africa,Togo,2022-03-03,36812.0,4.0,5.0,272.0,0.0,0.0,4341.938,0.472,0.59,32.082,0.0,0.0,,,,,,,,,,957.0,693303.0,81.774,0.113,956.0,0.113,0.0052,191.2,tests performed,,,,,,,,,,,,,,,8478242.0,143.366,19.4,2.839,1.525,1429.813,49.2,280.033,6.15,0.9,14.2,10.475,0.7,61.04,0.515,,,,
TGO,Africa,Togo,2022-03-04,36815.0,3.0,4.714,272.0,0.0,0.0,4342.292,0.354,0.556,32.082,0.0,0.0,,,,,,,,,,,,,,,,,,,,,,,,,,,,,,,,,8478242.0,143.366,19.4,2.839,1.525,1429.813,49.2,280.033,6.15,0.9,14.2,10.475,0.7,61.04,0.515,,,,
TGO,Africa,Togo,2022-03-05,36815.0,0.0,2.429,272.0,0.0,0.0,4342.292,0.0,0.286,32.082,0.0,0.0,,,,,,,,,,,,,,,,,,,,,,,,,,,,,,,,,8478242.0,143.366,19.4,2.839,1.525,1429.813,49.2,280.033,6.15,0.9,14.2,10.475,0.7,61.04,0.515,,,,
TON,Oceania,Tonga,2022-03-01,355.0,0.0,14.429,,,,3325.247,0.0,135.151,,,,,,,,,,,,,,,,,,,,,,,,,,,,,,,,,,,,106759.0,150.028,22.3,5.82,4.032,5425.621,,227.49,15.42,11.8,44.4,,2.6,70.91,0.725,,,,
TON,Oceania,Tonga,2022-03-02,355.0,0.0,9.429,,,,3325.247,0.0,88.316,,,,,,,,,,,,,,,,,,,,,,,,,,,,,,,,,,,,106759.0,150.028,22.3,5.82,4.032,5425.621,,227.49,15.42,11.8,44.4,,2.6,70.91,0.725,,,,
TON,Oceania,Tonga,2022-03-03,645.0,290.0,50.857,,,,6041.645,2716.399,476.373,,,,,,,,,,,,,,,,,,,,,,,,,,,,,,,,,,,,106759.0,150.028,22.3,5.82,4.032,5425.621,,227.49,15.42,11.8,44.4,,2.6,70.91,0.725,,,,
TON,Oceania,Tonga,2022-03-04,715.0,70.0,51.429,,,,6697.328,655.682,481.726,,,,,,,,,,,,,,,,,,,,,,,,,,,,,,,,,,,,106759.0,150.028,22.3,5.82,4.032,5425.621,,227.49,15.42,11.8,44.4,,2.6,70.91,0.725,,,,
TON,Oceania,Tonga,2022-03-05,898.0,183.0,77.571,,,,8411.469,1714.141,726.603,,,,,,,,,,,,,,,,,,,,,,,,,,,,,,,,,,,,106759.0,150.028,22.3,5.82,4.032,5425.621,,227.49,15.42,11.8,44.4,,2.6,70.91,0.725,,,,
TTO,North America,Trinidad and Tobago,2022-03-01,128145.0,378.0,522.429,3632.0,4.0,7.143,91312.081,269.351,372.266,2588.049,2.85,5.09,0.94,,,,,,,,,,,,,,,,,,1525728.0,741641.0,703141.0,136158.0,1136.0,1238.0,108.72,52.85,50.1,9.7,882.0,214.0,0.015,,1403374.0,266.886,36.2,10.014,5.819,28763.071,,228.467,10.97,,,89.443,3.0,73.51,0.796,,,,
TTO,North America,Trinidad and Tobago,2022-03-02,128691.0,546.0,497.286,3637.0,5.0,5.857,91701.143,389.062,354.35,2591.611,3.563,4.174,0.95,,,,,,,,,,,,,,,,,,1526406.0,741852.0,703345.0,136494.0,678.0,1075.0,108.77,52.86,50.12,9.73,766.0,198.0,0.014,,1403374.0,266.886,36.2,10.014,5.819,28763.071,,228.467,10.97,,,89.443,3.0,73.51,0.796,,,,
TTO,North America,Trinidad and Tobago,2022-03-03,128976.0,285.0,444.571,3642.0,5.0,5.571,91904.225,203.082,316.788,2595.174,3.563,3.97,,,,,,,,,,,,,,,,,,,1527056.0,742030.0,703563.0,136808.0,650.0,932.0,108.81,52.87,50.13,9.75,664.0,181.0,0.013,,1403374.0,266.886,36.2,10.014,5.819,28763.071,,228.467,10.97,,,89.443,3.0,73.51,0.796,,,,
TTO,North America,Trinidad and Tobago,2022-03-04,129321.0,345.0,402.714,3649.0,7.0,5.857,92150.061,245.836,286.961,2600.162,4.988,4.174,,,,,,,,,,,,,,,,,,,1527749.0,742222.0,703764.0,137166.0,693.0,821.0,108.86,52.89,50.15,9.77,585.0,175.0,0.012,,1403374.0,266.886,36.2,10.014,5.819,28763.071,,228.467,10.97,,,89.443,3.0,73.51,0.796,,,,
TTO,North America,Trinidad and Tobago,2022-03-05,129963.0,642.0,432.714,3652.0,3.0,5.0,92607.53,457.469,308.339,2602.3,2.138,3.563,,,,,,,,,,,,,,,,,,,1528473.0,742395.0,704001.0,137558.0,724.0,674.0,108.91,52.9,50.16,9.8,480.0,152.0,0.011,,1403374.0,266.886,36.2,10.014,5.819,28763.071,,228.467,10.97,,,89.443,3.0,73.51,0.796,,,,
TUN,Africa,Tunisia,2022-03-01,998230.0,0.0,1414.429,27784.0,0.0,38.857,83633.524,0.0,118.503,2327.794,0.0,3.256,0.64,,,,,,,,,,,,,5840.0,0.489,0.2422,4.1,people tested,,,,,,,,,,,,,,,11935764.0,74.228,32.7,8.001,5.075,10849.297,2.0,318.991,8.52,1.1,65.8,78.687,2.3,76.7,0.74,,,,
TUN,Africa,Tunisia,2022-03-02,999441.0,1211.0,1279.714,27824.0,40.0,33.143,83734.983,101.46,107.217,2331.145,3.351,2.777,0.64,,,,,,,,,,4362099.0,365.465,,5465.0,0.458,0.2342,4.3,people tested,,,,,,,,,,,,,,,11935764.0,74.228,32.7,8.001,5.075,10849.297,2.0,318.991,8.52,1.1,65.8,78.687,2.3,76.7,0.74,,,,
TUN,Africa,Tunisia,2022-03-03,1000518.0,1077.0,1134.857,27857.0,33.0,31.0,83825.216,90.233,95.08,2333.91,2.765,2.597,,,,,,,,,,,,,,,,,,,,,,,,,,,,,,,,,11935764.0,74.228,32.7,8.001,5.075,10849.297,2.0,318.991,8.52,1.1,65.8,78.687,2.3,76.7,0.74,,,,
TUN,Africa,Tunisia,2022-03-04,1001754.0,1236.0,1030.143,27874.0,17.0,29.429,83928.771,103.554,86.307,2335.334,1.424,2.466,,,,,,,,,,,,,,,,,,,,,,,,,,,,,,,,,11935764.0,74.228,32.7,8.001,5.075,10849.297,2.0,318.991,8.52,1.1,65.8,78.687,2.3,76.7,0.74,,,,
TUN,Africa,Tunisia,2022-03-05,1005167.0,3413.0,1350.571,27922.0,48.0,31.429,84214.718,285.947,113.153,2339.356,4.022,2.633,,,,,,,,,,,,,,,,,,,,,,,,,,,,,,,,,11935764.0,74.228,32.7,8.001,5.075,10849.297,2.0,318.991,8.52,1.1,65.8,78.687,2.3,76.7,0.74,,,,
TUR,Asia,Turkey,2022-03-01,14149341.0,59885.0,67680.0,94648.0,203.0,236.857,166379.184,704.175,795.835,1112.946,2.387,2.785,0.76,,,,,,,,,403117.0,144505596.0,1699.212,4.74,428986.0,5.044,0.1578,6.3,tests performed,145719490.0,57690044.0,52821088.0,35208358.0,87858.0,84446.0,171.35,67.84,62.11,41.4,993.0,6634.0,0.008,,85042736.0,104.914,31.6,8.153,5.061,25129.341,0.2,171.285,12.13,14.1,41.1,,2.81,77.69,0.82,,,,
TUR,Asia,Turkey,2022-03-02,14206121.0,56780.0,63420.0,94837.0,189.0,225.571,167046.848,667.664,745.743,1115.169,2.222,2.652,0.74,,,,,,,,,407536.0,144913132.0,1704.004,4.792,420908.0,4.949,0.1507,6.6,tests performed,145801884.0,57696907.0,52832010.0,35272967.0,82394.0,79713.0,171.45,67.84,62.12,41.48,937.0,6404.0,0.008,,85042736.0,104.914,31.6,8.153,5.061,25129.341,0.2,171.285,12.13,14.1,41.1,,2.81,77.69,0.82,,,,
TUR,Asia,Turkey,2022-03-03,14255545.0,49424.0,59093.714,95025.0,188.0,212.286,167628.015,581.167,694.871,1117.379,2.211,2.496,,,,,,,,,,398242.0,145311374.0,1708.686,4.683,412771.0,4.854,0.1432,7.0,tests performed,145870323.0,57702481.0,52841206.0,35326636.0,68439.0,75159.0,171.53,67.85,62.13,41.54,884.0,6106.0,0.007,,85042736.0,104.914,31.6,8.153,5.061,25129.341,0.2,171.285,12.13,14.1,41.1,,2.81,77.69,0.82,,,,
TUR,Asia,Turkey,2022-03-04,14293828.0,38283.0,54314.714,95205.0,180.0,200.0,168078.177,450.162,638.676,1119.496,2.117,2.352,,,,,,,,,,365614.0,145676988.0,1712.986,4.299,400152.0,4.705,,,tests performed,145943346.0,57708290.0,52851442.0,35383614.0,73023.0,69878.0,171.61,67.86,62.15,41.61,822.0,5711.0,0.007,,85042736.0,104.914,31.6,8.153,5.061,25129.341,0.2,171.285,12.13,14.1,41.1,,2.81,77.69,0.82,,,,
TUR,Asia,Turkey,2022-03-05,14326217.0,32389.0,50118.286,95379.0,174.0,193.286,168459.032,380.856,589.331,1121.542,2.046,2.273,,,,,,,,,,,,,,,,,,,145972393.0,57710714.0,52855894.0,35405785.0,29047.0,67014.0,171.65,67.86,62.15,41.63,788.0,5482.0,0.006,,85042736.0,104.914,31.6,8.153,5.061,25129.341,0.2,171.285,12.13,14.1,41.1,,2.81,77.69,0.82,,,,
TCA,North America,Turks and Caicos Islands,2022-03-01,5867.0,0.0,3.0,36.0,0.0,0.0,149569.163,0.0,76.48,917.759,0.0,0.0,,,,,,,,,,,,,,,,,,,,,,,,,,,,,,,,,39226.0,37.312,,,,,,,,,,,,80.22,,,,,
TCA,North America,Turks and Caicos Islands,2022-03-02,5867.0,0.0,1.714,36.0,0.0,0.0,149569.163,0.0,43.703,917.759,0.0,0.0,,,,,,,,,,,,,,,,,,,,,,,,,,,,,,,,,39226.0,37.312,,,,,,,,,,,,80.22,,,,,
TCA,North America,Turks and Caicos Islands,2022-03-03,5867.0,0.0,1.714,36.0,0.0,0.0,149569.163,0.0,43.703,917.759,0.0,0.0,,,,,,,,,,,,,,,,,,,,,,,,,,,,,,,,,39226.0,37.312,,,,,,,,,,,,80.22,,,,,
TCA,North America,Turks and Caicos Islands,2022-03-04,5867.0,0.0,1.0,36.0,0.0,0.0,149569.163,0.0,25.493,917.759,0.0,0.0,,,,,,,,,,,,,,,,,,,,,,,,,,,,,,,,,39226.0,37.312,,,,,,,,,,,,80.22,,,,,
TCA,North America,Turks and Caicos Islands,2022-03-05,5867.0,0.0,1.0,36.0,0.0,0.0,149569.163,0.0,25.493,917.759,0.0,0.0,,,,,,,,,,,,,,,,,,,,,,,,,,,,,,,,,39226.0,37.312,,,,,,,,,,,,80.22,,,,,
UGA,Africa,Uganda,2022-03-01,163342.0,35.0,29.143,3588.0,0.0,0.429,3466.251,0.743,0.618,76.14,0.0,0.009,0.64,,,,,,,,,,,,,3266.0,0.069,0.0089,112.1,tests performed,,,,,,,,,,,,,,,47123533.0,213.759,16.4,2.168,1.308,1697.707,41.6,213.333,2.5,3.4,16.7,21.222,0.5,63.37,0.544,,,,
UGA,Africa,Uganda,2022-03-02,163342.0,0.0,27.143,3588.0,0.0,0.429,3466.251,0.0,0.576,76.14,0.0,0.009,0.62,,,,,,,,,,2465948.0,52.329,,3243.0,0.069,0.0084,119.5,tests performed,,,,,,,,,,,,,,,47123533.0,213.759,16.4,2.168,1.308,1697.707,41.6,213.333,2.5,3.4,16.7,21.222,0.5,63.37,0.544,,,,
UGA,Africa,Uganda,2022-03-03,163383.0,41.0,29.143,3588.0,0.0,0.429,3467.121,0.87,0.618,76.14,0.0,0.009,,,,,,,,,,,,,,3038.0,0.064,0.0096,104.2,tests performed,,,,,,,,,,,,,,,47123533.0,213.759,16.4,2.168,1.308,1697.707,41.6,213.333,2.5,3.4,16.7,21.222,0.5,63.37,0.544,,,,
UGA,Africa,Uganda,2022-03-04,163383.0,0.0,21.714,3590.0,2.0,0.714,3467.121,0.0,0.461,76.183,0.042,0.015,,,,,,,,,,,2468798.0,52.39,,2780.0,0.059,,,tests performed,,,,,,,,,,,,,,,47123533.0,213.759,16.4,2.168,1.308,1697.707,41.6,213.333,2.5,3.4,16.7,21.222,0.5,63.37,0.544,,,,
UGA,Africa,Uganda,2022-03-05,163383.0,0.0,21.714,3590.0,0.0,0.714,3467.121,0.0,0.461,76.183,0.0,0.015,,,,,,,,,,,,,,,,,,,,,,,,,,,,,,,,,47123533.0,213.759,16.4,2.168,1.308,1697.707,41.6,213.333,2.5,3.4,16.7,21.222,0.5,63.37,0.544,,,,
UKR,Europe,Ukraine,2022-03-01,5040518.0,0.0,7765.286,112459.0,0.0,85.286,115962.423,0.0,178.649,2587.238,0.0,1.962,0.1,,,,,,,,,,,,,,,,,,,,,,,,,,,,,,,,43466822.0,77.39,41.4,16.462,11.133,7894.393,0.1,539.849,7.11,13.5,47.4,,8.8,72.06,0.779,,,,
UKR,Europe,Ukraine,2022-03-02,5040518.0,0.0,3934.0,112459.0,0.0,40.857,115962.423,0.0,90.506,2587.238,0.0,0.94,0.06,,,,,,,,,,,,,,,,,,,,,,,,,,,,,,,,43466822.0,77.39,41.4,16.462,11.133,7894.393,0.1,539.849,7.11,13.5,47.4,,8.8,72.06,0.779,,,,
UKR,Europe,Ukraine,2022-03-03,5040518.0,0.0,0.0,112459.0,0.0,0.0,115962.423,0.0,0.0,2587.238,0.0,0.0,,,,,,,,,,,,,,,,,,,,,,,,,,,,,,,,,43466822.0,77.39,41.4,16.462,11.133,7894.393,0.1,539.849,7.11,13.5,47.4,,8.8,72.06,0.779,,,,
UKR,Europe,Ukraine,2022-03-04,5040518.0,0.0,0.0,112459.0,0.0,0.0,115962.423,0.0,0.0,2587.238,0.0,0.0,,,,,,,,,,,,,,,,,,,,,,,,,,,,,,,,,43466822.0,77.39,41.4,16.462,11.133,7894.393,0.1,539.849,7.11,13.5,47.4,,8.8,72.06,0.779,,,,
UKR,Europe,Ukraine,2022-03-05,5040518.0,0.0,0.0,112459.0,0.0,0.0,115962.423,0.0,0.0,2587.238,0.0,0.0,,,,,,,,,,,,,,,,,,,,,,,,,,,,,,,,,43466822.0,77.39,41.4,16.462,11.133,7894.393,0.1,539.849,7.11,13.5,47.4,,8.8,72.06,0.779,,,,
ARE,Asia,United Arab Emirates,2022-03-01,880451.0,478.0,652.429,2301.0,0.0,0.571,88123.68,47.843,65.301,230.305,0.0,0.057,0.69,,,,,,,,,420289.0,138136824.0,13826.011,42.066,443610.0,44.401,0.0015,679.9,tests performed,24144931.0,,9485085.0,,25870.0,17674.0,241.66,,94.94,,1769.0,10.0,0.0,,9991083.0,112.442,34.0,1.144,0.526,67293.483,,317.84,17.26,1.2,37.4,,1.2,77.97,0.89,,,,
ARE,Asia,United Arab Emirates,2022-03-02,880970.0,519.0,620.857,2301.0,0.0,0.429,88175.626,51.946,62.141,230.305,0.0,0.043,0.69,,,,,,,,,430493.0,138567317.0,13869.099,43.088,439120.0,43.951,0.0014,707.3,tests performed,24163618.0,,,4768237.0,18687.0,17554.0,241.85,,,47.72,1757.0,10.0,0.0,,9991083.0,112.442,34.0,1.144,0.526,67293.483,,317.84,17.26,1.2,37.4,,1.2,77.97,0.89,,,,
ARE,Asia,United Arab Emirates,2022-03-03,881472.0,502.0,580.857,2301.0,0.0,0.286,88225.871,50.245,58.138,230.305,0.0,0.029,,,,,,,,,,386656.0,138953973.0,13907.799,38.7,426594.0,42.697,0.0014,734.4,tests performed,,,,,,15687.0,,,,,1570.0,10.0,0.0,,9991083.0,112.442,34.0,1.144,0.526,67293.483,,317.84,17.26,1.2,37.4,,1.2,77.97,0.89,,,,
ARE,Asia,United Arab Emirates,2022-03-04,881919.0,447.0,545.286,2301.0,0.0,0.143,88270.611,44.74,54.577,230.305,0.0,0.014,,,,,,,,,,370472.0,139324445.0,13944.879,37.08,418038.0,41.841,,,tests performed,24180184.0,,9504727.0,4785002.0,,14316.0,242.02,,95.13,47.89,1433.0,10.0,0.0,,9991083.0,112.442,34.0,1.144,0.526,67293.483,,317.84,17.26,1.2,37.4,,1.2,77.97,0.89,,,,
ARE,Asia,United Arab Emirates,2022-03-05,882477.0,558.0,533.0,2301.0,0.0,0.0,88326.461,55.85,53.348,230.305,0.0,0.0,,,,,,,,,,,,,,,,,,,24200694.0,9890349.0,9514515.0,4795830.0,20510.0,15749.0,242.22,98.99,95.23,48.0,1576.0,10.0,0.0,,9991083.0,112.442,34.0,1.144,0.526,67293.483,,317.84,17.26,1.2,37.4,,1.2,77.97,0.89,,,,
GBR,Europe,United Kingdom,2022-03-01,19036570.0,99485.0,41712.714,161773.0,269.0,116.857,279099.479,1458.572,611.56,2371.791,3.944,1.713,1.05,278.0,4.076,10776.0,157.989,,,,,673040.0,465243695.0,6821.044,9.868,653726.0,9.584,0.0638,15.7,tests performed,139927804.0,52640258.0,49029528.0,38258018.0,43493.0,48021.0,205.15,77.18,71.88,56.09,704.0,7281.0,0.011,,68207114.0,272.898,40.8,18.517,12.527,39753.244,0.2,122.137,4.28,20.0,24.7,,2.54,81.32,0.932,,,,
GBR,Europe,United Kingdom,2022-03-02,19081606.0,45036.0,42455.286,161848.0,75.0,104.0,279759.762,660.283,622.447,2372.89,1.1,1.525,1.06,279.0,4.09,10686.0,156.67,,,,,719829.0,465963524.0,6831.597,10.554,645827.0,9.469,0.0657,15.2,tests performed,139973288.0,52647706.0,49043938.0,38281644.0,45484.0,46416.0,205.22,77.19,71.9,56.13,681.0,7061.0,0.01,,68207114.0,272.898,40.8,18.517,12.527,39753.244,0.2,122.137,4.28,20.0,24.7,,2.54,81.32,0.932,,,,
GBR,Europe,United Kingdom,2022-03-03,19127289.0,45683.0,43457.429,162042.0,194.0,113.714,280429.531,669.769,637.139,2375.735,2.844,1.667,,264.0,3.871,10510.0,154.089,,,,,776169.0,466739693.0,6842.977,11.38,647474.0,9.493,0.0671,14.9,tests performed,140027447.0,52654053.0,49061567.0,38311827.0,54159.0,47014.0,205.3,77.2,71.93,56.17,689.0,6831.0,0.01,,68207114.0,272.898,40.8,18.517,12.527,39753.244,0.2,122.137,4.28,20.0,24.7,,2.54,81.32,0.932,,,,
GBR,Europe,United Kingdom,2022-03-04,19172095.0,44806.0,45303.286,162152.0,110.0,112.143,281086.442,656.911,664.202,2377.347,1.613,1.644,,,,,,,,,,,,,,,,,,,,,,,,,,,,,,,,,68207114.0,272.898,40.8,18.517,12.527,39753.244,0.2,122.137,4.28,20.0,24.7,,2.54,81.32,0.932,,,,
GBR,Europe,United Kingdom,2022-03-05,19172095.0,,,162152.0,,,281086.442,,,2377.347,,,,,,,,,,,,,,,,,,,,,,,,,,,,,,,,,,,68207114.0,272.898,40.8,18.517,12.527,39753.244,0.2,122.137,4.28,20.0,24.7,,2.54,81.32,0.932,,,,
USA,North America,United States,2022-03-01,79091361.0,47031.0,62331.429,952423.0,1691.0,1830.0,237572.183,141.27,187.229,2860.859,5.079,5.497,0.59,7314.0,21.97,36214.0,108.778,,,32132.0,96.517,,,,,,,,,,554475530.0,253899142.0,215166280.0,94753028.0,241635.0,264689.0,167.01,76.47,64.81,28.54,797.0,69472.0,0.021,,332915074.0,35.608,38.3,15.413,9.732,54225.446,1.2,151.089,10.79,19.1,24.6,,2.77,78.86,0.926,,,,
USA,North America,United States,2022-03-02,79143716.0,52355.0,57824.857,954518.0,2095.0,1725.0,237729.446,157.262,173.693,2867.152,6.293,5.182,0.59,6993.0,21.005,34699.0,104.228,,,30821.0,92.579,,,,,,,,,,554692730.0,253956787.0,215226511.0,94847407.0,217200.0,250409.0,167.07,76.49,64.83,28.57,754.0,65798.0,0.02,,332915074.0,35.608,38.3,15.413,9.732,54225.446,1.2,151.089,10.79,19.1,24.6,,2.77,78.86,0.926,,,,
USA,North America,United States,2022-03-03,79196008.0,52292.0,55673.857,956261.0,1743.0,1553.714,237886.519,157.073,167.231,2872.387,5.236,4.667,,7015.0,21.071,34108.0,102.453,,,29613.0,88.951,,,,,,,,,,554842009.0,253995527.0,215266826.0,94914378.0,149279.0,228576.0,167.12,76.5,64.84,28.59,688.0,60181.0,0.018,,332915074.0,35.608,38.3,15.413,9.732,54225.446,1.2,151.089,10.79,19.1,24.6,,2.77,78.86,0.926,,,,
USA,North America,United States,2022-03-04,79250509.0,54501.0,52764.286,958144.0,1883.0,1497.857,238050.227,163.708,158.492,2878.043,5.656,4.499,,6203.0,18.632,30560.0,91.795,,,28778.0,86.442,,,,,,,,,,554868239.0,254002347.0,215274110.0,94925621.0,26230.0,180572.0,167.12,76.5,64.84,28.59,544.0,48110.0,0.014,,332915074.0,35.608,38.3,15.413,9.732,54225.446,1.2,151.089,10.79,19.1,24.6,,2.77,78.86,0.926,,,,
USA,North America,United States,2022-03-05,79265726.0,15217.0,47989.857,958437.0,293.0,1425.714,238095.936,45.708,144.15,2878.923,0.88,4.283,,,,,,,,,,,,,,,,,,,554868239.0,254002347.0,215274110.0,94925621.0,0.0,148251.0,167.12,76.5,64.84,28.59,447.0,39094.0,0.012,,332915074.0,35.608,38.3,15.413,9.732,54225.446,1.2,151.089,10.79,19.1,24.6,,2.77,78.86,0.926,,,,
OWID_UMC,,Upper middle income,2022-03-01,118803663.0,310712.0,380225.857,2438871.0,2521.0,2960.286,47262.978,123.609,151.263,970.242,1.003,1.178,,,,,,,,,,,,,,,,,,,4774258714.0,2022911379.0,1900062176.0,766903157.0,8953379.0,8468544.0,189.93,80.48,75.59,30.51,3369.0,740976.0,0.029,,2513672790.0,,,,,,,,,,,,,,,,,,
OWID_UMC,,Upper middle income,2022-03-02,119086568.0,282905.0,344100.857,2441038.0,2167.0,2654.429,47375.525,112.546,136.892,971.104,0.862,1.056,,,,,,,,,,,,,,,,,,,4781375462.0,2023139408.0,1900300340.0,767418001.0,9233553.0,8278125.0,190.21,80.49,75.6,30.53,3293.0,699645.0,0.028,,2513672790.0,,,,,,,,,,,,,,,,,,
OWID_UMC,,Upper middle income,2022-03-03,119400821.0,314253.0,322055.857,2443647.0,2609.0,2532.857,47500.542,125.017,128.122,972.142,1.038,1.008,,,,,,,,,,,,,,,,,,,4789052312.0,2023459466.0,1901094340.0,769073573.0,8837319.0,7893426.0,190.52,80.5,75.63,30.6,3140.0,666533.0,0.027,,2513672790.0,,,,,,,,,,,,,,,,,,
OWID_UMC,,Upper middle income,2022-03-04,119707484.0,306663.0,304630.571,2446573.0,2926.0,2485.714,47622.54,121.998,121.189,973.306,1.164,0.989,,,,,,,,,,,,,,,,,,,4796021466.0,2024138940.0,1901531943.0,769889495.0,7494792.0,7533082.0,190.8,80.53,75.65,30.63,2997.0,626465.0,0.025,,2513672790.0,,,,,,,,,,,,,,,,,,
OWID_UMC,,Upper middle income,2022-03-05,119982863.0,275379.0,291147.429,2449065.0,2492.0,2430.429,47732.093,109.552,115.826,974.297,0.991,0.967,,,,,,,,,,,,,,,,,,,4801518134.0,2024324618.0,1901749847.0,770503908.0,6655261.0,7475389.0,191.02,80.53,75.66,30.65,2974.0,622974.0,0.025,,2513672790.0,,,,,,,,,,,,,,,,,,
URY,South America,Uruguay,2022-03-01,844400.0,1938.0,2945.143,6991.0,6.0,12.286,242284.985,556.073,845.054,2005.938,1.722,3.525,0.58,,,,,,,,,7632.0,5708898.0,1638.063,2.19,10279.0,2.949,0.2865,3.5,people tested,,,,,,,,,,,,,,,3485152.0,19.751,35.6,14.655,10.361,20551.409,0.1,160.708,6.93,14.0,19.9,,2.8,77.91,0.817,,,,
URY,South America,Uruguay,2022-03-02,846868.0,2468.0,2722.0,7005.0,14.0,12.286,242993.132,708.147,781.028,2009.955,4.017,3.525,0.57,,,,,,,,,10036.0,5718934.0,1640.942,2.88,9695.0,2.782,0.2808,3.6,people tested,,,,,,,,,,,,,,,3485152.0,19.751,35.6,14.655,10.361,20551.409,0.1,160.708,6.93,14.0,19.9,,2.8,77.91,0.817,,,,
URY,South America,Uruguay,2022-03-03,849050.0,2182.0,2442.857,7014.0,9.0,11.714,243619.217,626.085,700.933,2012.538,2.582,3.361,,,,,,,,,,10008.0,5728942.0,1643.814,2.872,9168.0,2.631,0.2665,3.8,people tested,,,,,,,,,,,,,,,3485152.0,19.751,35.6,14.655,10.361,20551.409,0.1,160.708,6.93,14.0,19.9,,2.8,77.91,0.817,,,,
URY,South America,Uruguay,2022-03-04,851241.0,2191.0,2270.714,7031.0,17.0,11.714,244247.884,628.667,651.54,2017.416,4.878,3.361,,,,,,,,,,,,,,,,,,,,,,,,,,,,,,,,,3485152.0,19.751,35.6,14.655,10.361,20551.409,0.1,160.708,6.93,14.0,19.9,,2.8,77.91,0.817,,,,
URY,South America,Uruguay,2022-03-05,853170.0,1929.0,2118.429,7040.0,9.0,11.286,244801.375,553.491,607.844,2019.998,2.582,3.238,,,,,,,,,,,,,,,,,,,,,,,,,,,,,,,,,3485152.0,19.751,35.6,14.655,10.361,20551.409,0.1,160.708,6.93,14.0,19.9,,2.8,77.91,0.817,,,,
UZB,Asia,Uzbekistan,2022-03-01,236501.0,96.0,128.429,1636.0,1.0,1.857,6969.078,2.829,3.784,48.209,0.029,0.055,0.47,,,,,,,,,,,,,,,,,,,,,,,,,,,,,,,45.37,33935765.0,76.134,28.2,4.469,2.873,6253.104,,724.417,7.57,1.3,24.7,,4.0,71.72,0.72,,,,
UZB,Asia,Uzbekistan,2022-03-02,236596.0,95.0,122.286,1637.0,1.0,1.857,6971.878,2.799,3.603,48.238,0.029,0.055,0.47,,,,,,,,,,,,,,,,,,,,,,,,,,,,,,,,33935765.0,76.134,28.2,4.469,2.873,6253.104,,724.417,7.57,1.3,24.7,,4.0,71.72,0.72,,,,
UZB,Asia,Uzbekistan,2022-03-03,236687.0,91.0,115.286,1637.0,0.0,1.571,6974.559,2.682,3.397,48.238,0.0,0.046,,,,,,,,,,,,,,,,,,,,,,,,,,,,,,,,,33935765.0,76.134,28.2,4.469,2.873,6253.104,,724.417,7.57,1.3,24.7,,4.0,71.72,0.72,,,,
UZB,Asia,Uzbekistan,2022-03-04,236771.0,84.0,105.0,1637.0,0.0,1.286,6977.034,2.475,3.094,48.238,0.0,0.038,,,,,,,,,,,,,,,,,,,,,,,,,,,,,,,,,33935765.0,76.134,28.2,4.469,2.873,6253.104,,724.417,7.57,1.3,24.7,,4.0,71.72,0.72,,,,
UZB,Asia,Uzbekistan,2022-03-05,236840.0,69.0,95.143,1637.0,0.0,1.0,6979.068,2.033,2.804,48.238,0.0,0.029,,,,,,,,,,,,,,,,,,,,,,,,,,,,,,,,,33935765.0,76.134,28.2,4.469,2.873,6253.104,,724.417,7.57,1.3,24.7,,4.0,71.72,0.72,,,,
VUT,Oceania,Vanuatu,2022-03-01,19.0,0.0,0.571,1.0,0.0,0.0,60.42,0.0,1.817,3.18,0.0,0.0,,,,,,,,,,,,,,,,,,,,,,,,,,,,,,,,,314464.0,22.662,23.1,4.394,2.62,2921.909,13.2,546.3,12.02,2.8,34.5,25.209,,70.47,0.609,,,,
VUT,Oceania,Vanuatu,2022-03-02,19.0,0.0,0.571,1.0,0.0,0.0,60.42,0.0,1.817,3.18,0.0,0.0,,,,,,,,,,,,,,,,,,,,,,,,,,,,,,,,,314464.0,22.662,23.1,4.394,2.62,2921.909,13.2,546.3,12.02,2.8,34.5,25.209,,70.47,0.609,,,,
VUT,Oceania,Vanuatu,2022-03-03,19.0,0.0,0.143,1.0,0.0,0.0,60.42,0.0,0.454,3.18,0.0,0.0,,,,,,,,,,,,,,,,,,,,,,,,,,,,,,,,,314464.0,22.662,23.1,4.394,2.62,2921.909,13.2,546.3,12.02,2.8,34.5,25.209,,70.47,0.609,,,,
VUT,Oceania,Vanuatu,2022-03-04,18.0,,,1.0,0.0,0.0,57.24,,,3.18,0.0,0.0,,,,,,,,,,,,,,,,,,,,,,,,,,,,,,,,,314464.0,22.662,23.1,4.394,2.62,2921.909,13.2,546.3,12.02,2.8,34.5,25.209,,70.47,0.609,,,,
VUT,Oceania,Vanuatu,2022-03-05,18.0,0.0,,1.0,0.0,0.0,57.24,0.0,,3.18,0.0,0.0,,,,,,,,,,,,,,,,,,,,,,,,,,,,,,,,,314464.0,22.662,23.1,4.394,2.62,2921.909,13.2,546.3,12.02,2.8,34.5,25.209,,70.47,0.609,,,,
VAT,Europe,Vatican,2022-03-01,29.0,0.0,0.0,,,,35714.286,0.0,0.0,,,,,,,,,,,,,,,,,,,,,,,,,,,,,,,,,,,,812.0,,,,,,,,,,,,,75.12,,,,,
VAT,Europe,Vatican,2022-03-02,29.0,0.0,0.0,,,,35714.286,0.0,0.0,,,,,,,,,,,,,,,,,,,,,,,,,,,,,,,,,,,,812.0,,,,,,,,,,,,,75.12,,,,,
VAT,Europe,Vatican,2022-03-03,29.0,0.0,0.0,,,,35714.286,0.0,0.0,,,,,,,,,,,,,,,,,,,,,,,,,,,,,,,,,,,,812.0,,,,,,,,,,,,,75.12,,,,,
VAT,Europe,Vatican,2022-03-04,29.0,0.0,0.0,,,,35714.286,0.0,0.0,,,,,,,,,,,,,,,,,,,,,,,,,,,,,,,,,,,,812.0,,,,,,,,,,,,,75.12,,,,,
VAT,Europe,Vatican,2022-03-05,29.0,0.0,0.0,,,,35714.286,0.0,0.0,,,,,,,,,,,,,,,,,,,,,,,,,,,,,,,,,,,,812.0,,,,,,,,,,,,,75.12,,,,,
VEN,South America,Venezuela,2022-03-01,515124.0,0.0,478.857,5636.0,0.0,2.857,17945.478,0.0,16.682,196.342,0.0,0.1,0.67,,,,,,,,,,,,,,,,,,,,,,,,,,,,,,,,28704947.0,36.253,29.0,6.614,3.915,16745.022,,204.85,6.47,,,,0.8,72.06,0.711,,,,
VEN,South America,Venezuela,2022-03-02,515582.0,458.0,431.714,5639.0,3.0,2.143,17961.434,15.955,15.04,196.447,0.105,0.075,0.67,,,,,,,,,,,,,,,,,,,,,,,,,,,,,,,,28704947.0,36.253,29.0,6.614,3.915,16745.022,,204.85,6.47,,,,0.8,72.06,0.711,,,,
VEN,South America,Venezuela,2022-03-03,515943.0,361.0,428.0,5643.0,4.0,2.571,17974.01,12.576,14.91,196.586,0.139,0.09,,,,,,,,,,,,,,,,,,,,,,,,,,,,,,,,,28704947.0,36.253,29.0,6.614,3.915,16745.022,,204.85,6.47,,,,0.8,72.06,0.711,,,,
VEN,South America,Venezuela,2022-03-04,516236.0,293.0,401.286,5645.0,2.0,2.429,17984.217,10.207,13.98,196.656,0.07,0.085,,,,,,,,,,,,,,,,,,,,,,,,,,,,,,,,,28704947.0,36.253,29.0,6.614,3.915,16745.022,,204.85,6.47,,,,0.8,72.06,0.711,,,,
VEN,South America,Venezuela,2022-03-05,516578.0,342.0,323.286,5647.0,2.0,2.286,17996.131,11.914,11.262,196.726,0.07,0.08,,,,,,,,,,,,,,,,,,,,,,,,,,,,,,,,,28704947.0,36.253,29.0,6.614,3.915,16745.022,,204.85,6.47,,,,0.8,72.06,0.711,,,,
VNM,Asia,Vietnam,2022-03-01,3557629.0,114144.0,95301.0,40338.0,,,36239.905,1162.732,970.787,410.904,,,1.64,,,,,,,,,110214.0,79309194.0,807.886,1.123,103177.0,1.051,0.9237,1.1,people tested,195308572.0,79381128.0,77071397.0,38856047.0,338070.0,415014.0,198.95,80.86,78.51,39.58,4228.0,10048.0,0.01,,98168829.0,308.127,32.6,7.15,4.718,6171.884,2.0,245.465,6.0,1.0,45.9,85.847,2.6,75.4,0.704,,,,
VNM,Asia,Vietnam,2022-03-02,3709481.0,151852.0,105300.429,40452.0,114.0,,37786.75,1546.845,1072.646,412.066,1.161,,1.65,,,,,,,,,201554.0,79510748.0,809.939,2.053,120845.0,1.231,0.8714,1.1,people tested,195672969.0,79416167.0,77095637.0,39161165.0,364397.0,427949.0,199.32,80.9,78.53,39.89,4359.0,13552.0,0.014,,98168829.0,308.127,32.6,7.15,4.718,6171.884,2.0,245.465,6.0,1.0,45.9,85.847,2.6,75.4,0.704,,,,
VNM,Asia,Vietnam,2022-03-03,3885631.0,176150.0,120589.286,40547.0,95.0,,39581.108,1794.358,1228.387,413.033,0.968,,,,,,,,,,,,,,,133276.0,1.358,0.9048,1.1,people tested,,,,,,,,,,,,,,,98168829.0,308.127,32.6,7.15,4.718,6171.884,2.0,245.465,6.0,1.0,45.9,85.847,2.6,75.4,0.704,,,,
VNM,Asia,Vietnam,2022-03-04,4059262.0,173631.0,134137.286,40644.0,97.0,,41349.806,1768.698,1366.394,414.021,0.988,,,,,,,,,,,,79863303.0,813.53,,145036.0,1.477,,,people tested,,,,,,,,,,,,,,,98168829.0,308.127,32.6,7.15,4.718,6171.884,2.0,245.465,6.0,1.0,45.9,85.847,2.6,75.4,0.704,,,,
VNM,Asia,Vietnam,2022-03-05,4232520.0,173258.0,144763.286,40726.0,82.0,,43114.704,1764.898,1474.636,414.857,0.835,,,,,,,,,,,,,,,,,,,,,,,,,,,,,,,,,,98168829.0,308.127,32.6,7.15,4.718,6171.884,2.0,245.465,6.0,1.0,45.9,85.847,2.6,75.4,0.704,,,,
WLF,Oceania,Wallis and Futuna,2022-03-01,454.0,0.0,0.0,7.0,0.0,0.0,40923.021,0.0,0.0,630.972,0.0,0.0,,,,,,,,,,,,,,,,,,,,,,,,,,,,,,,,,11094.0,,,,,,,,,,,,,79.94,,,,,
WLF,Oceania,Wallis and Futuna,2022-03-02,454.0,0.0,0.0,7.0,0.0,0.0,40923.021,0.0,0.0,630.972,0.0,0.0,,,,,,,,,,,,,,,,,,,,,,,,,,,,,,,,,11094.0,,,,,,,,,,,,,79.94,,,,,
WLF,Oceania,Wallis and Futuna,2022-03-03,454.0,0.0,0.0,7.0,0.0,0.0,40923.021,0.0,0.0,630.972,0.0,0.0,,,,,,,,,,,,,,,,,,,,,,,,,,,,,,,,,11094.0,,,,,,,,,,,,,79.94,,,,,
WLF,Oceania,Wallis and Futuna,2022-03-04,454.0,0.0,0.0,7.0,0.0,0.0,40923.021,0.0,0.0,630.972,0.0,0.0,,,,,,,,,,,,,,,,,,,,,,,,,,,,,,,,,11094.0,,,,,,,,,,,,,79.94,,,,,
WLF,Oceania,Wallis and Futuna,2022-03-05,454.0,0.0,0.0,7.0,0.0,0.0,40923.021,0.0,0.0,630.972,0.0,0.0,,,,,,,,,,,,,,,,,,,,,,,,,,,,,,,,,11094.0,,,,,,,,,,,,,79.94,,,,,
OWID_WRL,,World,2022-03-01,438528632.0,1536867.0,1517307.571,5964706.0,8069.0,8308.286,55686.418,195.159,192.675,757.426,1.025,1.055,0.84,,,,,,,,,,,,,,,,,,10724976459.0,4971171398.0,4385303379.0,1399460230.0,23660444.0,23581165.0,136.19,63.13,55.69,17.77,2994.0,6641629.0,0.084,,7874965730.0,58.045,30.9,8.696,5.355,15469.207,10.0,233.07,8.51,6.434,34.635,60.13,2.705,72.58,0.737,,,,
OWID_WRL,,World,2022-03-02,440180084.0,1651452.0,1476155.0,5972651.0,7945.0,7771.0,55896.127,209.709,187.449,758.435,1.009,0.987,0.84,,,,,,,,,,,,,,,,,,10738547256.0,4972139415.0,4387582839.0,1403673728.0,23839828.0,23144377.0,136.36,63.14,55.72,17.82,2939.0,6481302.0,0.082,,7874965730.0,58.045,30.9,8.696,5.355,15469.207,10.0,233.07,8.51,6.434,34.635,60.13,2.705,72.58,0.737,,,,
OWID_WRL,,World,2022-03-03,442067549.0,1887465.0,1495014.857,5981034.0,8384.0,7435.143,56135.806,239.679,189.844,759.5,1.065,0.944,,,,,,,,,,,,,,,,,,,10751815250.0,4973141082.0,4393034333.0,1407291623.0,24742944.0,22636456.0,136.53,63.15,55.78,17.87,2874.0,6381560.0,0.081,,7874965730.0,58.045,30.9,8.696,5.355,15469.207,10.0,233.07,8.51,6.434,34.635,60.13,2.705,72.58,0.737,,,,
OWID_WRL,,World,2022-03-04,443767689.0,1704138.0,1511060.286,5989802.0,8771.0,7391.0,56351.698,216.399,191.882,760.613,1.114,0.939,,,,,,,,,,,,,,,,,,,10762465856.0,4974733845.0,4396313796.0,1409710655.0,22747371.0,21985471.0,136.67,63.17,55.83,17.9,2792.0,6311969.0,0.08,,7874965730.0,58.045,30.9,8.696,5.355,15469.207,10.0,233.07,8.51,6.434,34.635,60.13,2.705,72.58,0.737,,,,
OWID_WRL,,World,2022-03-05,445129499.0,1361810.0,1515779.857,5995245.0,5443.0,7255.429,56524.627,172.929,192.481,761.304,0.691,0.921,,,,,,,,,,,,,,,,,,,10850794072.0,4976030953.0,4400787171.0,1423619924.0,21802756.0,21739909.0,137.79,63.19,55.88,18.08,2761.0,6258858.0,0.079,,7874965730.0,58.045,30.9,8.696,5.355,15469.207,10.0,233.07,8.51,6.434,34.635,60.13,2.705,72.58,0.737,,,,
YEM,Asia,Yemen,2022-03-01,11771.0,0.0,3.571,2135.0,0.0,1.571,386.053,0.0,0.117,70.021,0.0,0.052,0.43,,,,,,,,,,,,,,,,,,,,,,,,,,,,,,,,30490639.0,53.508,20.3,2.922,1.583,1479.147,18.8,495.003,5.35,7.6,29.2,49.542,0.7,66.12,0.47,,,,
YEM,Asia,Yemen,2022-03-02,11771.0,0.0,2.857,2135.0,0.0,0.714,386.053,0.0,0.094,70.021,0.0,0.023,0.43,,,,,,,,,,,,,,,,,,,,,,,,,,,,,,,,30490639.0,53.508,20.3,2.922,1.583,1479.147,18.8,495.003,5.35,7.6,29.2,49.542,0.7,66.12,0.47,,,,
YEM,Asia,Yemen,2022-03-03,11772.0,1.0,3.0,2135.0,0.0,0.714,386.086,0.033,0.098,70.021,0.0,0.023,,,,,,,,,,,,,,,,,,,,,,,,,,,,,,,,,30490639.0,53.508,20.3,2.922,1.583,1479.147,18.8,495.003,5.35,7.6,29.2,49.542,0.7,66.12,0.47,,,,
YEM,Asia,Yemen,2022-03-04,11774.0,2.0,2.143,2135.0,0.0,0.571,386.151,0.066,0.07,70.021,0.0,0.019,,,,,,,,,,,,,,,,,,,,,,,,,,,,,,,,,30490639.0,53.508,20.3,2.922,1.583,1479.147,18.8,495.003,5.35,7.6,29.2,49.542,0.7,66.12,0.47,,,,
YEM,Asia,Yemen,2022-03-05,11775.0,1.0,2.143,2135.0,0.0,0.286,386.184,0.033,0.07,70.021,0.0,0.009,,,,,,,,,,,,,,,,,,,,,,,,,,,,,,,,,30490639.0,53.508,20.3,2.922,1.583,1479.147,18.8,495.003,5.35,7.6,29.2,49.542,0.7,66.12,0.47,,,,
ZMB,Africa,Zambia,2022-03-01,312970.0,220.0,196.857,3953.0,1.0,1.0,16541.18,11.628,10.404,208.925,0.053,0.053,0.8,,,,,,,,,3232.0,3273345.0,173.004,0.171,2884.0,0.152,0.0683,14.7,tests performed,2888981.0,,1917408.0,,25849.0,20163.0,15.27,,10.13,,1066.0,,,,18920657.0,22.995,17.7,2.48,1.542,3689.251,57.5,234.499,3.94,3.1,24.7,13.938,2.0,63.89,0.584,,,,
ZMB,Africa,Zambia,2022-03-02,313203.0,233.0,187.857,3955.0,2.0,1.143,16553.495,12.315,9.929,209.031,0.106,0.06,0.8,,,,,,,,,3398.0,3276743.0,173.183,0.18,2864.0,0.151,0.0656,15.2,tests performed,,,,,,22361.0,,,,,1182.0,,,,18920657.0,22.995,17.7,2.48,1.542,3689.251,57.5,234.499,3.94,3.1,24.7,13.938,2.0,63.89,0.584,,,,
ZMB,Africa,Zambia,2022-03-03,313394.0,191.0,182.286,3957.0,2.0,1.429,16563.59,10.095,9.634,209.137,0.106,0.076,,,,,,,,,,,,,,,,,,,2971894.0,,1953475.0,,,26566.0,15.71,,10.32,,1404.0,,,,18920657.0,22.995,17.7,2.48,1.542,3689.251,57.5,234.499,3.94,3.1,24.7,13.938,2.0,63.89,0.584,,,,
ZMB,Africa,Zambia,2022-03-04,313613.0,219.0,177.0,3958.0,1.0,1.571,16575.164,11.575,9.355,209.189,0.053,0.083,,,,,,,,,,,,,,,,,,,,,,33684.0,,28828.0,,,,0.18,1524.0,,,,18920657.0,22.995,17.7,2.48,1.542,3689.251,57.5,234.499,3.94,3.1,24.7,13.938,2.0,63.89,0.584,,,,
ZMB,Africa,Zambia,2022-03-05,313744.0,131.0,161.857,3958.0,0.0,1.0,16582.088,6.924,8.555,209.189,0.0,0.053,,,,,,,,,,,,,,,,,,,3027612.0,,1983053.0,,,31090.0,16.0,,10.48,,1643.0,,,,18920657.0,22.995,17.7,2.48,1.542,3689.251,57.5,234.499,3.94,3.1,24.7,13.938,2.0,63.89,0.584,,,,
ZWE,Africa,Zimbabwe,2022-03-01,236871.0,491.0,413.0,5395.0,0.0,1.0,15694.959,32.533,27.365,357.47,0.0,0.066,1.34,,,,,,,,,,,,,4063.0,0.269,0.1016,9.8,tests performed,7901360.0,4365856.0,3399915.0,135589.0,10409.0,9291.0,52.35,28.93,22.53,0.9,616.0,2991.0,0.02,,15092171.0,42.729,19.6,2.822,1.882,1899.775,21.4,307.846,1.82,1.6,30.7,36.791,1.7,61.49,0.571,,,,
ZWE,Africa,Zimbabwe,2022-03-02,237503.0,632.0,416.286,5396.0,1.0,1.143,15736.835,41.876,27.583,357.536,0.066,0.076,1.33,,,,,,,,,,2085373.0,138.176,,3827.0,0.254,0.1088,9.2,tests performed,7910740.0,4368726.0,3402434.0,139580.0,9380.0,9061.0,52.42,28.95,22.54,0.92,600.0,2962.0,0.02,,15092171.0,42.729,19.6,2.822,1.882,1899.775,21.4,307.846,1.82,1.6,30.7,36.791,1.7,61.49,0.571,,,,
ZWE,Africa,Zimbabwe,2022-03-03,237503.0,0.0,362.286,5396.0,0.0,0.857,15736.835,0.0,24.005,357.536,0.0,0.057,,,,,,,,,,,,,,3940.0,0.261,,,tests performed,7921113.0,4372925.0,3406482.0,141706.0,10373.0,8903.0,52.48,28.97,22.57,0.94,590.0,3043.0,0.02,,15092171.0,42.729,19.6,2.822,1.882,1899.775,21.4,307.846,1.82,1.6,30.7,36.791,1.7,61.49,0.571,,,,
ZWE,Africa,Zimbabwe,2022-03-04,238739.0,1236.0,467.429,5397.0,1.0,0.714,15818.731,81.897,30.972,357.603,0.066,0.047,,,,,,,,,,,2090217.0,138.497,,4053.0,0.269,,,tests performed,7930621.0,4374896.0,3408609.0,147116.0,9508.0,8603.0,52.55,28.99,22.59,0.97,570.0,2811.0,0.019,,15092171.0,42.729,19.6,2.822,1.882,1899.775,21.4,307.846,1.82,1.6,30.7,36.791,1.7,61.49,0.571,,,,
ZWE,Africa,Zimbabwe,2022-03-05,239019.0,280.0,459.429,5397.0,0.0,0.571,15837.284,18.553,30.442,357.603,0.0,0.038,,,,,,,,,,,,,,,,,,,,,,,,,,,,,,,,,15092171.0,42.729,19.6,2.822,1.882,1899.775,21.4,307.846,1.82,1.6,30.7,36.791,1.7,61.49,0.571,,,,
